1.77667e+09  -0.700666 -0.306162   1.62543  0.236643 -0.121358  -9.30857
1.77667e+09  -0.681491 -0.321075   1.61797  0.322453 -0.304444    -9.609
1.77667e+09  -0.655925 -0.327467   1.60093  0.485365 -0.296161  -9.18732
1.77667e+09  -0.425828  -0.41908   1.42516  0.49538 0.448572 -8.82524
1.77667e+09  -0.297996 -0.507497   1.23341 0.457035 0.532071 -9.96404
1.77667e+09  -0.548333 -0.454233   1.08747  0.75627  1.38184 -10.3772
1.77667e+09  -0.888152 -0.283791   1.10665 0.462055  1.43735 -9.95349
1.77667e+09  -0.807192 -0.260355   1.15672 0.546609  1.28576 -9.85302
1.77667e+09  -0.782691 -0.257159   1.15032  0.56743  1.32588 -9.61697
1.77667e+09  -0.764582 -0.242246   1.15778 0.446288  1.58061 -9.31666
1.77667e+09  -0.759255 -0.234789   1.17163 0.168492  1.50876 -9.68738
1.77667e+09  -0.761386 -0.240115   1.18228 0.104096  1.31273  -9.9727
1.77667e+09  -0.753929 -0.252898   1.18761 0.204055  1.12208 -10.2445
1.77667e+09  -0.729428 -0.252898   1.18441 0.289051  1.07698 -10.1015
1.77667e+09  -0.696405 -0.246507   1.18122 0.372786  1.11247 -9.47906
1.77667e+09  -0.676165 -0.243311   1.18122 0.222717  1.24724 -9.27121
1.77667e+09  -0.662316 -0.246507   1.18867 0.122747  1.15724 -9.43505
1.77667e+09   -0.65699 -0.249703   1.19613 0.0152837  0.813766  -9.89858
1.77667e+09  -0.638881 -0.248637    1.1972 0.051124 0.750588 -10.0274
1.77667e+09  -0.615445 -0.246507    1.1972 0.221555 0.724785 -9.76316
1.77667e+09  -0.589878 -0.246507    1.1908 0.306288  0.93851 -9.14144
1.77667e+09  -0.570704 -0.247572   1.18441 0.256598  1.10832 -8.97002
1.77667e+09  -0.563247 -0.251833   1.17696 0.128068  1.01867 -9.14089
1.77667e+09  -0.551529 -0.249703   1.18761 0.0779949  0.850651  -9.39059
1.77667e+09  -0.538746 -0.251833   1.19507 0.108056  0.81249 -9.86323
1.77667e+09  -0.513179 -0.250768   1.19933 0.221425 0.724415 -9.72735
1.77667e+09  -0.488678 -0.253964   1.18654 0.263939 0.814158 -9.48445
1.77667e+09  -0.471634 -0.255029   1.17802 0.22155 1.07554 -9.2132
1.77667e+09  -0.388543 -0.296574   1.10665 0.131976  1.19117 -9.96517
1.77667e+09  -0.561116 -0.436124  0.495186 -0.0993978    3.11379   -10.2083
1.77667e+09  -0.791213 -0.371143    0.5101 0.284306  3.37034 -9.18722
1.77667e+09  -0.866847 -0.317879  0.544188 0.106184  3.21226 -9.58672
1.77667e+09  -0.790148 -0.217745  0.572951 -0.515812   2.71947  -10.2906
1.77667e+09  -0.47483 -0.17833 0.542058 -0.505773   2.29329  -9.76609
1.77667e+09  -0.0913347  -0.157025   0.367355 -0.480945   2.56291  -8.29211
1.77667e+09   0.118522 -0.151698  0.242719 -0.441836   3.13343  -8.34479
1.77667e+09    0.205874 -0.0963045   0.162824 -0.930034   2.87159  -10.1316
1.77667e+09    0.141958  0.0730725 -0.0385111 -0.0315184     2.9345   -9.48463
1.77667e+09  -0.0998568   0.298909  -0.284587 -0.189022   2.94925  -9.38366
1.77667e+09  -0.202122  0.326605 -0.309088 -0.400384   3.25463  -9.75627
1.77667e+09  -0.257516  0.317018 -0.282457 -0.215345   3.06121  -9.84231
1.77667e+09  -0.218101  0.312757 -0.223867 -0.0805538    3.04304   -9.59226
1.77667e+09  -0.056181  0.257363 -0.148233 -0.325633   2.87104  -9.27524
1.77667e+09   0.119588  0.173207 -0.107753 -0.326149   3.18526  -8.63919
1.77667e+09    0.144089 -0.0121486 -0.0619469 -0.0962551    3.38993   -8.65549
1.77667e+09    -0.33315 -0.0707382 -0.0310542 -0.555885   3.38032  -10.0425
1.77667e+09    -0.51531 -0.0441066 -0.0385111 -0.00286336     3.25713    -8.99914
1.77667e+09  -0.198926 0.0815946 -0.203627 0.153784   3.6328 -8.24953
1.77667e+09   -0.21384 0.0688115 -0.165278 -0.283223   3.63337  -9.95177
1.77667e+09  -0.386413  0.130597  -0.13545 -0.105829   3.98581  -9.04462
1.77667e+09  -0.573899   0.12314 -0.123732 -0.340262   3.84477  -9.65875
1.77667e+09   -0.849803   0.141249 -0.0800564 -0.107541   3.81256  -8.83622
1.77667e+09   -0.913719   0.207296 -0.0757953 -0.284053   3.84147  -9.39405
1.77667e+09   -1.21732  0.279734 -0.104557 -0.562068   3.48837  -10.1432
1.77667e+09  -1.28656 0.275473 -0.33785 -0.0630048    3.10189   -8.41098
1.77667e+09   -1.08097  0.211557 -0.494444 -0.351524   3.38411  -9.22711
1.77667e+09  -0.769908  0.171077 -0.582861 -0.228833   3.44248  -9.47144
1.77667e+09  -0.501461  0.129532 -0.606297 0.137221  4.62206 -8.06736
1.77667e+09  -0.503592 0.0698767 -0.495509 -0.24375  4.97663 -8.89767
1.77667e+09  -0.729428 0.0613546 -0.366612 0.169608  5.06758  -8.4346
1.77667e+09   -0.89987 0.0592241 -0.238781 -0.329667   4.55608  -9.51137
1.77667e+09   -0.93822 0.0826599 -0.185518 -0.11132  4.60095 -8.54586
1.77667e+09   -1.16725   0.10503 -0.198301 -0.374651   4.74693  -8.62394
1.77667e+09   -1.41759  0.142315 -0.240911 -0.479742   4.73994  -9.22494
1.77667e+09   -1.44742  0.149772 -0.257956 -0.303553   4.44352  -8.99542
1.77667e+09   -1.15553   0.14338 -0.246238 -0.176329   5.06262  -7.63081
1.77667e+09  -0.812519 0.0251356 -0.207888 -0.00716322     4.99813     -7.0728
1.77667e+09  -0.531289 -0.155959 -0.218541 -0.103717   4.80563  -8.35339
1.77667e+09  -0.482287 -0.184721 -0.238781 -0.0947077    5.42122   -7.91199
1.77667e+09  -0.459916 -0.197505 -0.263282 -0.0372293    5.48467   -7.89821
1.77667e+09  -0.470569 -0.226267    -0.275 0.041056   5.5812 -7.65551
1.77667e+09  -0.470569 -0.236919 -0.261151 -0.242968   5.47696  -8.33401
1.77667e+09  -0.460981 -0.302966 -0.271804 -0.309284   5.30351  -8.04651
1.77667e+09  -0.453525 -0.291248 -0.265412 -0.217531   5.54487  -7.34616
1.77667e+09  -0.459916 -0.286987 -0.255825 -0.38086   5.6266  -7.5104
1.77667e+09  -0.481221 -0.298705 -0.263282 -0.784937   5.56973  -8.51792
1.77667e+09  -0.499331 -0.312553 -0.267543 -0.812767   5.48096  -8.86831
1.77667e+09  -0.500396 -0.314684 -0.270739 -0.53572  5.30514 -8.67559
1.77667e+09  -0.486548 -0.306162 -0.270739 -0.27459  5.31424 -7.73879
1.77667e+09  -0.470569 -0.301901 -0.276065 -0.253774   5.41748  -7.40274
1.77667e+09  -0.463112 -0.312553 -0.281391 -0.544919   5.49578  -7.80266
1.77667e+09  -0.467373 -0.334924  -0.27713 -0.743613   5.41054  -8.33127
1.77667e+09  -0.469504 -0.349837 -0.279261 -0.835724   5.21025  -8.86708
1.77667e+09  -0.468438 -0.353033 -0.283522 -0.523312   5.20141     -8.31
1.77667e+09  -0.463112 -0.344511  -0.29737 -0.361055   5.16573  -7.77355
1.77667e+09  -0.458851 -0.339185 -0.306958 -0.318696   5.36026  -7.32341
1.77667e+09  -0.467373 -0.350903 -0.308023 -0.474371   5.45038  -7.61663
1.77667e+09  -0.478026 -0.365816 -0.301631 -0.786361   5.32013  -8.50971
1.77667e+09  -0.485482 -0.379665 -0.298436 -0.693579    5.1926  -8.67435
1.77667e+09   -0.47696   -0.3786 -0.303762 -0.544385   5.21669  -8.38873
1.77667e+09  -0.457786 -0.373273  -0.31548 -0.289624   5.30524  -7.54532
1.77667e+09  -0.440741 -0.367947 -0.322937 -0.31101  5.41084 -7.39527
1.77667e+09  -0.440741 -0.374339 -0.321871 -0.608389   5.51987  -8.00297
1.77667e+09  -0.447133 -0.384991 -0.324002 -0.792659   5.34366  -8.71029
1.77667e+09  -0.455655 -0.404166 -0.328263 -0.728112   5.31563  -8.81792
1.77667e+09  -0.447133 -0.411623 -0.341046 -0.451553   5.27171    -8.282
1.77667e+09  -0.433285 -0.406296 -0.345307 -0.338635   5.30862  -7.82439
1.77667e+09  -0.425828 -0.393513 -0.347438 -0.381293   5.49909  -7.58864
1.77667e+09  -0.271364 -0.442515 -0.374069 -0.442164   5.71299  -8.21942
1.77667e+09  -0.398131 -0.355164 -0.331459 -0.241781   6.09069  -7.70636
1.77667e+09  -0.439676 -0.345576 -0.351699 -0.649855   5.97331  -7.68955
1.77667e+09   -0.35552 -0.355164 -0.336785 -0.48158  5.56252  -7.4237
1.77667e+09  -0.024223  -0.38073 -0.322937 -0.909299    5.6469  -7.59382
1.77667e+09   0.163263 -0.423341  -0.33572 -0.862057   5.44205  -7.13488
1.77667e+09   0.319857 -0.496844 -0.384722 -1.44204  5.62626  -8.5364
1.77667e+09   0.285769 -0.535193 -0.429463 -1.09159  5.68679 -8.51689
1.77667e+09   0.180308 -0.497909 -0.437985  -1.2606  5.93412 -8.83218
1.77667e+09  0.0993476 -0.489387 -0.399636 -0.957802   5.74994  -7.85898
1.77667e+09   0.106804 -0.478734 -0.392179 -0.865614   5.84522  -7.50892
1.77667e+09   0.112131 -0.471278 -0.397505 -1.11405  6.11203  -7.5661
1.77667e+09   0.105739 -0.482995  -0.39857  -1.3133  6.03221 -7.93001
1.77667e+09  0.0854992 -0.495779 -0.393244 -1.54787  5.77153 -8.69403
1.77667e+09   0.072716 -0.509627 -0.381526 -1.29856  5.78781 -8.43752
1.77667e+09  0.0759118 -0.504301 -0.383657 -1.08623  5.73775 -7.93707
1.77667e+09  0.0918908 -0.491518 -0.391114 -0.952201   5.85772   -7.2579
1.77667e+09   0.102543 -0.480865 -0.388983 -1.10823  6.01698 -7.34373
1.77667e+09   0.102543 -0.482995 -0.382591  -1.5201  6.00044 -8.10789
1.77667e+09  0.0940213 -0.490452 -0.375135 -1.51967  5.72105 -8.66532
1.77667e+09  0.0961518 -0.487257 -0.364482 -1.36331  5.66092 -8.51545
1.77667e+09       0.11 -0.478734  -0.35596 -1.06581  5.73465 -7.65787
1.77667e+09   0.122783 -0.472343 -0.353829 -1.04495  5.83099 -7.34327
1.77667e+09   0.122783 -0.475539  -0.35596 -1.39353   5.9582 -7.59273
1.77667e+09   0.111066 -0.484061 -0.351699 -1.71329  5.76311 -8.41389
1.77667e+09  0.0982824 -0.495779 -0.346372 -1.66308   5.6579 -8.62854
1.77667e+09   0.101478  -0.50004 -0.350634 -1.30759  5.55803 -8.27181
1.77667e+09   0.115327 -0.492583 -0.344242 -1.17314  5.58798 -7.85008
1.77667e+09   0.139828 -0.476604  -0.33785  -1.195 5.83253 -7.3497
1.77667e+09   0.149415 -0.464886 -0.331459 -1.62193  5.79288 -7.93466
1.77667e+09    0.15048 -0.473408  -0.33785 -1.77848    5.649 -8.34865
1.77667e+09    0.14835 -0.493648 -0.333589 -1.62859  5.45058 -8.60637
1.77667e+09   0.156872 -0.505366 -0.322937 -1.42977  5.38885 -8.34212
1.77667e+09   0.182438 -0.504301  -0.31548 -1.13993  5.36997 -7.48412
1.77667e+09   0.205874 -0.489387  -0.31548 -1.29672  5.56214 -7.30511
1.77667e+09   0.218657 -0.487257 -0.316545 -1.50306  5.52465 -7.61904
1.77667e+09   0.222918 -0.494713 -0.319741 -1.78121  5.15714 -8.35376
1.77667e+09   0.230375 -0.507497 -0.322937 -1.74548   5.0656 -8.49678
1.77667e+09   0.513735 -0.529867 -0.346372 -1.39233  5.05724 -7.33835
1.77667e+09   0.679917 -0.528802 -0.407093 -1.78246  5.35002 -7.70287
1.77667e+09   0.651155 -0.595913 -0.471008 -1.68097  5.31807  -8.1544
1.77667e+09   0.560607 -0.602305 -0.502966 -1.62483    5.504 -7.57538
1.77667e+09   0.500952 -0.608697 -0.504032 -1.91811  5.44291 -7.59517
1.77667e+09   0.489234 -0.602305 -0.505097  -2.2671  5.20414 -8.30143
1.77667e+09   0.474321 -0.606566 -0.507227 -2.18789  5.07882 -8.66653
1.77667e+09    0.47006 -0.617219 -0.501901 -1.98887  5.03871 -8.42385
1.77667e+09   0.474321 -0.628937 -0.505097   -1.727  5.05694 -7.68045
1.77667e+09   0.486039 -0.637459 -0.510423 -1.76982  5.17677 -7.50886
1.77667e+09     0.4903 -0.635328 -0.520011  -2.1042  5.23344 -7.84403
1.77667e+09   0.488169  -0.64172 -0.528533 -2.37469  4.94451  -8.6006
1.77667e+09   0.481778 -0.654503 -0.520011 -2.33179  4.85995 -8.73652
1.77667e+09   0.487104  -0.66409 -0.511488 -1.95567  4.76455 -8.14359
1.77667e+09   0.502018 -0.665156 -0.510423 -1.80716  4.77268  -7.6932
1.77667e+09   0.521192 -0.658764 -0.523206 -1.89267  5.01272 -7.38584
1.77667e+09   0.527584 -0.663025 -0.532794 -2.28333  5.05145 -7.99994
1.77667e+09   0.517997 -0.673678 -0.532794 -2.38268  4.92111 -8.39995
1.77667e+09   0.503083 -0.681135 -0.530663 -2.18303  4.70743 -8.60772
1.77667e+09   0.503083 -0.674743 -0.527467 -1.97686  4.69532 -8.32223
1.77667e+09   0.519062  -0.66196 -0.526402 -1.72829  4.91294 -7.54378
1.77667e+09   0.539302 -0.654503 -0.529598 -1.99902   5.0653 -7.54308
1.77667e+09   0.547824 -0.657699 -0.532794 -2.21239  5.02119 -7.89991
1.77667e+09   0.548889 -0.673678  -0.53599 -2.34693  4.80157 -8.59298
1.77667e+09   0.557411 -0.687526 -0.531729 -2.06959  4.65463 -8.43619
1.77667e+09   0.579782 -0.690722 -0.542381 -1.92075  4.67071  -8.0646
1.77667e+09   0.603218 -0.685396 -0.551969 -1.86444   4.9413     -7.4
1.77667e+09   0.616001 -0.681135 -0.553034 -2.00718  4.97128 -7.40659
1.77667e+09   0.623458 -0.687526 -0.543446 -2.36349  4.75315 -8.03412
1.77667e+09   0.628784 -0.703505 -0.534924 -2.34096  4.63678 -8.52072
1.77667e+09   0.645828 -0.718419  -0.53812 -2.19144  4.59165 -8.43533
1.77667e+09    0.67246 -0.720549 -0.540251 -1.95057  4.63237 -7.77784
1.77667e+09   0.701222 -0.708831 -0.544512 -1.95074  4.79323 -7.47774
1.77667e+09   0.714005 -0.698179 -0.549838 -2.19276  4.88954 -7.59869
1.77667e+09   0.716136 -0.696048  -0.55623 -2.41346  4.57139 -8.33389
1.77667e+09   0.721462 -0.700309  -0.55836 -2.39836  4.55951  -8.5774
1.77667e+09    0.73531 -0.709897 -0.557295 -2.12087  4.47615 -8.36358
1.77667e+09   0.759812 -0.710962 -0.553034 -1.98615  4.49986 -8.02777
1.77667e+09  0.919601 -0.72481 -0.55623 -2.41203  4.63859 -8.62779
1.77667e+09    1.09004 -0.754638 -0.579665 -2.13754  4.59579 -7.51181
1.77667e+09    1.21042 -0.817488 -0.618015 -2.74254  4.21581 -8.79628
1.77667e+09    1.38619 -0.855838 -0.627602  -2.6371   4.5535 -7.77414
1.77667e+09    1.40962 -0.848381 -0.645712 -2.92715  4.45252 -8.76055
1.77667e+09    1.39577 -0.851577 -0.642516 -2.96852  4.52742 -9.06859
1.77667e+09    1.38938 -0.860099  -0.63719 -2.75588   4.2888 -8.94691
1.77667e+09    1.38938 -0.855838 -0.643581 -2.50762  4.39332 -8.26108
1.77667e+09    1.39364 -0.847316 -0.642516 -2.50697  4.65473   -8.033
1.77667e+09    1.39258 -0.835598 -0.638255 -2.74966  4.59479 -8.21059
1.77667e+09     1.3766 -0.838794 -0.625472 -2.91366  4.41503 -8.59575
1.77667e+09    1.36169 -0.847316 -0.626537 -2.95431  4.45688  -9.1543
1.77667e+09    1.36169 -0.856903 -0.638255 -2.66389  4.23621 -8.77527
1.77667e+09    1.36382 -0.852642 -0.642516 -2.55058  4.27424 -8.42508
1.77667e+09    1.36062 -0.840924 -0.636124 -2.62797  4.70641 -8.08991
1.77667e+09    1.34358 -0.824945 -0.625472 -2.77761   4.6951 -8.23236
1.77667e+09    1.31908 -0.828141 -0.629733 -3.05553  4.34928 -8.99581
1.77667e+09    1.30097 -0.837729 -0.635059 -2.92609  4.32225  -9.2613
1.77667e+09    1.29031 -0.849446 -0.640385  -2.7486  4.28212 -8.99704
1.77667e+09    1.28925 -0.846251 -0.638255 -2.50826  4.27925  -8.2606
1.77667e+09    1.29138 -0.833467 -0.636124 -2.55783  4.47045 -8.08928
1.77667e+09    1.28286 -0.826011 -0.636124 -2.90597  4.57084 -8.50334
1.77667e+09    1.27114 -0.831337 -0.627602 -3.03394  4.23024 -9.22459
1.77667e+09    1.25942 -0.850512 -0.621211 -2.94831  4.15188 -9.31062
1.77667e+09    1.25836 -0.855838 -0.612689 -2.65748  4.14985 -8.70333
1.77667e+09    1.25836 -0.846251  -0.61908  -2.5726  4.26576 -8.27455
1.77667e+09     1.2509 -0.824945 -0.623341  -2.7152  4.49961 -8.00269
1.77667e+09    1.23598 -0.811097 -0.623341 -3.04955  4.34587 -8.67357
1.77667e+09    1.22427 -0.811097 -0.613754 -3.09913   4.1933 -9.03792
1.77667e+09    1.21894 -0.820684 -0.614819 -2.89236  4.08471 -9.07429
1.77667e+09    1.22107 -0.824945 -0.609493 -2.75086  4.03713 -8.74537
1.77667e+09    1.22533 -0.818554 -0.612689  -2.6448   4.2854 -8.03796
1.77667e+09    1.22853 -0.805771 -0.606297 -2.89411  4.36032 -8.15162
1.77667e+09    1.39897 -0.835598 -0.559425 -2.93487  3.49044 -8.10485
1.77667e+09    1.59178 -0.868621 -0.570078 -3.22154  3.02788 -8.60281
1.77667e+09    1.74305 -0.941059 -0.599905 -3.56148  3.70651 -8.41059
1.77667e+09    1.56515  -1.00711 -0.590318 -3.92323  3.74584 -9.11078
1.77667e+09    1.14757  -1.06783 -0.577535 -3.57445  3.87879  -8.5115
1.77667e+09    1.12307  -1.06463 -0.586057 -3.63113  4.00701 -8.44731
1.77667e+09    1.08898   -1.0625 -0.589253 -3.86681  3.72212 -8.93909
1.77667e+09    1.05489   -1.0657 -0.593514  -3.9295   3.6432 -9.51852
1.77667e+09     1.0208  -1.06783 -0.581796 -3.80858  3.56322 -9.48298
1.77667e+09    0.99417   -1.0657 -0.574339 -3.54662  3.46946 -8.93962
1.77667e+09   0.971799   -1.0625 -0.562621 -3.50372  3.62344 -8.70415
1.77667e+09   0.949429  -1.05611 -0.566882 -3.73829  3.84682 -8.71108
1.77667e+09   0.920666  -1.04972 -0.562621 -3.96638  3.49294 -9.43178
1.77667e+09    0.89297  -1.03906 -0.560491 -3.93012  3.39589 -9.73233
1.77667e+09   0.87273 -1.03267 -0.55836 -3.58822  3.26304 -9.61888
1.77667e+09   0.868469  -1.01989 -0.559425 -3.41823  3.21496 -9.26861
1.77667e+09   0.858881  -1.00284 -0.555164 -3.39006  3.50112  -8.7042
1.77667e+09   0.843967 -0.991127 -0.541316 -3.74583  3.60723 -8.97502
1.77667e+09   0.820532 -0.994322  -0.53812 -3.89557  3.43424 -9.33879
1.77667e+09   0.806683  -1.00071 -0.543446 -3.84539   3.1606 -9.81054
1.77667e+09   0.796031 -0.994322 -0.546642 -3.68876  3.12231 -9.70374
1.77667e+09    0.79177 -0.977278  -0.53599 -3.42632  3.19126 -9.03931
1.77667e+09   0.780052 -0.961299 -0.524272 -3.53366  3.36728 -8.72442
1.77667e+09   0.766203 -0.957038 -0.520011 -3.71153  3.36426 -8.95269
1.77667e+09   0.750224 -0.957038 -0.516815 -3.96042  3.08961 -9.73091
1.77667e+09   0.737441 -0.952777 -0.508293 -3.91724  3.00586 -9.94561
1.77667e+09   0.738506 -0.933602 -0.505097 -3.62622  2.86406 -9.60988
1.77667e+09   0.749159 -0.908036 -0.508293 -3.46326  3.10398 -8.83826
1.77667e+09   0.759812  -0.88247 -0.507227 -3.54174  3.22439 -8.68798
1.77667e+09   0.754485 -0.869686 -0.504032 -3.86225  3.11835 -9.15861
1.77667e+09   0.738506 -0.870752 -0.495509 -3.98323  2.95964 -9.55123
1.77667e+09   0.726788 -0.875013 -0.490183 -3.90382  2.91906  -9.8379
1.77667e+09    0.73318 -0.865425 -0.483792 -3.62791  2.83117 -9.18722
1.77667e+09   0.750224 -0.845185 -0.488053 -3.55723  2.94752 -8.78702
1.77667e+09   0.766203 -0.826011 -0.494444 -3.74241  3.16159 -8.62944
1.77667e+09    0.89297   -0.6822 -0.452899 -4.22888  2.60361 -9.36235
1.77667e+09    1.13159 -0.856903  -0.43692 -4.50449  2.74203 -8.01525
1.77667e+09   0.770464  -1.06463 -0.441181 -4.49168  2.12029 -8.57131
1.77667e+09   0.627719  -1.06356 -0.434789 -5.08904  2.14855 -9.35623
1.77667e+09   0.562738  -1.00178 -0.434789 -5.28306  2.11932 -9.10451
1.77667e+09   0.555281  -1.00178 -0.430528 -4.99151  2.02112 -8.84773
1.77667e+09   0.556346  -0.98367 -0.427333 -4.87833  2.02372 -8.51888
1.77667e+09   0.547824  -0.96556 -0.425202 -4.89956  2.29812 -8.14753
1.77667e+09   0.531845 -0.953842  -0.41668 -5.04165    2.344 -8.31173
1.77667e+09   0.514801 -0.961299 -0.413484 -5.31939  2.07586 -9.00389
1.77667e+09   0.505213 -0.967691 -0.410288 -5.23333  2.00573 -9.19738
1.77667e+09   0.514801  -0.96343 -0.415615 -5.10598  1.95873 -8.91136
1.77667e+09   0.528649 -0.941059 -0.411354 -4.95079  2.05666 -8.18924
1.77667e+09   0.460472 -0.779139 -0.382591 -4.89289  2.00203 -8.47575
1.77667e+09   0.435971 -0.638524 -0.384722 -5.27885  1.53561 -9.19521
1.77667e+09   0.488169 -0.609762 -0.344242 -5.07101  1.69724 -7.10581
1.77667e+09   0.386969 -0.720549 -0.319741 -5.75978  1.68154 -8.37706
1.77667e+09   0.258072 -0.802575 -0.300566 -5.20565  1.28088 -8.07735
1.77667e+09   0.244224  -0.80364 -0.300566 -5.17701  1.59646   -7.599
1.77667e+09   0.236767 -0.804705 -0.294174 -5.29807  1.60588 -7.70586
1.77667e+09   0.222918 -0.813227 -0.294174 -5.60428  1.33134 -8.44082
1.77667e+09   0.214396 -0.819619  -0.29737 -5.63895  1.32069 -8.75571
1.77667e+09   0.210135 -0.813227 -0.301631 -5.40444  1.18836  -8.5916
1.77667e+09     0.2112 -0.795118 -0.299501 -5.14956  1.27023 -7.79113
1.77667e+09     0.2112 -0.781269 -0.294174 -5.18504  1.47473 -7.54116
1.77667e+09   0.212266   -0.7834 -0.294174 -5.50548   1.5092 -7.81186
1.77667e+09   0.200548 -0.796183 -0.303762 -5.68355   1.3653 -8.20425
1.77667e+09   0.187765 -0.810032 -0.305892 -5.70396  1.27022  -8.6406
1.77667e+09    0.17072 -0.807901 -0.303762 -5.38491  1.16164 -8.09746
1.77667e+09   0.162198 -0.799379 -0.299501 -5.27888  1.21341    -7.69
1.77667e+09   0.157937 -0.787661 -0.306958 -5.39241   1.5606 -7.37579
1.77667e+09    0.15048 -0.789792 -0.300566 -5.57705  1.62887 -7.59716
1.77667e+09   0.146219 -0.795118  -0.29737    -5.84  1.40411 -8.36119
1.77667e+09   0.147285 -0.795118 -0.294174 -5.69046  1.27484 -8.41152
1.77667e+09   0.157937 -0.774878 -0.302697 -5.53438  1.29812 -8.05432
1.77667e+09   0.165394 -0.751442 -0.305892 -5.37857  1.53811 -7.28267
1.77667e+09    0.16859 -0.731202 -0.296305 -5.45683  1.65213 -7.20398
1.77667e+09   0.159002 -0.733333 -0.282457 -5.84788  1.63359 -7.79636
1.77667e+09   0.145154 -0.739724    -0.275 -5.99004  1.39867 -8.38192
1.77667e+09   0.138762 -0.740789    -0.275 -5.89791  1.30434 -8.31037
1.77667e+09   0.144089 -0.731202 -0.283522 -5.65032  1.30169 -7.60261
1.77667e+09   0.155807  -0.72481 -0.289913 -5.60773  1.48286 -7.23834
1.77667e+09   0.157937 -0.734398 -0.289913 -5.85686  1.69858 -7.18072
1.77667e+09   0.145154 -0.754638 -0.286718 -6.20535  1.54543  -7.8945
1.77667e+09   0.127044 -0.772747 -0.284587 -6.22618   1.4632 -8.19483
1.77667e+09   0.112131 -0.769552 -0.280326   -5.977  1.31075 -8.16678
1.77667e+09  -0.0370062  -0.531998  -0.265412 -5.65384  1.34719 -8.54807
1.77667e+09  -0.169099 -0.347707 -0.261151 -5.83992   1.2079  -8.6898
1.77667e+09  -0.0135704  -0.223071  -0.217475 -5.64536 0.783255   -7.801
1.77667e+09   0.236767 -0.197505 -0.225998 -5.32846 0.584379 -6.79915
1.77667e+09   0.444493 -0.267812 -0.269673 -5.75427 0.807479 -7.28495
1.77667e+09   0.445559 -0.277399 -0.261151 -5.86038 0.741456 -7.69235
1.77667e+09    0.44982 -0.294444 -0.268608 -5.75336  0.61364 -7.84273
1.77667e+09   0.465799  -0.29977 -0.278196 -5.44861 0.617417 -7.12096
1.77667e+09   0.475386 -0.295509 -0.290979 -5.37002 0.820066 -6.79993
1.77667e+09   0.473255 -0.289117  -0.29524 -5.55418  1.06509 -6.87881
1.77667e+09   0.465799 -0.293378 -0.290979 -5.72499 0.949491 -7.25704
1.77667e+09   0.463668 -0.306162 -0.289913 -5.90151 0.859131 -8.00057
1.77667e+09   0.474321 -0.314684 -0.290979 -5.66032  0.71136 -7.72901
1.77667e+09   0.484973 -0.316814  -0.29524 -5.51192 0.698097 -7.27853
1.77667e+09    0.49243 -0.307227 -0.299501 -5.43324  1.11144 -6.65044
1.77667e+09   0.489234 -0.300835 -0.296305 -5.56084  1.24191 -6.73628
1.77667e+09   0.482843 -0.305096 -0.302697 -5.90238  1.00395 -7.52852
1.77667e+09   0.478582 -0.321075 -0.311219 -5.95765 0.988907 -8.08676
1.77667e+09   0.479647 -0.330663 -0.314415  -5.8084 0.950018 -7.91547
1.77667e+09   0.488169 -0.330663 -0.311219 -5.49023 0.888009 -7.05026
1.77667e+09   0.500952 -0.326402 -0.308023 -5.47607  1.05586 -6.75025
1.77667e+09   0.499887 -0.325336  -0.31761 -5.78105    1.304 -7.01475
1.77667e+09   0.484973 -0.325336 -0.320806 -6.07228  1.05233 -7.90743
1.77667e+09   0.466864 -0.329597 -0.313349 -6.03649 0.925879 -8.12192
1.77667e+09   0.457276 -0.330663 -0.313349 -5.68871 0.782339 -7.67188
1.77667e+09   0.455146 -0.331728 -0.324002 -5.43351 0.935282 -6.85022
1.77667e+09   0.447689 -0.321075 -0.329328 -5.49013  1.09878 -6.75036
1.77667e+09   0.438102  -0.32001 -0.324002 -5.88755  1.17373 -7.41472
1.77667e+09   0.422123 -0.325336 -0.319741 -6.05786  1.08762 -7.88616
1.77667e+09   0.417862 -0.333858 -0.325067 -5.96492 0.911443 -8.17234
1.77667e+09   0.419992 -0.332793 -0.328263 -5.60327 0.906866 -7.38636
1.77667e+09   0.423188 -0.327467 -0.326132  -5.4897  1.02985 -6.97924
1.77667e+09   0.415731  -0.32001 -0.327198 -5.66006  1.27333 -6.92212
1.77667e+09   0.398687 -0.317879 -0.327198  -5.8803  1.25112 -7.32197
1.77667e+09   0.381643 -0.321075 -0.331459 -6.12146  1.06225 -8.12923
1.77667e+09   0.369925 -0.326402 -0.333589 -5.87236   0.9727  -7.9797
1.77667e+09   0.363533 -0.327467  -0.33572 -5.70946 0.959892 -7.58658
1.77667e+09   0.355011 -0.316814  -0.33572 -5.58875  1.24412 -6.92235
1.77667e+09   0.340097 -0.311488 -0.339981 -5.68081  1.35969 -6.97967
1.77667e+09   0.324118 -0.312553 -0.344242 -5.99304  1.24978 -7.77258
1.77667e+09   0.149415 -0.291248  -0.33785 -5.82939 0.860288 -8.17996
1.77667e+09   0.052476 -0.201766 -0.299501 -5.72359  0.89735 -7.72947
1.77667e+09  -0.00291774   -0.138915   -0.251564  -5.7738 0.897318  -7.6791
1.77667e+09  -0.00398301  -0.0696729   -0.191909 -5.75443 0.715836 -7.38483
1.77667e+09  -0.00398301   0.0368535    -0.11308  -5.7412 0.923127 -6.76272
1.77667e+09  -0.00504827   0.0389841   -0.107753 -6.09645 0.820249 -7.50532
1.77667e+09  -0.00611354   0.0325925   -0.104557 -6.22372 0.741214 -8.01282
1.77667e+09  -0.00185248   0.0421799   -0.101362 -6.10912 0.607533 -8.29211
1.77667e+09  0.00880016  0.0517672 -0.0981659 -5.93215 0.523811  -7.9489
1.77667e+09   0.0194528  0.0592241 -0.0939048 -5.69905 0.710163 -6.89095
1.77667e+09   0.0215833  0.0538978 -0.0896438 -5.87701 0.945394 -6.71918
1.77667e+09    0.016257  0.0528325 -0.0853827 -6.07598 0.880424 -7.14044
1.77667e+09   0.0077349  0.0624199 -0.0821869 -6.32374   0.6651 -8.14091
1.77667e+09   0.0109307  0.0783988 -0.0811216  -6.2592 0.594959 -8.31281
1.77667e+09   0.0247791  0.0986389 -0.0747301 -5.85462  0.51295 -7.66278
1.77667e+09   0.0343665   0.114618 -0.0694037 -5.64914 0.758469 -6.78397
1.77667e+09   0.0354318   0.122075 -0.0619469 -5.76291 0.887467 -6.74098
1.77667e+09    0.032236   0.114618 -0.0619469 -6.19669 0.778596 -7.51897
1.77667e+09   0.0279749    0.10503 -0.0640774 -6.32425 0.670673 -7.99054
1.77667e+09   0.0301055   0.106096 -0.0694037 -6.17455 0.478719 -8.18384
1.77667e+09   0.0354318   0.114618 -0.0736648 -5.79864 0.537056 -7.29077
1.77667e+09  0.0471497  0.126336 -0.070469  -5.7279 0.681628 -6.86204
1.77667e+09   0.0450192    0.12314 -0.0694037 -5.9342 0.83366 -6.8903
1.77667e+09   0.0354318   0.117814 -0.0662079 -6.13303 0.769061 -7.34738
1.77667e+09   0.0269097   0.113553 -0.0651427 -6.26691 0.558344 -8.21236
1.77667e+09   0.0375623    0.12527 -0.0619469 -6.00419 0.431677 -7.93384
1.77667e+09   0.0514107   0.148706 -0.0619469 -5.84843  0.48912 -7.43355
1.77667e+09   0.0599329   0.171077 -0.0630122 -5.76384 0.744509 -6.70458
1.77667e+09   0.0471497   0.178534 -0.0587511 -5.89894 0.803905 -6.80442
1.77667e+09   0.0215833   0.166816 -0.0523595 -6.28924 0.696321 -7.74734
1.77667e+09  0.00453911   0.157228 -0.0523595 -6.27427 0.487639 -8.26216
1.77667e+09  0.00666963   0.157228 -0.0608816 -6.08959 0.440532 -8.01939
1.77667e+09   0.0215833   0.174273 -0.0672732 -5.76368 0.604665 -6.96897
1.77667e+09   0.0226486   0.182795 -0.0640774 -5.74997 0.743184 -6.59006
1.77667e+09  0.00666963   0.178534 -0.0587511 -6.08442 0.799624 -6.90374
1.77667e+09  -0.0167662   0.162555 -0.0512942 -6.39612 0.621093 -7.95418
1.77667e+09  -0.0167662   0.162555 -0.0512942 -6.33872 0.501931 -8.20461
1.77667e+09  -0.0284841   0.167881 -0.0523595 -5.93345 0.442942 -7.71223
1.77667e+09  -0.0263536   0.190252 -0.0555553 -5.76317 0.564039 -7.17648
1.77667e+09  -0.0295494     0.2041 -0.0587511 -5.78522 0.829084 -6.59024
1.77667e+09  -0.0465936   0.197708 -0.0619469 -6.16161 0.825485 -7.26154
1.77667e+09  -0.148859  0.177468 -0.050229 -6.24499  0.72085  -8.0914
1.77667e+09    -0.13288   0.158294 -0.0257279 -5.96816 0.319928 -8.19136
1.77667e+09   0.0897603   0.166816 -0.0662079  -5.92161 -0.223651  -8.06759
1.77667e+09    0.698026 0.00383034  -0.201497  -5.97763 -0.913735  -7.47007
1.77667e+09   0.998431 -0.212418 -0.395375  -6.05952 -0.382732  -7.72251
1.77667e+09     1.0208 -0.215614 -0.399636  -5.75389 -0.116874  -6.83712
1.77667e+09    1.03678 -0.213484 -0.406027  -5.7534 0.130059  -6.5875
1.77667e+09     1.0485 -0.219875 -0.409223 -6.01604 0.193822  -6.9875
1.77667e+09     1.0485 -0.242246 -0.430528 -6.17172 0.136601 -7.50927
1.77667e+09    1.04743 -0.267812 -0.448638 -6.24052 0.179987 -8.18944
1.77667e+09    1.05489 -0.285922 -0.464617 -5.93526 0.101029 -7.73945
1.77667e+09    1.06874 -0.285922 -0.474204 -5.77146 0.273213 -7.31129
1.77667e+09    1.08259 -0.277399   -0.4774 -5.74904 0.675671 -6.95501
1.77667e+09    1.08365 -0.274204 -0.480596 -5.87003 0.601101 -7.21191
1.77667e+09    1.07513 -0.289117 -0.489118 -6.16003 0.486228 -8.23407
1.77667e+09    1.05702 -0.313618 -0.501901 -6.05135 0.531519 -8.57853
1.77667e+09    1.04743 -0.331728 -0.513619 -5.86005 0.426714 -8.27827
1.77667e+09     1.0453 -0.335989 -0.522141 -5.60441 0.672116 -7.43551
1.77667e+09    1.04956 -0.327467 -0.526402 -5.64641 0.934615 -7.27169
1.77667e+09    1.04637 -0.322141 -0.537055 -5.96642 0.872089 -7.81411
1.77667e+09    1.02932 -0.325336 -0.545577 -6.15691 0.719632  -8.7435
1.77667e+09    1.00908 -0.334924 -0.551969 -6.06358 0.741004 -8.82999
1.77667e+09   0.992039  -0.34025 -0.548773 -5.70911 0.680278 -8.12251
1.77667e+09   0.983517 -0.335989 -0.548773 -5.59578 0.781507 -7.67949
1.77667e+09   0.974995 -0.328532  -0.55836 -5.71576  1.17986 -7.48004
1.77667e+09   0.952624 -0.326402 -0.564752 -6.06336  1.08538 -8.35161
1.77667e+09   0.920666 -0.334924 -0.565817 -6.10544 0.940747 -8.80196
1.77667e+09   0.891904 -0.343446 -0.561556 -5.87724 0.838931 -8.82415
1.77667e+09   0.880186  -0.34025 -0.561556 -5.68554 0.868546 -8.42418
1.77667e+09   0.867403 -0.331728 -0.563686 -5.50833  1.11523 -7.63118
1.77667e+09    0.85249 -0.325336 -0.564752 -5.77138  1.21992 -7.85232
1.77667e+09   0.824793 -0.327467 -0.565817   -5.963  1.14842 -8.33804
1.77667e+09   0.799226  -0.34025 -0.571143  -6.0257 0.936188  -9.1246
1.77667e+09   0.776856 -0.343446 -0.571143 -5.90467 0.870544 -9.09627
1.77667e+09   0.758746 -0.339185 -0.575404 -5.60689 0.952072 -8.30317
1.77667e+09   0.487104 -0.253964 -0.539185 -5.57222  1.20126  -7.6169
1.77667e+09    0.25168  -0.13785 -0.427333 -5.83119   1.0095 -7.44296
1.77667e+09   0.0290402 -0.0877824  -0.278196 -5.82663  0.74951 -7.12681
1.77667e+09   -0.120097   0.014483 -0.0853827 -6.08754 0.334733 -6.75858
1.77667e+09   -0.123293   0.054963 -0.0150753 -6.11015 0.135171 -6.74332
1.77667e+09  -0.123293 0.0656157  -0.01401 -6.41613 0.148928 -7.09277
1.77667e+09   -0.129684  0.0613546 -0.0150753  -6.59349 0.0491399  -7.61426
1.77667e+09    -0.138206    0.050702 -0.00655314  -6.59926 -0.143296  -8.30091
1.77667e+09    -0.138206   0.0496367 -0.00655314  -6.43565 -0.203192  -8.17973
1.77667e+09    -0.128619   0.0602893 -0.00868367   -6.13101 -0.0944767   -7.26503
1.77667e+09   -0.123293  0.0730725 -0.0161405 -6.16703 0.136544 -6.82182
1.77667e+09    -0.13288  0.0847904 -0.0118795 -6.31617 0.126639 -7.10033
1.77667e+09     -0.15312   0.0890515 0.000903707  -6.57814 -0.046214  -8.05793
1.77667e+09  -0.170164 0.0879862 0.0136869  -6.55644 -0.150917  -8.29393
1.77667e+09  -0.172295 0.0933125 0.0179479  -6.24396 -0.215686  -7.84404
1.77667e+09   -0.165903  0.0965083 0.00836056   -6.07435 0.00871883   -6.95781
1.77667e+09    -0.157381     0.10503 -0.00442261 -6.13859 0.100767 -6.83613
1.77667e+09    -0.156316    0.103965 -0.00442261   -6.45822 -0.0027559   -7.55025
1.77667e+09   -0.161642    0.10503 0.00836056  -6.55702 -0.103458   -8.0578
1.77667e+09  -0.165903  0.103965 0.0104911  -6.39255 -0.287161  -8.37295
1.77667e+09   -0.166968   0.109292 0.00942582  -6.05894 -0.219721  -7.63009
1.77667e+09   -0.161642   0.124205 0.00196897   -5.99539 -0.0892634   -7.20843
1.77667e+09   -0.158446   0.139119 0.00303424   -6.2166 0.0260753  -7.12189
1.77667e+09    -0.166968    0.147641 -0.00655314   -6.40851 -0.0322055   -7.50741
1.77667e+09    -0.180817    0.146576 -0.00548788  -6.55682 -0.236173  -8.32222
1.77667e+09    -0.1936  0.147641 0.0040995  -6.25071 -0.354793  -8.17285
1.77667e+09  -0.190404  0.158294 0.0136869  -6.08047 -0.317988  -7.75848
1.77667e+09  -0.181882  0.173207 0.0136869  -5.98187 -0.112644  -7.02937
1.77667e+09   -0.181882   0.182795 0.00942582   -6.27347 -0.0917496   -7.39325
1.77667e+09   -0.189339    0.18386 0.00303424  -6.42229 -0.163891   -7.8577
1.77667e+09    -0.202122    0.177468 0.000903707  -6.40662 -0.279373  -8.42304
1.77667e+09    -0.209579    0.171077 -0.00335735  -6.25733 -0.325168   -8.2732
1.77667e+09    -0.207448    0.175338 -0.00442261  -5.92426 -0.245249  -7.35852
1.77667e+09  -0.240472  0.230732  -0.01401  -6.30729 -0.226279  -8.13729
1.77667e+09  -0.307583  0.434197 0.0243395  -5.82958 0.0395393   -7.4103
1.77667e+09  -0.303322  0.488526 0.0168827   -6.10607 -0.0496236   -8.17482
1.77667e+09  -0.224493  0.590791 0.0115564   -5.708  0.10876 -7.32525
1.77667e+09    -0.108379    0.738863 -0.00761841  -5.94129 -0.225456  -8.56161
1.77667e+09   0.114261   0.96896 -0.029989  -5.40695 0.0943934   -7.5988
1.77667e+09    0.193091    1.14153 -0.0630122   -5.18208 -0.0806738   -8.80227
1.77667e+09  0.0695202    1.3908 -0.029989 -5.26024 0.475601 -8.05942
1.77667e+09  -0.131815   1.42702  0.148975  -4.9388 0.857911 -7.41807
1.77667e+09  -0.076421   1.42915  0.254437   -5.212 0.147312 -8.07262
1.77667e+09  -0.0732252     1.4217   0.250176  -5.31128 0.0172028  -8.49411
1.77667e+09  -0.0625725    1.41318    0.24698  -5.20453 -0.251718  -8.78713
1.77667e+09  -0.0455283    1.41744   0.255502  -5.03391 -0.269946   -8.5659
1.77667e+09  -0.0210272    1.43555   0.260828  -4.84961 -0.107695  -7.88715
1.77667e+09  -0.000787216      1.45898      0.26722    -5.04182 -0.00548451    -7.93676
1.77667e+09  0.0130612    1.4739  0.272546   -5.19809 -0.0713912    -8.3081
1.77667e+09  0.0226486   1.48668  0.274677  -5.26854 -0.355437  -9.03703
1.77667e+09  0.0396928   1.49414  0.271481 -5.14003 -0.44826  -9.1447
1.77667e+09  0.0716508   1.50159   0.26935  -4.77703 -0.420909  -8.68827
1.77667e+09  0.104674  1.50585 0.260828  -4.69916 -0.234372  -8.18814
1.77667e+09  0.133436  1.51544 0.254437  -4.82733 -0.217747    -8.295
1.77667e+09  0.147285   1.5229 0.243784  -5.14745 -0.427914  -9.03732
1.77667e+09  0.157937  1.52503 0.238458  -5.16868 -0.595474  -9.35878
1.77667e+09  0.176047  1.52183 0.233131  -4.90513 -0.733804  -9.33086
1.77667e+09  0.201613  1.53142 0.221413  -4.65666 -0.565569  -8.60233
1.77667e+09  0.227179  1.55912   0.2065  -4.65678 -0.418596  -8.33797
1.77667e+09  0.243158  1.58894 0.199043 -4.89163  -0.4065 -8.59467
1.77667e+09  0.262333  1.61344 0.191586  -5.01935 -0.514868  -9.02327
1.77667e+09  0.283638  1.63049 0.184129  -4.96874 -0.808339  -9.64533
1.77667e+09  0.304944  1.65179 0.170281 -4.63413 -0.87837 -9.39605
1.77667e+09     0.51054    1.99481 -0.0853827   -4.43801 -0.0223427   -8.94224
1.77667e+09    0.205874    1.92024 -0.0385111 -3.87811  1.12282 -7.83974
1.77667e+09  -0.538746   1.82117  0.132996 -3.77008 0.485756 -9.06937
1.77667e+09  -0.218101   1.83822  0.154302  -3.00325 -0.539187  -9.26941
1.77667e+09    0.396556    2.03103 0.00729529  -2.90972 -0.706675  -9.70601
1.77667e+09     0.421057     2.02677 -0.00335735  -2.97396 -0.797025  -9.87003
1.77667e+09     0.448754      2.0289 -0.00548788 -2.84579 -0.77154  -9.6989
1.77667e+09    0.476451    2.03955 -0.0172058  -2.74611 -0.605191  -9.33485
1.77667e+09    0.499887     2.0502 -0.0267932  -2.68239 -0.228691  -8.57763
1.77667e+09    0.508409    2.04914 -0.0449027   -2.86015 -0.0981024   -8.62743
1.77667e+09    0.320923    1.84567 -0.0715343 -2.43969 0.946171 -8.66247
1.77667e+09  -0.352324   1.63262  0.078668 -2.02479 0.360997 -9.68615
1.77667e+09  -0.196796   1.57616 0.0296658 -1.48661 -0.26172 -9.27086
1.77667e+09   0.234636   1.54101 -0.118406  -1.09029 -0.501172  -8.55569
1.77667e+09   0.253811   1.31198 -0.131189 -1.18811 0.964801 -8.89071
1.77667e+09  0.00134331    1.09786  0.0147521 -0.694831  0.630774  -9.45749
1.77667e+09  -0.110509   1.03714 0.0680154 -0.694016 0.0227516  -10.6366
1.77667e+09  -0.0359409    1.15005  0.0392532  -0.325011 -0.0303917    -9.9865
1.77667e+09  -0.00398301     1.09147  -0.0204016 -0.296506  0.137469  -9.70089
1.77667e+09  -0.0870736    1.01051 -0.0353153 -0.486587  0.428156  -10.0521
1.77667e+09   -0.114771   0.993461 -0.0427721 -0.422163  0.350663  -10.2024
1.77667e+09   -0.131815   0.986004 -0.0480985 -0.164739  0.530999  -9.96097
1.77667e+09   -0.150989     0.9892 -0.0512942 -0.100715  0.669846  -9.66109
1.77667e+09   -0.168034   0.996657 -0.0480985 -0.207799  0.818531  -9.46066
1.77667e+09     -0.1936   0.994526 -0.0385111 -0.442169  0.761854  -9.96057
1.77667e+09   -0.218101   0.983874 -0.0257279 -0.484487  0.679685  -10.2465
1.77667e+09   -0.241537   0.973221 -0.0182711 -0.363066  0.566063  -10.4041
1.77667e+09    -0.25432   0.974286 -0.0172058 -0.135304  0.764655  -9.83319
1.77667e+09   -0.273495   0.975351 -0.0225321 -0.128396  0.918244  -9.52592
1.77667e+09   -0.300126   0.966829 -0.0214668 -0.349267   1.04858  -9.51105
1.77667e+09   -0.336345   0.952981 -0.0118795 -0.491633  0.967388  -9.79647
1.77667e+09    -0.362977    0.932741 -0.00335735 -0.555285  0.703326  -10.3966
1.77667e+09    -0.37363   0.921023 0.00303424 -0.305851  0.600708  -10.3616
1.77667e+09   -0.383217   0.919958 0.00196897 -0.192162  0.674903  -10.0617
1.77667e+09   -0.398131   0.933806 0.00729529 -0.22081 0.983684 -9.56154
1.77667e+09  -0.424762  0.941263 0.0158174 -0.334612   1.03544  -9.63281
1.77667e+09  -0.448198  0.937002 0.0254048 -0.554942  0.837598  -10.2826
1.77667e+09  -0.463112  0.918892 0.0307311 -0.43319 0.577595 -10.7619
1.77667e+09  -0.469504   0.91037 0.0413838 -0.290762  0.532685  -10.6908
1.77667e+09  -0.479091  0.909305 0.0477753 -0.127749  0.709626  -10.0335
1.77667e+09   -0.49507  0.917827 0.0509711 -0.149521  0.842179  -9.73318
1.77667e+09  -0.519571  0.914631 0.0499059 -0.349427  0.823631  -9.81805
1.77667e+09  -0.544072  0.909305 0.0541669 -0.491558  0.560706  -10.4536
1.77667e+09   -0.55792  0.907175 0.0669501 -0.419992  0.455071  -10.6469
1.77667e+09  -0.558986  0.912501 0.0776027 -0.185152  0.435919  -10.3973
1.77667e+09  -0.550464  0.923153 0.0893207 -0.107296  0.524202  -10.0472
1.77667e+09  -0.545137  0.926349 0.0978428 -0.158196   0.68355  -9.55345
1.77667e+09  -0.548333  0.916762  0.104234 -0.315127  0.517536  -9.89573
1.77667e+09  -0.549398  0.900783  0.108495 -0.350673  0.350041    -10.21
1.77667e+09  -0.540876  0.878412  0.112756 -0.179317  0.151491  -10.4749
1.77667e+09  -0.523832  0.875217  0.109561 -0.0512664   0.155588   -10.3037
1.77667e+09  -0.502527  0.880543  0.109561 0.0829997  0.290254  -9.66758
1.77667e+09  -0.489744  0.889065  0.115952 -0.0668749   0.418562   -9.52415
1.77667e+09  -0.479091  0.883739   0.12767 -0.166372  0.372003  -9.75263
1.77667e+09  -0.467373  0.873086  0.132996 -0.208754  0.100233   -10.317
1.77667e+09  -0.448198  0.870956   0.12767  -0.137513 -0.0133471   -10.4315
1.77667e+09  -0.423697  0.870956  0.129801  0.0754439 -0.0475861   -10.0815
1.77667e+09  -0.00504827    0.879478    0.123409  0.451942 -0.422522  -10.0317
1.77667e+09    0.481778    1.07655 0.00729529 0.354772 0.695106 -9.09053
1.77667e+09  -0.0359409   0.972156  0.0254048 0.266288  1.17864 -9.57191
1.77667e+09  -0.381087  0.932741 0.0104911   1.2237 0.236275 -8.97833
1.77667e+09    0.0141265    0.810235 -0.00868367   1.56658 0.0290721  -9.25844
1.77667e+09    0.208005   0.772951 -0.0480985    1.34836 -0.0154252   -10.2598
1.77667e+09   0.255941  0.702644 -0.100296  1.07179 0.610745 -9.88145
1.77667e+09  -0.060442  0.575877 -0.104557 1.01714 1.27092 -9.5545
1.77667e+09  -0.547268  0.427806 -0.070469  1.18984  1.16743 -10.0491
1.77667e+09     -1.0064   0.381999 -0.0470332  1.46338   1.2195 -10.5161
1.77667e+09    -1.44529    0.38413 -0.0672732  1.61929 0.884523  -10.673
1.77667e+09   -1.76167  0.388391 -0.101362 1.88003 1.19418 -9.1574
1.77667e+09   -1.75421  0.331932 -0.110949  2.10742 0.900613  -9.2504
1.77667e+09   -1.61786  0.238188 -0.118406  1.98632  1.00814 -9.19296
1.77667e+09   -1.44102  0.167881 -0.123732  1.46463  1.24471 -8.82615
1.77667e+09   -1.42718  0.149772 -0.127993  1.45027 0.950017 -9.26885
1.77667e+09   -1.40054  0.135923 -0.138646  1.74273 0.987715 -9.05561
1.77667e+09   -1.37391  0.130597 -0.139711  1.82089  1.11194 -8.73425
1.77667e+09   -1.34728   0.12314 -0.138646  1.70663  1.36586 -8.36236
1.77667e+09   -1.33237  0.115683 -0.134385   1.5714  1.41085 -8.44781
1.77667e+09   -1.32171 0.0943778 -0.132254  1.36493  1.23967 -8.93305
1.77667e+09   -1.31213 0.0581588 -0.132254  1.57153 0.990275 -9.14071
1.77667e+09   -1.29508 0.0240704 -0.129059  1.73554  1.02974 -8.97697
1.77667e+09    -1.26313 0.00809139  -0.137581  1.87078  1.32155 -8.37014
1.77667e+09    -1.23649 0.00596086  -0.142907 1.82075 1.44829 -8.1699
1.77667e+09      -1.22051 -0.000430722    -0.149299  1.57884  1.46774 -8.44092
1.77667e+09    -1.21412 -0.0185402  -0.143972  1.47966  1.22563 -9.06246
1.77667e+09   -1.03729 -0.125067 -0.148233 1.97231 1.29673 -8.8217
1.77667e+09  -0.887087 -0.204961 -0.158886  1.77512  1.73491 -8.95145
1.77667e+09  -0.513179 -0.310423 -0.140776  2.11163  1.76149 -9.08212
1.77667e+09   -0.258581  -0.353033 -0.0971006  2.19336  1.61529 -10.1847
1.77667e+09   -0.125423  -0.291248 -0.0512942  2.03868  2.08008 -10.1716
1.77667e+09  -0.108379 -0.284856 -0.050229  2.18025  2.10989 -9.74273
1.77667e+09   -0.101987  -0.273138 -0.0459679  2.18725  2.42508 -9.20698
1.77667e+09   -0.104118  -0.271008 -0.0406416  1.81066  2.50511 -9.69243
1.77667e+09   -0.116901  -0.277399 -0.0257279  1.68254  2.37453 -10.0422
1.77667e+09   -0.125423  -0.291248 -0.0118795  1.77519  2.16947 -10.2924
1.77667e+09    -0.122227   -0.296574 -0.00655314  1.94592  2.15154 -10.0998
1.77667e+09   -0.108379  -0.289117 -0.0161405  2.21512  2.23335 -9.30658
1.77667e+09  -0.0934652  -0.276334 -0.0193363  2.06607  2.53239 -9.12806
1.77667e+09  -0.0934652  -0.265682 -0.0108142  1.88131   2.5512 -9.39219
1.77667e+09     -0.100922    -0.262486 -0.000161557  1.63899  2.27484 -10.0129
1.77667e+09   -0.115836  -0.262486 0.00623003  1.68226  2.24747 -10.1634
1.77667e+09   -0.121162  -0.262486 0.00942582  1.95961   2.2409 -9.79232
1.77667e+09  -0.124358 -0.260355 0.0147521  2.12893  2.33118 -9.03444
1.77667e+09  -0.128619 -0.258225 0.0136869  2.06528  2.52311 -8.92034
1.77667e+09  -0.142467  -0.25929 0.0168827   1.7381  2.53076 -9.34843
1.77667e+09  -0.158446 -0.268877 0.0264701  1.59565   2.3932 -9.69807
1.77667e+09  -0.172295 -0.278465 0.0360574  1.66809  2.33917 -10.0563
1.77667e+09  -0.177621  -0.27953 0.0296658  1.98753  2.29483 -9.52056
1.77667e+09  -0.178686 -0.271008  0.022209  2.07248  2.36886 -9.17754
1.77667e+09  -0.188274 -0.267812 0.0200785 1.90245 2.69047 -9.0921
1.77667e+09  -0.212775 -0.273138 0.0264701  1.73184  2.68768 -9.34905
1.77667e+09  -0.245798 -0.286987 0.0371227  1.51813  2.36901 -10.0413
1.77667e+09  -0.270299 -0.297639 0.0477753   1.7397  2.31783 -10.1281
1.77667e+09  -0.282017 -0.297639 0.0477753  1.91721  2.29879 -9.83532
1.77667e+09  -0.293735 -0.290183  0.042449  2.02389  2.53481 -9.32121
1.77667e+09   -1.03516  -0.29977 0.0158174  1.73884  2.11895 -10.1989
1.77667e+09   -0.802931  -0.376469 -0.0204016  1.76347  1.76363 -9.64615
1.77667e+09   -0.276691  -0.474473 -0.0353153  1.62717  2.01605 -9.10943
1.77667e+09    0.181373  -0.531998 -0.0235974  1.69888  2.07216 -9.08854
1.77667e+09    0.483908  -0.509627 0.00303424  1.59312  2.58942 -8.68197
1.77667e+09   0.578717 -0.493648 0.0360574  1.36848  2.41376 -10.0909
1.77667e+09   0.589369 -0.426536 0.0456448  1.14766  2.43901 -10.2546
1.77667e+09   0.535041 -0.311488 0.0477753  1.56066  2.79555 -9.27705
1.77667e+09   0.360337 -0.174069 0.0605585 1.24148 2.88972 -9.8058
1.77667e+09   0.146219 -0.105892 0.0637543  1.15471  2.49479 -10.1403
1.77667e+09   0.134501 -0.098435 0.0669501  1.40394  2.44773 -9.96232
1.77667e+09    0.125979 -0.0760645  0.0658848  1.60941  2.41259 -9.51918
1.77667e+09    0.119588 -0.0515634  0.0573627  1.74329  2.53211 -8.79705
1.77667e+09    0.104674 -0.0451718  0.0435143  1.39479  2.62449 -9.12514
1.77667e+09    0.088695 -0.0632813  0.0467101  1.20268  2.53056 -9.51051
1.77667e+09   0.0759118 -0.0835213  0.0562975  1.17475  2.33626 -9.99653
1.77667e+09  0.0759118 -0.094174 0.0605585  1.29599  2.34139 -9.91838
1.77667e+09   0.0780423 -0.0845866  0.0616238  1.56548  2.45208 -9.16107
1.77667e+09    0.072716 -0.0686076  0.0541669   1.5793  2.67511 -8.68225
1.77667e+09   0.0535413 -0.0526287  0.0573627  1.42301  2.72841 -8.86074
1.77667e+09   0.0333012 -0.0515634  0.0562975  1.08901  2.56865 -9.63901
1.77667e+09   0.0215833 -0.0526287  0.0531017  1.06075  2.47164 -9.88195
1.77667e+09   0.0194528 -0.0515634  0.0531017  1.25989  2.41786 -9.69652
1.77667e+09   0.0269097 -0.0462371  0.0520364  1.39395  2.58001 -8.96024
1.77667e+09   0.0301055 -0.0387802  0.0520364  1.33668   2.6855 -8.76704
1.77667e+09   0.0247791 -0.0387802  0.0488406   1.017 2.73616  -9.224
1.77667e+09   0.0077349 -0.0462371  0.0488406  0.80402   2.5248 -9.95252
1.77667e+09  -0.00504827  -0.0568897   0.0562975 0.860957  2.43237 -10.0312
1.77667e+09  -0.00930933  -0.0547592   0.0616238  1.13769  2.42402 -9.48826
1.77667e+09  -0.00504827  -0.0441066    0.058428  1.22982   2.5542 -9.06674
1.77667e+09  -0.0114399 -0.0355844  0.0509711 1.08713  2.7948 -8.7591
1.77667e+09   -0.024223 -0.0355844  0.0477753   0.7527  2.65488 -9.38707
1.77667e+09  -0.0391367 -0.0462371  0.0509711 0.702929  2.50877 -9.68699
1.77667e+09  -0.040202 -0.057955 0.0562975 0.894918  2.30771 -9.73007
1.77667e+09  -0.0284841  -0.057955   0.058428  1.05797  2.28131 -9.40134
1.77667e+09  -0.0167662 -0.0515634  0.0552322  1.22765  2.46383 -8.60087
1.77667e+09  -0.0125051 -0.0462371  0.0467101 0.942979  2.58224 -8.75035
1.77667e+09  -0.0252883 -0.0611508  0.0403185 0.750938  2.49552 -9.14292
1.77667e+09  -0.0359409  -0.078195   0.038188 0.637366  2.23224 -9.77146
1.77667e+09   -0.040202 -0.0835213  0.0371227 0.744136  2.15983 -9.76452
1.77667e+09  -0.0284841 -0.0813908  0.0286006  1.06312  2.14928 -9.04992
1.77667e+09  -0.0252883 -0.0760645  0.0211437  1.11944  2.38482 -8.44247
1.77667e+09  -0.0274188 -0.0813908   0.022209 0.977156  2.42312 -8.56367
1.77667e+09  -0.0380715 -0.0888477  0.0243395 0.664061   2.1915 -9.30594
1.77667e+09  -0.0476588  -0.100566  0.0243395 0.621768  2.09537 -9.62043
1.77667e+09  -0.0529852  -0.110153  0.0211437  0.82823  1.97185 -9.59229
1.77667e+09  -0.0497894  -0.112283  0.0158174 1.11847 2.01023  -8.756
1.77667e+09  -0.0338104  -0.106957 0.00196897  1.13988  2.19234 -8.46325
1.77667e+09   -0.0306146   -0.106957 -0.00868367 0.855325  2.29003  -8.6771
1.77667e+09  -0.0210272   -0.11974 -0.0118795 0.677151   2.1318 -9.06227
1.77667e+09  -0.0188967  -0.138915 -0.0150753 0.599512  1.91786 -9.66971
1.77667e+09  -0.0071788  -0.148502 -0.0204016 0.904999   1.8115 -9.32703
1.77667e+09  -0.00398301   -0.148502  -0.0246626  1.06068  1.82661 -8.86954
1.77667e+09  0.000278048   -0.147437  -0.0278584  1.04641  2.12849 -8.40524
1.77667e+09   0.0663244  -0.223071 -0.0789911 0.684328  1.78105 -9.61943
1.77667e+09   0.181373 -0.268877 -0.151429  1.04796  2.15396 -8.79922
1.77667e+09   0.281508 -0.345576 -0.185518 1.06412 1.75225 -9.9506
1.77667e+09   0.426384 -0.379665 -0.227063  1.05666  1.85666 -9.70035
1.77667e+09   0.524388 -0.429732  -0.23452  1.15136  2.04327 -9.90927
1.77667e+09   0.539302 -0.424406 -0.243042  1.25748  2.13737 -9.45902
1.77667e+09   0.542498 -0.411623 -0.241977  1.07981  2.40854 -9.31605
1.77667e+09   0.547824 -0.411623 -0.246238  0.97978  2.32537 -9.45127
1.77667e+09   0.547824 -0.420145 -0.243042 0.915557  2.05968 -9.89385
1.77667e+09   0.555281 -0.428667 -0.246238 1.06599 2.09431 -9.9377
1.77667e+09   0.559542 -0.426536 -0.246238  1.15811  2.09118 -9.72331
1.77667e+09   0.563803 -0.422275 -0.248368  1.24966  2.16358 -9.22993
1.77667e+09   0.559542 -0.422275 -0.250499  1.17153  2.29201 -9.16563
1.77667e+09   0.556346 -0.433993 -0.246238 0.894136  2.29145 -9.53665
1.77667e+09   0.552085 -0.448907 -0.247303 0.865921  2.04724 -10.0225
1.77667e+09   0.555281 -0.454233 -0.247303 0.973168  2.04635 -10.0373
1.77667e+09   0.561672 -0.451038 -0.247303  1.18702  2.25317 -9.55941
1.77667e+09   0.568064 -0.444646 -0.247303  1.23656  2.36357 -9.25218
1.77667e+09   0.563803 -0.443581 -0.245172  1.14396  2.49161 -9.13767
1.77667e+09   0.557411 -0.447842  -0.25476 0.90241 2.36475 -9.7375
1.77667e+09    0.55102 -0.456364 -0.251564 0.881212  2.22534 -10.0233
1.77667e+09   0.557411 -0.462755 -0.252629  1.05198  2.06719 -10.0593
1.77667e+09   0.565933 -0.464886 -0.245172  1.15885  2.19151 -9.77386
1.77667e+09   0.570194 -0.455299 -0.244107 1.17248 2.49817 -9.1092
1.77667e+09   0.568064 -0.456364 -0.239846 0.879784  2.52293 -9.15799
1.77667e+09   0.556346 -0.471278 -0.238781 0.730389  2.44916 -9.46488
1.77667e+09   0.546759 -0.494713 -0.243042 0.674009  2.24852 -10.0009
1.77667e+09   0.538237 -0.512823 -0.243042 0.773685  2.17633 -10.0082
1.77667e+09   0.538237 -0.511758 -0.235585 0.965913  2.39688 -9.45866
1.77667e+09    0.53078 -0.508562 -0.229193 0.879905  2.64955  -8.9938
1.77667e+09   0.525453 -0.505366 -0.225998 0.758517  2.62296 -9.06471
1.77667e+09   0.511605 -0.512823 -0.220671 0.580603  2.46547  -9.5215
1.77667e+09   0.508409 -0.524541 -0.212149 0.587986  2.38891 -9.70741
1.77667e+09    0.51054  -0.54052 -0.205758 0.743963  2.22949 -9.60726
1.77667e+09   0.519062 -0.552238 -0.205758 0.822437  2.56508  -9.0433
1.77667e+09   0.513735  -0.56289 -0.204692 0.722628  2.71406 -8.87872
1.77667e+09   0.504148 -0.569282 -0.206823 0.415815  2.62021 -9.16327
1.77667e+09   0.488169 -0.568217 -0.211084 0.316337  2.51758 -9.48461
1.77667e+09   0.483908  -0.56289 -0.206823 0.388979  2.48517 -9.86438
1.77667e+09   0.480712 -0.558629  -0.19404 0.622834  2.38604 -9.46409
1.77667e+09   0.488169 -0.567151 -0.187648 0.665397  2.55309 -9.11409
1.77667e+09     0.4903 -0.585261 -0.180191 0.501724  2.87938 -8.79954
1.77667e+09   0.484973 -0.608697 -0.178061 0.387185  2.76769 -8.92026
1.77667e+09    0.47006 -0.626806 -0.170604 0.230271  2.44037 -9.51967
1.77667e+09   0.458342 -0.634263 -0.172734 0.352326   2.3987  -9.7421
1.77667e+09   0.458342 -0.636393 -0.172734 0.479833  2.32408  -9.5419
1.77667e+09   0.459407 -0.644916 -0.168473 0.593457  2.58751 -8.92768
1.77667e+09    0.44982 -0.666221 -0.164212 0.508203  2.75113 -8.81336
1.77667e+09   0.430645  -0.68433 -0.161016 0.229399  2.52206 -9.14762
1.77667e+09   0.413601 -0.700309 -0.157821  0.15918  2.40705 -9.67673
1.77667e+09   0.402948 -0.705636  -0.15356 0.252029  2.39196 -9.68429
1.77667e+09   0.404013 -0.717354 -0.151429  0.47786  2.24128 -9.11904
1.77667e+09    0.35075 -0.822815 -0.142907  0.44198   2.0097 -9.44016
1.77667e+09   0.287899 -0.964495 -0.149299 0.348721  1.68688 -9.84655
1.77667e+09   0.291095  -1.03374 -0.183387 0.126576  1.42072  -10.095
1.77667e+09   0.413601  -1.10298 -0.240911 0.0884148   1.13352  -9.86446
1.77667e+09  0.676721 -1.13707 -0.29524 0.117211 0.965473 -10.1862
1.77667e+09   0.707614  -1.14559 -0.304827 0.257955 0.957853 -9.58528
1.77667e+09    0.73318  -1.14772 -0.304827 0.215599  1.17022 -9.39976
1.77667e+09   0.748094  -1.15731 -0.305892 0.00923022    1.20982    -9.5851
1.77667e+09   0.758746  -1.16796 -0.313349 -0.118789  0.960271  -10.1492
1.77667e+09   0.772595  -1.18394 -0.331459 -0.0966539    1.01115   -10.2641
1.77667e+09   0.801357    -1.185 -0.343177 0.0449374     1.027   -9.8638
1.77667e+09   0.830119  -1.17329 -0.341046  0.12223 0.987397 -9.55609
1.77667e+09    0.85462  -1.15518 -0.333589 0.0867446   1.17787  -9.32754
1.77667e+09   0.869534  -1.15411 -0.329328 -0.197181   1.22825  -9.79183
1.77667e+09  0.880186 -1.16796 -0.33572 -0.268327   1.07551  -10.1203
1.77667e+09   0.905753  -1.18394 -0.348503 -0.175577  0.905794   -10.342
1.77667e+09   0.934515  -1.18394 -0.354895 -0.0901631   0.967121   -10.1493
1.77667e+09  0.962212 -1.17116 -0.35809 0.015785  1.15895 -9.49898
1.77667e+09   0.978191  -1.14772 -0.354895 -0.0984998    1.29352   -9.30562
1.77667e+09   0.979256  -1.14666 -0.359156 -0.25461   1.3333 -9.55567
1.77667e+09   0.977125  -1.16263 -0.364482 -0.446287   1.15641  -10.1913
1.77667e+09   0.986713    -1.185 -0.366612 -0.389339   1.04297  -10.3057
1.77667e+09    1.01547  -1.19672 -0.368743 -0.126046   1.10033  -9.89907
1.77667e+09    1.05276  -1.19246 -0.370874 -0.0413771    1.32089   -9.24873
1.77667e+09  1.07513 -1.1914 -0.3762 -0.119942   1.37089   -9.1841
1.77667e+09    1.07939  -1.19459 -0.381526 -0.390205   1.27201  -9.70513
1.77667e+09     1.0698  -1.20418 -0.383657 -0.468062   1.16969  -10.0767
1.77667e+09    1.07087  -1.20844 -0.390048 -0.375216   1.03533    -10.27
1.77667e+09    1.08259  -1.20205 -0.393244 -0.162534   1.17569  -9.56979
1.77667e+09    1.09537  -1.18927 -0.391114 -0.148433   1.39249  -9.17689
1.77667e+09     1.1007  -1.19033 -0.390048 -0.383786    1.5575  -9.05467
1.77667e+09    1.10176  -1.20524 -0.388983 -0.519075     1.455  -9.35435
1.77667e+09    1.10283  -1.22868 -0.390048 -0.624369   1.29309  -10.1409
1.77667e+09    1.10496  -1.23614 -0.388983 -0.425054   1.16965  -10.1127
1.77667e+09    1.11774  -1.22548 -0.392179 -0.297771   1.16454  -9.74095
1.77667e+09   1.12626 -1.20631 -0.39857 -0.255022   1.55662  -9.09111
1.77667e+09    1.13372  -1.19992 -0.402831 -0.375821   1.65798  -9.12674
1.77667e+09     1.1252  -1.21377 -0.401766 -0.59658   1.3607  -9.8119
1.77667e+09      1.122  -1.24146 -0.399636 -0.623065   1.32487  -10.4561
1.77667e+09    1.12094  -1.25744 -0.397505 -0.523714   1.25877  -10.3633
1.77667e+09    1.12839  -1.25638 -0.403897 -0.312007   1.29813  -9.54808
1.77667e+09    1.12307  -1.24679 -0.411354 -0.290987    1.4651  -9.16932
1.77667e+09    1.11348  -1.24892 -0.417745 -0.489959   1.63162  -9.22633
1.77667e+09    1.09004   -1.2617 -0.422006 -0.681352   1.33628  -10.1265
1.77667e+09    1.07833  -1.27449 -0.423072 -0.665642    1.3472  -10.5062
1.77667e+09    1.07833  -1.28514 -0.422006 -0.452733   1.14445  -10.4061
1.77667e+09    1.08578   -1.2894 -0.422006 -0.360981   1.18937  -10.0129
1.77667e+09   1.08791 -1.29686 -0.41668 -0.382814   1.53923  -9.35537
1.77667e+09     1.0762  -1.29686 -0.419876 -0.618688   1.41512  -9.53989
1.77667e+09   1.05489 -1.29899 -0.41881 -0.724983   1.34858  -9.89716
1.77667e+09    1.03678  -1.30538 -0.420941 -0.687533   1.36716  -10.3486
1.77667e+09    1.02506  -1.30644 -0.424137 -0.581283   1.29327  -10.1984
1.77667e+09    1.01121  -1.31177 -0.432659 -0.446889   1.50547  -9.47666
1.77667e+09   0.990974  -1.31497 -0.435855 -0.574988   1.81693  -9.14074
1.77667e+09   0.961147  -1.32562 -0.431594 -0.689359   1.69869  -9.31872
1.77667e+09   0.939841  -1.34053 -0.424137 -0.851779   1.58658  -10.0407
1.77667e+09   0.931319  -1.35545 -0.424137 -0.808025   1.62374  -10.2273
1.77667e+09   0.930254  -1.36503 -0.425202 -0.574222   1.52446  -9.81269
1.77667e+09   0.921732  -1.36716 -0.420941 -0.51069  1.87237 -9.04819
1.77667e+09   0.905753   -1.3693 -0.411354 -0.603234   2.02864  -8.90516
1.77667e+09   0.886578  -1.38527 -0.404962 -0.902622   1.87939  -9.35423
1.77667e+09  0.871664 -1.40445 -0.39857 -0.966122    1.7701  -9.75449
1.77667e+09   0.863142  -1.41723 -0.394309 -0.815403   1.74242  -9.97712
1.77667e+09   0.859946  -1.42788 -0.392179 -0.568067   1.68994  -9.27631
1.77667e+09    0.85249   -1.4396 -0.385787 -0.53302  1.81391 -8.89029
1.77667e+09   0.830119  -1.46091 -0.373004 -0.711085   1.98572  -8.78987
1.77667e+09   0.798161  -1.48221 -0.363417 -0.846389   1.86213  -9.11811
1.77667e+09   0.675656  -1.64946 -0.318676 -0.967178   1.17077  -10.3965
1.77667e+09   0.653285  -1.68887 -0.293109 -0.890811  0.623419  -10.6238
1.77667e+09   0.754485  -1.62283 -0.308023 -0.884429  0.354584  -10.8304
1.77667e+09  0.853555 -1.39806 -0.31548 -1.34815 0.641986 -10.6073
1.77667e+09   0.876991  -1.20631 -0.334655 -1.43248 0.934532 -10.5508
1.77667e+09   0.864207  -1.20524 -0.331459 -1.62466 0.672021  -11.179
1.77667e+09  0.861012 -1.19566 -0.33572 -1.56726 0.630022  -11.308
1.77667e+09   0.865273  -1.16796 -0.339981 -1.34705 0.652155 -10.9009
1.77667e+09    0.85462  -1.12961 -0.342111 -1.29727 0.826343 -10.5582
1.77667e+09   0.837576  -1.10191 -0.342111  -1.4331  1.06606 -10.1718
1.77667e+09   0.808814  -1.09339 -0.342111 -1.65475 0.892506 -10.4135
1.77667e+09   0.792835  -1.09552 -0.341046 -1.72571 0.831485 -10.6492
1.77667e+09   0.786443  -1.09126 -0.345307 -1.59738 0.780252 -10.6424
1.77667e+09   0.785378  -1.07635 -0.351699 -1.46301 0.732816 -10.3206
1.77667e+09    0.77366   -1.0593 -0.362351 -1.39933  1.10219  -9.5634
1.77667e+09   0.752355  -1.05185 -0.363417 -1.64186  1.33032 -9.33399
1.77667e+09   0.723593  -1.05504 -0.354895 -1.75658  1.18305 -9.46172
1.77667e+09   0.698026  -1.06783 -0.346372 -1.81237   1.1735 -9.86243
1.77667e+09   0.682047  -1.07102 -0.341046 -1.74083   1.2011 -9.84142
1.77667e+09   0.676721  -1.06037 -0.343177 -1.51409  1.19331 -9.30541
1.77667e+09   0.659677  -1.04865 -0.341046 -1.54203  1.57428 -8.89149
1.77667e+09   0.63411 -1.04119 -0.33785 -1.67741  1.63286 -8.91256
1.77667e+09  0.600022 -1.04439 -0.33572 -1.91314  1.34782 -9.39002
1.77667e+09    0.57339  -1.05078 -0.334655 -1.90479  1.37923 -9.67664
1.77667e+09   0.560607   -1.0593 -0.331459 -1.67651  1.29167 -9.69888
1.77667e+09   0.552085   -1.0625 -0.325067 -1.49255  1.31267 -9.14846
1.77667e+09   0.552085   -1.0625 -0.325067 -1.52794  1.49638 -8.95569
1.77667e+09   0.523323  -1.05824 -0.324002 -1.78501   1.4293 -9.11886
1.77667e+09   0.502018  -1.06889 -0.318676 -1.98396  1.20303 -9.79726
1.77667e+09   0.486039    -1.087 -0.309088 -1.93315  1.23283 -9.96951
1.77667e+09   0.467929  -1.09339 -0.301631 -1.66409 0.998565 -9.63328
1.77667e+09   0.467929  -1.09339 -0.301631 -1.57215  1.04401 -9.29018
1.77667e+09   0.414666   -1.0902 -0.308023 -1.65731  1.42538 -8.86166
1.77667e+09   0.381643  -1.09765 -0.310153 -1.94301  1.23218 -9.21036
1.77667e+09   0.352881  -1.11257 -0.305892 -2.01378  1.10157  -9.6105
1.77667e+09   0.337967  -1.12109 -0.299501 -1.86226  1.13931 -9.95514
1.77667e+09   0.337967  -1.12109 -0.299501 -1.69175  1.08566 -9.75525
1.77667e+09  0.317727 -1.11896 -0.29737 -1.50796  1.12723 -9.12613
1.77667e+09    0.29003  -1.12002 -0.292044  -1.6855  1.41979 -8.98324
1.77667e+09   0.255941  -1.12642 -0.290979 -1.83527  1.32389 -9.21843
1.77667e+09   0.222918  -1.14026 -0.282457 -1.92757  1.00381 -9.88981
1.77667e+09   0.222918  -1.14026 -0.282457 -1.83437 0.968667 -10.0262
1.77667e+09    0.18883  -1.14559 -0.286718 -1.59983 0.983754 -9.64069
1.77667e+09   0.173916  -1.13707 -0.293109 -1.55785  1.17019 -9.09742
1.77667e+09   0.147285  -1.13707 -0.285652 -1.67175  1.26377 -9.07576
1.77667e+09    0.10787  -1.15092 -0.286718 -1.94932   1.1224 -9.61807
1.77667e+09    0.10787  -1.15092 -0.286718 -1.96335  0.95492 -9.95388
1.77667e+09  -0.0540504   -1.10937  -0.249433 -1.92797 0.750119 -10.1752
1.77667e+09  -0.0572462   -1.00284  -0.202562 -2.04537 0.770557 -9.28672
1.77667e+09  -0.0348757  -0.959169  -0.210019 -2.50311 0.275872 -9.96273
1.77667e+09  -0.0593768  -0.935733  -0.271804 -2.49703 0.230654 -9.73342
1.77667e+09  -0.076421 -0.859034 -0.302697   -2.659 0.933614 -9.30586
1.77667e+09  -0.0828126  -0.846251  -0.301631 -2.85863 0.993043 -9.34809
1.77667e+09  -0.0955957  -0.846251  -0.298436 -2.98715 0.840268 -9.61895
1.77667e+09  -0.109444 -0.854773 -0.300566 -3.02142 0.781641 -10.1198
1.77667e+09   -0.11264 -0.861164 -0.300566 -2.92186 0.716132 -10.0842
1.77667e+09  -0.114771 -0.861164 -0.300566 -2.74559 0.672517 -9.48338
1.77667e+09  -0.121162 -0.852642 -0.303762 -2.82427  0.97473 -8.99012
1.77667e+09  -0.138206 -0.846251 -0.302697 -2.93864  0.97577  -8.9824
1.77667e+09  -0.157381 -0.848381 -0.303762 -3.16023 0.690147 -9.41696
1.77667e+09  -0.177621 -0.859034 -0.302697 -3.14544 0.656362 -9.61025
1.77667e+09    -0.1936 -0.870752 -0.303762 -2.88938 0.552191 -9.43204
1.77667e+09  -0.203187 -0.872882 -0.306958 -2.74058 0.729494 -8.79616
1.77667e+09  -0.214905 -0.866491 -0.310153 -2.80468 0.906131 -8.58174
1.77667e+09  -0.235145 -0.865425 -0.316545 -3.06893 0.874098 -8.68056
1.77667e+09  -0.259646 -0.869686 -0.311219 -3.19008 0.756974 -8.95877
1.77667e+09  -0.286278   -0.8846  -0.31548 -3.10313  0.71744 -9.35291
1.77667e+09  -0.301192 -0.889926 -0.313349 -2.85364  0.77635 -9.08225
1.77667e+09  -0.313975 -0.887796 -0.318676 -2.80367 0.916003 -8.84675
1.77667e+09  -0.328889 -0.883535  -0.31761 -2.98156  1.17953 -8.65361
1.77667e+09  -0.354455 -0.885665  -0.31761 -3.14558  1.14704 -8.80306
1.77667e+09  -0.390674 -0.899514 -0.309088 -3.28098 0.868823  -9.3455
1.77667e+09   -0.55792 -0.946385 -0.286718 -3.11769 0.443241 -9.70976
1.77667e+09  -0.241537 -0.991127 -0.219606   -3.03632 -0.0682272   -9.27836
1.77667e+09  0.382708 -1.00497 -0.19617  -3.59296 -0.165807  -9.65477
1.77667e+09   0.641567 -0.995388 -0.310153  -3.49511 -0.060793   -8.8751
1.77667e+09   0.519062  -1.00817 -0.409223 -3.57016  0.77092 -8.57025
1.77667e+09  0.509474  -1.0103 -0.41881 -3.81985 0.564147 -9.01933
1.77667e+09   0.493495  -1.02308 -0.417745 -3.87589 0.532838 -9.38414
1.77667e+09   0.477516  -1.04013 -0.412419 -3.76776 0.520426 -9.66391
1.77667e+09    0.47006    -1.038 -0.403897 -3.54844 0.427748  -9.1848
1.77667e+09   0.463668  -1.02415 -0.411354 -3.50544 0.624135  -8.9137
1.77667e+09   0.456211  -1.01243 -0.426267 -3.66906 0.845339 -8.77775
1.77667e+09   0.437036  -1.00924 -0.441181  -3.8054 0.613543 -8.98379
1.77667e+09   0.410405  -1.02308 -0.434789 -3.93957 0.514227 -9.59143
1.77667e+09   0.393361    -1.038 -0.426267 -3.74689 0.483533 -9.56361
1.77667e+09   0.385904  -1.04439 -0.429463  -3.6481 0.429835 -9.29174
1.77667e+09   0.385904  -1.03161 -0.435855 -3.59776 0.788052 -8.82083
1.77667e+09   0.376316  -1.01137 -0.432659 -3.69007 0.916915  -8.7851
1.77667e+09   0.359272 -0.994322 -0.425202 -3.91894 0.630991 -9.18382
1.77667e+09   0.333706 -0.991127 -0.424137 -3.86039 0.606291 -9.60652
1.77667e+09   0.314531 -0.992192 -0.434789 -3.73174 0.654202 -9.53574
1.77667e+09   0.303878 -0.982604 -0.433724 -3.51947 0.596943  -9.0281
1.77667e+09   0.298552 -0.977278  -0.43692 -3.52643 0.744876 -8.84965
1.77667e+09    0.29003 -0.970887 -0.437985 -3.73901 0.983643 -8.98565
1.77667e+09    0.26979 -0.979409 -0.443312 -3.89589 0.684469 -9.54939
1.77667e+09   0.246354 -0.982604 -0.437985 -3.84582 0.578894 -9.72822
1.77667e+09   0.155807 -0.883535 -0.400701 -3.98164 0.636214 -9.62753
1.77667e+09  0.0641939 -0.801509 -0.332524 -3.82767 0.485127 -8.95451
1.77667e+09  -0.0125051  -0.658764  -0.213214 -4.04436 0.473636 -8.33036
1.77667e+09   -0.19147  -0.60124 -0.143972 -4.43138 0.305847  -8.2848
1.77667e+09    -0.2948 -0.565021 -0.122667   -4.51648 -0.0702961   -9.05623
1.77667e+09  -0.293735 -0.565021 -0.132254  -4.29711 -0.162826  -8.59145
1.77667e+09  -0.301192 -0.545846 -0.131189   -4.24749 -0.0522089    -8.3057
1.77667e+09  -0.309714 -0.518149 -0.132254 -4.38223  0.21164 -8.18439
1.77667e+09  -0.321432 -0.497909 -0.129059   -4.6243 0.0482407  -8.69813
1.77667e+09  -0.332084 -0.493648 -0.130124   -4.64528 -0.0344338   -8.95549
1.77667e+09  -0.327823 -0.491518 -0.119471  -4.48858 -0.114611  -8.93445
1.77667e+09   -0.31504 -0.485126 -0.121602  -4.37535 -0.153967   -8.6842
1.77667e+09  -0.297996 -0.463821 -0.126928  -4.28316 0.0184691  -8.21272
1.77667e+09  -0.331019 -0.339185 -0.139711  -4.41023 -0.207317  -9.00606
1.77667e+09   -0.285213 -0.0877824  -0.138646 -4.58066 0.169244 -8.72033
1.77667e+09  -0.202122  0.203035 -0.110949   -4.51763 0.00360456    -8.6197
1.77667e+09  -0.0316799   0.434197   0.042449 -4.05671 0.129137 -7.41223
1.77667e+09  -0.133945  0.324475 0.0573627 -3.97016 0.151617 -7.59894
1.77667e+09  -0.174425  0.249906 0.0967775 -4.19523 0.241313 -8.47188
1.77667e+09  -0.159512  0.269081  0.138323 -4.07941 0.216351 -8.92351
1.77667e+09  -0.0380715   0.420349   0.174542 -3.92967 0.178872 -8.88828
1.77667e+09  0.139828 0.739928 0.225674 -4.06242 0.378248 -9.42555
1.77667e+09  0.100413 0.979612 0.355637 -3.92074 0.780201 -8.44682
1.77667e+09  -0.206383    1.0936  0.453641  -3.6973 0.495821 -9.42068
1.77667e+09  0.173916   1.9799 0.466424  -2.42641 0.0240959  -9.81884
1.77667e+09  0.386969  2.60521 0.414226  -2.0259 0.231557 -9.57819
1.77667e+09  0.199482  3.09203 0.381203 -1.83219  1.48061 -7.83697
1.77667e+09  -1.01385  2.70428 0.493056 -2.19151    2.488 -7.70332
1.77667e+09  -1.77978  2.14182 0.662433  -1.2907 0.565642 -8.80261
1.77667e+09  -1.43996  1.86272 0.529275 -0.517021 -0.565421  -9.08818
1.77667e+09  -0.566443   1.71038  0.272546 -0.0324904   -1.09335   -9.51089
1.77667e+09    0.546759    1.62623 -0.0523595 0.400303 -0.25827 -9.32313
1.77667e+09   0.886578   1.53142 -0.163147 -0.12052  1.41835 -8.94797
1.77667e+09    0.448754    1.09999 -0.0225321 -0.135149   2.39208  -9.33148
1.77667e+09  -0.299061  0.506635  0.146845 0.967339 0.928298 -10.1544
1.77667e+09  -0.174425  0.475742 0.0957122  1.10818 0.668395 -9.97497
1.77667e+09  0.0982824  0.500244 0.0317964  2.01042  1.50542 -13.1625
1.77667e+09  0.920666 0.877347 0.098908  1.67895  1.69022 -12.1089
1.77667e+09  0.943037 0.840063 0.101039  1.33436  1.37341 -12.1704
1.77667e+09   0.963277  0.794257 0.0893207  1.36214  1.25156 -12.1342
1.77667e+09   0.963277  0.794257 0.0893207 1.61725  1.2429 -11.541
1.77667e+09    1.00908  0.744189 0.0562975  1.70165  1.31537 -11.0476
1.77667e+09    1.01547  0.733536 0.0499059  1.56487   1.5594 -10.3891
1.77667e+09    1.00482   0.70584 0.0488406  1.15071  1.54332 -10.5087
1.77667e+09   0.988843  0.660033 0.0392532 1.01438 1.37472 -10.622
1.77667e+09   0.988843  0.660033 0.0392532  1.06082 0.999206 -10.2053
1.77667e+09      0.978191     0.581204 -0.000161557  1.17172 0.826925 -9.51045
1.77667e+09    0.983517   0.551376 -0.0172058  1.19176 0.500587 -7.62578
1.77667e+09    0.978191   0.511961 -0.0331848  0.885416 0.0649258  -6.57693
1.77667e+09    0.954755   0.456568 -0.0587511  0.676964 -0.217117  -6.68215
1.77667e+09    0.954755   0.456568 -0.0587511  0.570432 -0.691232  -7.61063
1.77667e+09   0.887643  0.318083 -0.114145  0.722234 -0.694782  -8.09832
1.77667e+09   0.868469  0.257363 -0.143972   1.12736 -0.179511  -8.66819
1.77667e+09   0.862077  0.212622 -0.166343  1.19816 0.813512 -8.93047
1.77667e+09   0.848229  0.172142 -0.188713 1.08007 1.23829 -9.2181
1.77667e+09   0.848229  0.172142 -0.188713 0.771321  1.69955 -10.0922
1.77667e+09     0.786443 -0.00469178   -0.176995 0.128374  2.22561 -9.33925
1.77667e+09    0.586173  0.0496367 -0.0875132 0.436411 0.892393 -9.62885
1.77667e+09  0.607479 0.287191 -0.15356 1.40986 0.11623 -9.2652
1.77667e+09   0.705483  0.651511 -0.218541  1.77583 0.137996 -9.64664
1.77667e+09     2.1649   0.30317 -0.271804 0.479237 -4.02362 -9.30074
1.77667e+09    2.38647  0.115683 -0.319741 0.827848  -2.6869 -14.7721
1.77667e+09      2.55052 0.000634542   -0.369808  1.09401 -1.99759 -16.1798
1.77667e+09     2.65172 -0.0302581  -0.415615  1.37321 -0.64551 -16.2011
1.77667e+09     2.69007 0.00702613  -0.443312 0.735876 0.556603 -13.9615
1.77667e+09     2.6677 0.0762683 -0.466747 -0.000585936      1.45364     -12.4577
1.77667e+09    2.57928  0.148706 -0.494444 -1.71509  3.98366 -8.69296
1.77667e+09    2.40991  0.205165 -0.531729 -2.48729  6.82429 -4.14637
1.77667e+09    2.12548  0.230732 -0.555164 -2.20868  8.07007 -2.16923
1.77667e+09  -0.465242 -0.772747 -0.359156 0.505479  3.26997 -29.2466
1.77667e+09  -0.240472  0.191317  0.274677  1.09802 -1.49386 -12.5154
1.77667e+09   0.088695   0.46722 0.0797333   0.93924 -0.765985  -6.93897
1.77667e+09    0.0769771    0.301039 -0.00442261 0.467279 0.092444 -9.51827
1.77667e+09  0.00666963   0.179599  0.0488406 0.514122 0.391563 -8.15909
1.77667e+09   0.0503455 -0.0291929  -0.029989     1.562 -0.411337  -6.66421
1.77667e+09   0.0439539 -0.0547592 -0.0267932   1.28592 -0.555459  -7.62903
1.77667e+09   0.0343665 -0.0867171  -0.029989   1.26085 -0.411865   -8.3886
1.77667e+09   0.0290402  -0.116545 -0.0331848  1.38204 -0.37881 -8.25327
1.77667e+09   0.0301055  -0.124001 -0.0385111   1.68698 -0.199098  -7.31022
1.77667e+09   0.036497  -0.11974 -0.050229   1.73657 -0.053501  -6.96017
1.77667e+09    0.032236   -0.11974 -0.0598164  1.66491 -0.17965 -7.10252
1.77667e+09  0.0194528 -0.133589 -0.050229   1.46746 -0.303447  -8.03916
1.77667e+09  -0.00398301   -0.168742  -0.0395763   1.43365 -0.192377  -8.40468
1.77667e+09  -0.0519199  -0.351968  -0.029989   1.48017 -0.154344  -9.36468
1.77667e+09   0.0215833  -0.375404 -0.0662079  1.35046 0.327303 -10.3113
1.77667e+09   0.0354318  -0.293378 -0.0480985  1.40257 0.297693 -10.9417
1.77667e+09   0.0844339 -0.0888477  0.0147521  1.67521 0.963991  -12.199
1.77667e+09  0.0183875  0.146576  0.111691  1.47539 0.876118 -10.4145
1.77667e+09  0.0226486  0.167881  0.117018  1.43223 0.840666 -10.3926
1.77667e+09  0.0183875  0.177468  0.126605  1.24747 0.599918 -11.0639
1.77667e+09  0.0130612  0.167881  0.142584  1.18421 0.547439 -11.4429
1.77667e+09  0.0237139  0.161489  0.143649  1.11336 0.634058 -11.4787
1.77667e+09  0.0460844  0.167881  0.137258  1.23869  0.67248 -10.4912
1.77667e+09  0.0588676  0.193447  0.137258   1.2937 0.588607 -10.0185
1.77667e+09  0.0588676  0.214753  0.151106  1.29929 0.401691 -9.87454
1.77667e+09  0.0492802  0.228601   0.16602  1.28543 0.318873 -10.1248
1.77667e+09  0.0460844  0.220079  0.163889  1.20111 0.197533 -10.7182
1.77667e+09  0.0503455  0.213687  0.164954  1.19437 0.430277 -10.4685
1.77667e+09  0.0567371  0.210492  0.161759  1.25049 0.510898 -10.0466
1.77667e+09  0.0609981  0.221144  0.169215  1.28356  0.41877 -9.44486
1.77667e+09  0.0567371  0.226471  0.163889  1.27586 0.312048  -9.4587
1.77667e+09  0.0460844  0.230732  0.169215  1.37679 0.166249 -9.93124
1.77667e+09  0.0428886   0.22434  0.175607    1.449 0.125594 -10.2036
1.77667e+09  0.0503455  0.223275  0.184129  1.49156 0.201449  -9.9964
1.77667e+09  0.0599329  0.226471  0.180933  1.54699 0.364287 -9.25258
1.77667e+09  0.0652592  0.231797  0.179868  1.51029 0.305747 -9.07312
1.77667e+09  0.0620634  0.231797  0.183064 1.41736 0.12418 -9.3512
1.77667e+09  0.0641939  0.229666  0.185194   1.45477 0.0584689  -9.92402
1.77667e+09  0.0631286  0.225405  0.180933    1.4837 0.0872268  -9.97441
1.77667e+09  0.072716 0.232862 0.180933  1.60352 0.235624 -9.27381
1.77667e+09  0.0769771  0.233927  0.184129  1.65238 0.337035  -8.7875
1.77667e+09  0.0823034  0.236058  0.196912  1.58685 0.327197 -8.46488
1.77667e+09  0.0791076  0.227536  0.204369  1.45981  0.20672 -9.10111
1.77667e+09  0.0865645  0.209426  0.200108  1.42586 0.247237 -9.53795
1.77667e+09  0.0940213  0.191317  0.193717  1.46249 0.270501 -9.75306
1.77667e+09  0.104674  0.18386 0.190521  1.53988  0.26625 -9.41685
1.77667e+09  0.103609 0.191317 0.193717   1.6523 0.456085 -8.58031
1.77667e+09  0.0972171  0.198774  0.191586  1.58728 0.363511 -8.52948
1.77667e+09  0.0897603  0.195578  0.192651  1.50931 0.267876 -8.85812
1.77667e+09  0.0854992  0.184925  0.196912  1.39874 0.427084 -9.66746
1.77667e+09  0.0940213  0.174273  0.204369  1.38518 0.506462  -9.7465
1.77667e+09  0.112131 0.165751 0.216087  1.47553 0.498291  -9.0451
1.77667e+09  0.122783 0.159359  0.22674  1.50238 0.703516 -8.23686
1.77667e+09  0.117457 0.150837 0.233131  1.46637 0.710104 -8.15078
1.77667e+09  0.106804  0.14338 0.224609  1.31036 0.588793 -8.67944
1.77667e+09  0.106804 0.128466 0.225674  1.25508 0.671925 -9.08055
1.77667e+09  0.119588 0.115683 0.223544  1.24216 0.816282 -9.23863
1.77667e+09  0.139828 0.106096  0.22887   1.2965 0.793608 -8.47971
1.77667e+09  0.155807 0.103965 0.234197  1.31704 0.825932 -8.17917
1.77667e+09  0.169655 0.108226 0.244849  1.22352 0.656697  -8.2711
1.77667e+09  0.163263 0.101835 0.248045  1.19528 0.489577 -8.62834
1.77667e+09   0.163263 0.0943778  0.252306  1.18978 0.382101 -9.25805
1.77667e+09   0.162198 0.0815946  0.251241  1.17474 0.478345 -8.90032
1.77667e+09   0.169655 0.0794641  0.257632  1.15891   0.5232 -8.39914
1.77667e+09   0.166459 0.0869209  0.254437  1.12122 0.602132 -7.72612
1.77667e+09   0.159002 0.0847904  0.257632  1.03553 0.547045 -7.83289
1.77667e+09   0.149415 0.0656157  0.257632 0.944126  0.29967 -8.64063
1.77667e+09   0.129175 -0.168742  0.274677 0.660526 0.351575 -7.19288
1.77667e+09  0.0375623 -0.323206  0.284264  0.495009 -0.372696  -8.00545
1.77667e+09  -0.0263536  -0.396709   0.268285 0.677307 -0.18166 -8.72326
1.77667e+09  -0.259646 -0.517084  0.238458  0.258986 -0.840388  -6.68467
1.77667e+09  -0.498266 -0.645981  0.152171 0.895158 -1.49801 -5.74695
1.77667e+09  -0.544072 -0.652372  0.146845 0.843951 -1.59911  -5.5744
1.77667e+09  -0.597335 -0.674743  0.141519 0.781145 -1.76255 -6.25374
1.77667e+09  -0.638881  -0.70457  0.137258 0.760754 -1.79443 -6.59725
1.77667e+09   -0.67723 -0.726941   0.12554 0.818333 -1.65351  -6.4907
1.77667e+09  -0.711318 -0.734398  0.113822 0.903077   -1.552 -6.04753
1.77667e+09  -0.757125 -0.743985 0.0978428  0.86606 -1.35187 -5.37502
1.77667e+09  -0.807192 -0.761029  0.074407 0.629811 -1.56123 -5.58783
1.77667e+09  -0.852999 -0.788726 0.0573627 0.522913 -1.67158 -5.84465
1.77667e+09  -0.881761 -0.816423 0.0456448 0.314325 -1.79967 -5.67122
1.77667e+09    -0.8775 -0.839859 0.0488406  0.33179 -1.97959 -4.83986
1.77667e+09  -0.843411  -0.86436 0.0520364 0.605573 -2.37458 -2.07531
1.77667e+09  -0.764582  -0.90484 0.0573627  0.931034  -3.03194 -0.183613
1.77667e+09  -0.648468 -0.981539  0.062689   1.12812  -3.58969 -0.210915
1.77667e+09  -0.485482  -1.10085 0.0690806  1.44567 -4.27141 -2.14319
1.77667e+09  -0.305453  -1.24999 0.0690806  1.49415 -4.24883 -3.67604
1.77667e+09  -0.116901   -1.3874 0.0605585   1.4884 -4.39972 -6.30357
1.77667e+09  0.0439539  -1.48754 0.0435143  1.31832 -3.84734  -7.8447
1.77667e+09   0.160068   -1.5408 0.0136869   1.1791  -3.5688 -8.44672
1.77667e+09    0.233571   -1.57702 -0.0310542 0.981676 -3.75565 -9.49052
1.77667e+09    0.267659   -1.60365 -0.0789911 0.976619 -3.67947 -9.95629
1.77667e+09   0.284704  -1.61431 -0.130124  1.04448 -3.29816 -10.3521
1.77667e+09  0.0077349  -1.46304 -0.387918 -0.472681   0.73619  -7.46102
1.77667e+09  0.00986543   -1.65372  -0.352764  -0.17749 -0.172427  -9.49251
1.77667e+09  -0.0519199   -1.71764  -0.410288 1.95132 1.74243 -24.256
1.77667e+09  0.0961518  0.318083 -0.134385 -5.66357 -3.09089 -4.76278
1.77667e+09  -0.440741 -0.558629 -0.452899  1.66166  3.08715 -25.0908
1.77667e+09  -0.450329 -0.327467  -0.41668  3.95623   3.4892 -18.6014
1.77667e+09  -0.448198 -0.126132 -0.383657  4.02945  3.08078 -15.7284
1.77667e+09   -0.420501 -0.0142792  -0.351699  3.24223  2.70642 -16.0094
1.77667e+09  -0.361912 0.0251356 -0.311219  1.29801  1.84025 -17.2709
1.77667e+09  -0.255385 0.0453756 -0.265412 0.657694  1.32208 -16.8861
1.77667e+09  -0.119032 0.0975736 -0.217475 0.688143 0.585266 -12.5578
1.77667e+09  0.0237139  0.181729 -0.185518    1.66939 -0.0119392    -6.0935
1.77667e+09    0.15048  0.255233 -0.161016   1.95186 -0.423651  -3.78725
1.77667e+09   0.244224  0.268016 -0.147168     1.446 -0.904821  -2.97354
1.77667e+09   0.298552  0.213687 -0.141842  0.750331 -0.849599  -4.20209
1.77667e+09   0.313466  0.132727 -0.149299  -0.86561 -0.381509  -7.24678
1.77667e+09   0.29003 0.070942  -0.1738 -1.48608 0.714953 -7.89279
1.77667e+09   0.237832 0.0464409  -0.19617 -1.24239  1.29691 -7.18027
1.77667e+09   0.156872 0.0443104 -0.219606 -0.0527735     1.7935   -5.31909
1.77667e+09  0.0673897 0.0389841 -0.231324 0.582524  1.87643 -4.97882
1.77667e+09   -0.019962 0.00596086  -0.231324  1.25353  1.96535 -6.62242
1.77667e+09  -0.0796168 -0.0568897  -0.219606 0.836856  1.67434 -10.4719
1.77667e+09  -0.114771 -0.127197 -0.199366 0.421327   1.5766 -12.3386
1.77667e+09  -0.00398301   0.0230051   -0.163147  0.391335 -0.950312  -7.89512
1.77667e+09    0.032236 0.00915666  -0.202562 -0.137554   0.55479  -9.53153
1.77667e+09  0.00240858 0.00276507  -0.146103 -0.231069 -0.133567  -10.4377
1.77667e+09  -0.00291774   0.0272662   -0.118406 0.161717  0.60549 -9.20379
1.77667e+09  0.0130612 0.0198093 0.0136869 -0.17169 0.917475 -9.41112
1.77667e+09   0.0173223 0.00809139  0.0104911 -0.272135  0.299963  -10.2674
1.77667e+09   0.0375623 -0.0142792  0.0115564 -0.242793  0.224671  -10.5967
1.77667e+09  0.0567371 -0.021736 0.0232743 -0.0935187   0.171821    -10.454
1.77667e+09    0.068455 -0.0100181  0.0349922 0.196664 0.181977 -9.64621
1.77667e+09   0.0663244 0.00915666  0.0328616 0.224005 0.100977 -9.42401
1.77667e+09  0.0567371 0.0251356  0.022209 0.00137065  -0.320919   -9.77923
1.77667e+09  0.0535413 0.0283314 0.0168827 -0.0691527   -0.38068   -10.1367
1.77667e+09  0.0599329 0.0219398 0.0179479 0.00455102  -0.150494    -10.403
1.77667e+09  0.0716508 0.0155482 0.0126216 0.210324 0.109877 -9.58153
1.77667e+09    0.072716  0.0208746 0.00942582 0.323103 0.181477 -9.03096
1.77667e+09   0.0663244  0.0251356 0.00836056 0.250254 0.122099 -8.73674
1.77667e+09  0.0535413 0.0262009 0.0104911   0.107524 -0.0513321   -9.06474
1.77667e+09   0.0428886  0.0123524 0.00623003 -0.0113953  -0.176117   -9.98028
1.77667e+09   0.0354318  0.0048956 0.00836056    0.111519 -0.00486156    -10.1105
1.77667e+09   0.0279749 0.00276507  0.0104911   0.24636 0.0542729  -9.75334
1.77667e+09  0.0215833 0.0123524 0.0147521   0.436317 0.00175834   -8.99496
1.77667e+09  0.00347384  0.0112872  0.0126216  0.378387 -0.133142  -8.99412
1.77667e+09    -0.0135704 -0.000430722    0.0115564 0.00131297  -0.363176   -9.82918
1.77667e+09  -0.0210272  -0.017475  0.0136869 -0.194931  -0.20291  -10.6596
1.77667e+09  -0.0146357 -0.0228013  0.0147521  -0.165347 -0.0249549   -10.6605
1.77667e+09  0.00240858 -0.0164097  0.0040995 0.0687755  0.220434  -9.79613
1.77667e+09   0.00453911 -0.00256125 -0.00868367 0.174255 0.214496 -9.32398
1.77667e+09  -0.00611354  0.00276507  -0.0129447 0.0582833 -0.020548   -9.2365
1.77667e+09    -0.019962  0.00276507 -0.00122682   -0.281155 -0.00697497    -10.2231
1.77667e+09   -0.0220925 -0.00362651  0.00942582 -0.35721   0.1484 -10.6961
1.77667e+09   -0.00930933 -0.000430722   0.00516476 -0.177549  0.352966  -10.6548
1.77667e+09  -0.00185248  0.00596086 -0.00229209 0.183607 0.480289 -9.52564
1.77667e+09  -0.00291774   0.0102219 -0.00335735 0.281523    0.368 -9.10314
1.77667e+09  -0.0125051  0.0048956  0.0040995  0.129024 -0.177645  -9.27916
1.77667e+09   -0.0220925 -0.00895284  0.00942582 -0.0555207  -0.270457   -9.77916
1.77667e+09  -0.0178314 -0.0132139  0.0126216  -0.251125 0.00387915     -10.61
1.77667e+09  0.000278048 -0.00575704  0.00623003 -0.0376115   0.146614    -10.139
1.77667e+09  -0.00291774  -0.0228013 0.000903707 -0.14315 0.201493 -10.5183
1.77667e+09   0.00134331   0.0102219 -0.00548788 0.203232 0.320565 -9.26727
1.77667e+09   0.00453911  0.00596086 -0.00548788 0.196943  0.41428 -9.36072
1.77667e+09    0.0226486  0.00383034 -0.00442261 0.244278 0.125505 -9.05898
1.77667e+09   -0.0103746 -0.00895284 0.000903707 -0.215778 0.0445279  -10.4385
1.77667e+09  -0.00185248  -0.0100181   0.0040995 -0.185207  0.316499  -10.5687
1.77667e+09    0.0077349 -0.00469178  0.00516476 0.0205712  0.422545  -9.99008
1.77667e+09  0.00453911 0.00383034 0.00516476 0.309796 0.261596 -9.18161
1.77667e+09   -0.0114399 -0.00149599  0.00729529  0.308483 0.0684362  -9.11635
1.77667e+09  -0.0178314 -0.0132139 0.00729529 -0.0837384  -0.241068   -9.83643
1.77667e+09  -0.00824407  -0.0185402   0.0115564 -0.196017 -0.163915  -10.2945
1.77667e+09    0.011996 -0.0121486 0.00729529 -0.128391  0.279851  -10.5259
1.77667e+09   0.0141265 0.00702613 0.00516476 0.147966 0.382679 -9.70409
1.77667e+09   0.00666963   0.0198093 -0.00229209 0.295735 0.248366 -9.26742
1.77667e+09   -0.0071788   0.0198093 -0.00548788  0.186215 -0.129038  -9.20803
1.77667e+09  -0.00930933 0.000634542 -0.00548788 -0.0272675   -0.22959   -9.62192
1.77667e+09  0.00240858  -0.021736 0.00196897  -0.230408 -0.0474956   -10.4882
1.77667e+09   0.0215833 -0.0313234 0.00303424 -0.0996831   0.420232   -10.3404
1.77667e+09    0.0311707  -0.0206707 -0.00229209 0.0635927  0.520752  -9.87612
1.77667e+09     0.016257 -0.00469178 -0.00548788  0.25877 0.161012  -9.0592
1.77667e+09   -0.0114399 0.000634542 0.000903707   0.164573 -0.0873136   -9.08636
1.77667e+09    -0.024223 -0.00469178  0.00729529 -0.133331 -0.218302  -9.92221
1.77667e+09  -0.0178314 -0.0238665 0.00623003 -0.193369  0.103207  -10.6179
1.77667e+09  0.00347384 -0.0281276 0.00303424 -0.113605  0.372319  -10.5191
1.77667e+09   0.0109307 -0.0153444 0.00729529 0.191385 0.538144 -9.61185
1.77667e+09  0.00880016 0.00809139 0.00942582    0.186504 -0.00895125    -9.10111
1.77667e+09  -0.00291774   0.0134177   0.0104911 0.0573051 -0.240817  -9.30719
1.77667e+09  -0.00504827 -0.00256125   0.0040995 -0.146027 -0.129423  -10.2305
1.77667e+09   0.00347384   -0.021736 0.000903707 -0.186709 0.0666754   -10.539
1.77667e+09    0.0151917  -0.0259971 0.000903707 -0.0139153   0.503614   -10.2122
1.77667e+09    0.0173223 -0.00682231 -0.00122682 0.232153 0.398413 -9.23909
1.77667e+09   0.00880016   0.0123524 -0.00442261  0.201056 0.0828498  -9.02995
1.77667e+09  -0.00611354   0.0240704  -0.0108142 -0.0993107   -0.28667   -9.54971
1.77667e+09   -0.0135704   0.0198093 -0.00229209  -0.22558 -0.187471   -10.058
1.77667e+09  -0.0146357  0.0176788 0.00942582 -0.250389  0.167335  -10.5606
1.77667e+09  -0.00398301   0.0198093   0.0104911 0.0632211  0.463569  -9.86156
1.77667e+09  0.000278048   0.0251356 -0.00548788 0.204552 0.478671 -9.38967
1.77667e+09  -0.00185248   0.0262009  -0.0129447   0.129088 -0.0932793   -9.16493
1.77667e+09   -0.0157009   0.0219398 -0.00868367 -0.0211102  -0.337712   -9.51408
1.77667e+09  -0.0178314   0.014483 0.00303424  -0.280299 -0.0185648   -10.4809
1.77667e+09  -0.0071788  0.0123524 0.00196897 -0.142073  0.379949  -10.5405
1.77667e+09     0.011996    0.014483 0.000903707 0.0494946   0.42323  -10.0833
1.77667e+09    0.0109307   0.0123524 0.000903707 0.324771 0.410729 -9.13934
1.77667e+09  -0.00398301  0.00596086  0.00729529 0.294236 0.117814 -9.05204
1.77667e+09   -0.0178314 -0.00788757   0.0040995 -0.0206239  -0.392449   -9.73586
1.77667e+09   -0.0146357  -0.0164097 0.000903707 -0.235447  0.260249  -10.5969
1.77667e+09   0.00134331  -0.0185402 -0.00229209 -0.184304  0.459383  -10.5979
1.77667e+09    0.0205181 -0.00788757 -0.00229209 0.0975961  0.326058  -9.69645
1.77667e+09    0.0226486  0.00702613 -0.00335735  0.21025 0.334161 -9.21007
1.77667e+09     0.011996   0.0176788 -0.00122682   0.150373 -0.0798966   -9.10064
1.77667e+09  0.000278048  0.00915666 0.000903707 -0.162697 -0.416682  -10.0143
1.77667e+09   0.00347384 -0.00256125   0.0040995   -0.22318 -0.0192702   -10.4669
1.77667e+09    0.0205181 -0.00575704  0.00196897 -0.0703064   0.506395   -10.4268
1.77667e+09   0.0333012  0.0048956 0.00196897 0.0703079  0.407206  -9.93297
1.77667e+09     0.0269097    0.0155482 -0.000161557 0.273914 0.303608 -9.07419
1.77667e+09     0.0077349    0.0123524 -0.000161557 0.0509081 -0.175471  -9.41485
1.77667e+09    -0.0135704  -0.00788757 -0.000161557 -0.127183 -0.396606  -9.92151
1.77667e+09   -0.0157009  -0.0291929 0.000903707 -0.171359  0.195828  -10.6327
1.77667e+09   -0.0114399  -0.0366497 -0.00229209 -0.076955  0.535946    -10.52
1.77667e+09  -0.00611354  -0.0259971 -0.00229209 0.154501 0.373849 -9.54654
1.77667e+09   -0.0125051 -0.00895284 -0.00122682  0.243472 0.0320076  -8.97982
1.77667e+09    0.00986543 -0.000430722  -0.00548788 0.0285526  0.544119  -10.0336
1.77667e+09  0.000278048  -0.0238665 -0.00335735 -0.135632  0.349805    -10.39
1.77667e+09    0.0183875 -0.00362651   0.0115564 -0.0789433   0.340859   -10.2685
1.77667e+09  -0.00185248  -0.0100181 -0.00229209 -0.0926268   0.426921   -10.3046
1.77667e+09    0.0247791 -0.00788757  0.00196897  0.19839 0.453485 -9.70463
1.77667e+09    0.0109307  0.00169981 -0.00442261 0.288745 0.248881 -9.31036
1.77667e+09   -0.0071788  0.00702613 -0.00548788   0.12178 -0.226962  -9.32905
1.77667e+09   -0.0071788  0.00702613 -0.00548788 -0.00568826   -0.250446    -9.69355
1.77667e+09  -0.0071788  -0.017475 0.00196897 -0.158407 0.0796176  -10.4389
1.77667e+09    0.0130612  -0.0185402 -0.00229209 -0.00707456    0.453565    -10.2049
1.77667e+09    0.0215833 -0.00256125 -0.00442261 0.163188 0.525498 -9.74057
1.77667e+09    0.0077349  0.00915666 -0.00229209 0.251568 0.132861  -9.0877
1.77667e+09    0.0077349  0.00915666 -0.00229209  0.136017 -0.164124   -9.2148
1.77667e+09    -0.0178314  -0.00149599 -0.000161557 -0.132851 -0.223949  -10.0654
1.77667e+09  -0.00398301 -0.00788757 -0.00548788 -0.214483   0.20256  -10.5538
1.77667e+09   0.00986543 -0.00256125 -0.00761841 -0.114255  0.370466  -10.3401
1.77667e+09    0.0077349  0.00809139 -0.00655314 0.246967 0.413793 -9.36097
1.77667e+09    0.0077349  0.00809139 -0.00655314 0.308954 0.189042 -9.05957
1.77667e+09   -0.00824407 -0.000430722   -0.0108142 0.0860928 -0.282611   -9.4289
1.77667e+09  -0.00504827  -0.0206707 -0.00868367  -0.230628 -0.0411076   -10.4166
1.77667e+09     0.011996  -0.0366497 -0.00122682 -0.292809  0.190105  -10.6536
1.77667e+09    0.0258444  -0.0281276 0.000903707 -0.0644275   0.453603   -10.1545
1.77667e+09    0.0258444  -0.0281276 0.000903707  0.12667 0.481513 -9.58982
1.77667e+09  0.00347384 0.00383034 0.00303424  0.250685 0.0391414  -8.98705
1.77667e+09    -0.0167662 -0.000430722   0.00836056 -0.0708126  -0.357352   -9.63549
1.77667e+09  -0.00824407  -0.0153444  0.00516476 -0.225056 -0.157916  -10.1583
1.77667e+09  0.000278048  0.00383034  0.00516476 -0.149311  0.372741  -10.5261
1.77667e+09    0.0141265 -0.00895284  0.00623003 0.237871 0.211868 -9.13092
1.77667e+09   0.0077349 -0.0110834 0.00729529  0.142985 -0.227838   -9.2647
1.77667e+09  -0.00398301   0.0251356  -0.0150753  -0.11141 -0.210122  -10.0441
1.77667e+09     0.016257  0.00276507 -0.00229209  0.150527 -0.184687  -9.30788
1.77667e+09    0.00560437   0.00809139 -0.000161557  -0.224272 -0.0223839   -10.1661
1.77667e+09   0.00134331 -0.00149599  0.00303424 -0.257927  0.152257  -10.4746
1.77667e+09  0.00453911 -0.0110834 0.00196897 -0.0434195   0.339917   -10.2114
1.77667e+09     0.011996  -0.0110834 0.000903707 0.296135  0.31966 -9.26772
1.77667e+09     0.016257 -0.00362651 -0.00548788   0.35821 0.0741144  -9.02353
1.77667e+09   0.00986543  0.00809139 -0.00655314 0.0573958 -0.338774  -9.48582
1.77667e+09  0.00347384 0.00383034 0.00196897 -0.132863 -0.216968  -10.0511
1.77667e+09   0.00134331 -0.00575704  0.00623003 -0.235113   0.23314  -10.7328
1.77667e+09   0.0130612 -0.0153444 0.00836056 0.0351062  0.388019  -10.1118
1.77667e+09     0.016257 -0.00469178 -0.00335735 0.218924 0.387556 -9.55407
1.77667e+09  0.00880016  0.0134177 -0.0118795 0.279171 -0.02456 -9.05853
1.77667e+09   -0.0071788   0.0219398 -0.00761841  0.107052 -0.277173   -9.2858
1.77667e+09  -0.0125051  0.0134177  0.0040995  -0.174213 -0.0578508   -10.2306
1.77667e+09  -0.00398301 -0.00362651   0.0158174 -0.213457  0.394904  -10.5402
1.77667e+09     0.011996 -0.00575704   0.0158174 -0.0926851   0.475863   -10.2117
1.77667e+09   0.0226486 0.00809139 0.00516476 0.274763 0.341109 -9.25338
1.77667e+09    0.0130612   0.0262009 -0.00229209  0.308395 0.0892312  -9.05915
1.77667e+09  -0.00185248   0.0230051 -0.00761841 0.0219202 -0.365758  -9.60011
1.77667e+09   -0.0114399  0.00702613 -0.00122682 -0.179586 0.0805679  -10.5105
1.77667e+09  -0.00185248  -0.0110834  0.00623003 -0.19184 0.367142 -10.6333
1.77667e+09    0.016257 -0.0153444 0.00623003 0.0637867   0.51429  -9.94055
1.77667e+09    0.0258444 -0.00362651 -0.00229209  0.22551 0.378874 -9.41084
1.77667e+09   0.0237139 0.00915666 -0.0161405  0.228583 -0.151956  -9.10072
1.77667e+09   0.0109307  0.0166135 -0.0129447 -0.0483698  -0.333653   -9.87919
1.77667e+09   0.00240858  0.00915666 -0.00122682 -0.138515 -0.114418  -10.3093
1.77667e+09    0.00347384 -0.000430722   0.00303424 -0.106597  0.406932  -10.4262
1.77667e+09    0.0130612 0.000634542 -0.00229209 0.0210328  0.472969  -10.0404
1.77667e+09  -0.00398301   0.0134177 -0.00122682 0.0351655 -0.425007  -9.39941
1.77667e+09    0.00880016  -0.00682231 -0.000161557 -0.156252  0.359368  -10.6048
1.77667e+09  -0.0146357  -0.021736 -0.0150753 -0.208231 0.0245529  -10.5817
1.77667e+09  -0.0327451 0.00809139 0.00303424  -0.180931 -0.0635761   -10.3595
1.77667e+09  -0.0167662 -0.0121486 0.00729529 -0.158839   0.05734  -10.3529
1.77667e+09  -0.0125051 -0.0302581  0.0126216 -0.157416  0.201706  -10.5254
1.77667e+09  -0.000787216   -0.0249318   0.00729529 0.0490565  0.450042  -9.91872
1.77667e+09   0.00240858 -0.00256125 0.000903707 0.266961 0.297216 -9.13858
1.77667e+09  -0.00504827   0.0240704 -0.00335735   0.229272 -0.0517745   -9.13695
1.77667e+09    -0.0146357    0.0379188 -0.000161557 -0.104956  -0.23321  -9.88649
1.77667e+09  -0.0146357  0.0283314 0.00516476 -0.208796 0.0790672  -10.3384
1.77667e+09  -0.000787216    0.0134177   0.00623003 -0.149217  0.394055  -10.5191
1.77667e+09     0.011996   0.0048956 -0.00229209 0.126333  0.38935 -9.63956
1.77667e+09   0.0151917 0.00702613 -0.0108142 0.246142  0.36233 -9.21036
1.77667e+09  0.00134331  0.0166135 -0.0108142  0.149964 -0.221372  -9.20747
1.77667e+09   -0.0178314   0.0134177 -0.00442261 -0.0562682  -0.321696   -9.65004
1.77667e+09   -0.019962 0.00596086  0.0040995 -0.257575  0.160276  -10.5605
1.77667e+09  -0.00504827  -0.0100181  0.00303424 -0.0924207   0.413478   -10.3834
1.77667e+09    0.0151917  -0.0142792 -0.00229209 0.0772983  0.406691  -9.89004
1.77667e+09    0.0226486 -0.00575704  -0.0129447 0.315957 0.181547 -9.03093
1.77667e+09    0.0141265  0.00596086 -0.00974894   0.243095 -0.0672845   -9.02954
1.77667e+09  -0.00185248  0.00596086 -0.00229209 -0.133781 -0.275708  -9.88617
1.77667e+09  -0.00611354  -0.0100181  0.00836056 -0.264022   0.23951  -10.6324
1.77667e+09  0.00347384 -0.0185402 0.00729529 -0.220671  0.373734  -10.5544
1.77667e+09   0.0183875 -0.0110834 0.00623003 0.111697 0.346417 -9.61067
1.77667e+09    0.0130612  0.00383034 0.000903707 0.280827 0.211673 -9.15262
1.77667e+09  -0.00611354   0.0155482   0.0040995  0.164314 -0.179254  -9.15759
1.77667e+09  -0.0284841  0.0123524 0.00623003 -0.131858 -0.087824  -10.1304
1.77667e+09  -0.0306146 0.00169981  0.0147521 -0.19332 0.180518 -10.5108
1.77667e+09  -0.0157009 -0.0110834  0.0126216 -0.0846594    0.54144   -10.3553
1.77667e+09   0.00666963 -0.00788757   0.0040995 0.0634849  0.492383  -9.89032
1.77667e+09    0.0151917  0.00596086 -0.00335735  0.258603 0.0763496  -9.14479
1.77667e+09     0.011996   0.0166135 -0.00442261 0.000406869   -0.337698    -9.53567
1.77667e+09  -0.00398301   0.0134177   0.0040995 -0.119112  -0.28179  -10.0008
1.77667e+09   -0.0188967 0.000634542  0.00729529 -0.18572 0.265927  -10.504
1.77667e+09   -0.024223 -0.0100181  0.0040995 -0.085029  0.498293  -10.3193
1.77667e+09   -0.0188967  -0.0100181 -0.00442261 0.225642 0.393281 -9.42523
1.77667e+09   -0.0167662 -0.00149599 -0.00974894   0.193263 -0.0872955   -9.11514
1.77667e+09   -0.0167662  0.00276507 -0.00868367  0.050323 -0.275356  -9.40727
1.77667e+09   -0.0125051 -0.00256125 -0.00122682 -0.159956 -0.128246  -10.3307
1.77667e+09  0.00453911 -0.0185402 0.00729529 -0.16474 0.138131 -10.5752
1.77667e+09    0.0215833  -0.0238665 0.000903707 0.0573961  0.530546  -10.1268
1.77667e+09   0.00347384  0.00809139 -0.00229209 -0.105465  -0.25571  -9.77897
1.77667e+09   0.00347384 -0.00362651 -0.00122682 -0.141106  -0.35332  -9.95742
1.77667e+09  -0.00398301  -0.0110834  0.00836056 -0.0783537   0.377618   -10.3761
1.77667e+09   0.0109307 -0.0110834 0.00303424 -0.107218  0.433226  -10.2115
1.77667e+09  -0.00185248   0.0262009 0.000903707  0.358512 0.0960215  -9.07375
1.77667e+09     0.0269097    0.0166135 -0.000161557 0.265747 0.153443  -9.0234
1.77667e+09    0.0215833 -0.00575704   0.0040995 0.0421637  0.499943  -9.91173
1.77667e+09    0.0151917  -0.0238665 -0.00122682 -0.0207542     0.5677   -10.1982
1.77667e+09    0.0077349 -0.00149599  -0.0118795  0.193272 -0.017114  -9.00801
1.77667e+09  -0.00291774  -0.0100181  0.00303424 -0.235569  0.224824  -10.6182
1.77667e+09  0.00560437  0.0155482  0.0147521 0.128569 -0.27716 -9.30739
1.77667e+09   0.00453911 -0.00256125   0.0158174  -0.259631 -0.0560515   -10.3233
1.77667e+09   0.0109307 -0.0153444 0.00942582 -0.27874 0.168281 -10.6249
1.77667e+09    0.0130612  -0.0110834 -0.00122682 -0.0288351   0.382703    -10.226
1.77667e+09   0.00880016  0.00809139 -0.00442261 0.331712 0.332903  -9.2035
1.77667e+09  -0.000787216    0.0219398  -0.00868367  0.372255 0.0662527  -8.96627
1.77667e+09  -0.00504827   0.0219398 -0.00761841 0.0360886 -0.324159   -9.5001
1.77667e+09   -0.00504827   0.00702613 -0.000161557 -0.139718 -0.173974  -10.0656
1.77667e+09   0.00666963 -0.00469178  0.00836056 -0.242042  0.303984  -10.6829
1.77667e+09    0.0141265 -0.00575704  0.00623003 0.034694 0.414906 -9.95431
1.77667e+09  0.00986543 0.00915666 0.00516476  0.22546 0.392762  -9.3751
1.77667e+09  -0.0103746  0.0134177 0.00303424    0.2569 -0.117922   -8.9721
1.77667e+09   -0.0263536 -0.00149599  0.00623003 0.0707888 -0.362526  -9.27094
1.77667e+09     -0.019962   -0.0249318 -0.000161557  -0.188048 -0.0353597   -10.3237
1.77667e+09  -0.000787216   -0.0366497  -0.00122682 -0.191872  0.416158  -10.5476
1.77667e+09    0.0173223  -0.0270623 -0.00548788 -0.0428286   0.481912   -10.1547
1.77667e+09    0.0109307 -0.00788757 -0.00442261 0.252627  0.27619 -9.15991
1.77667e+09   -0.0103746  0.00702613 -0.00442261 0.0855127 -0.249188   -9.2142
1.77667e+09   -0.0348757  0.00915666 -0.00335735 -0.0705489  -0.328538   -9.66426
1.77667e+09   -0.0316799  0.00169981 -0.00335735 -0.207826  0.137955  -10.5177
1.77667e+09  -0.00930933 -0.00469178 -0.00442261 -0.184767  0.394922   -10.569
1.77667e+09     0.011996 -0.00362651 -0.00122682 0.112894 0.455062 -9.77583
1.77667e+09    0.0151917  0.00383034 -0.00122682   0.27249 0.0540067  -9.06599
1.77667e+09   0.00453911  0.00915666 -0.00122682  0.164286 -0.193364  -9.17185
1.77667e+09  -0.0071788  0.0048956 0.00196897 -0.118676  -0.23144   -10.044
1.77667e+09  -0.00185248 -0.00362651 0.000903707   -0.20199 -0.0412378   -10.4311
1.77667e+09    0.011996 -0.0121486 0.00196897 -0.113698   0.45624  -10.3619
1.77667e+09  -0.0125051 -0.0100181  0.0040995 -0.215502 0.0663608  -10.4816
1.77667e+09   -0.0146357 0.000634542  0.00196897  -0.180418 -0.0130034   -10.4241
1.77667e+09  -0.00291774   0.0155482 -0.00655314  0.200104 -0.137345  -9.10781
1.77667e+09  -0.00611354 0.000634542 -0.00122682 -0.223257 0.0857427  -10.2811
1.77667e+09    -0.0210272 -0.000430722 -0.000161557 -0.147416  -0.21757  -9.97944
1.77667e+09  -0.0114399 -0.0100181  0.0040995 -0.242475   0.26767  -10.6183
1.77667e+09   0.0077349 -0.0153444 0.00836056 -0.178343  0.343687  -10.4471
1.77667e+09    0.0194528 -0.00682231  0.00729529 0.196588  0.28699 -9.46045
1.77667e+09    0.0141265  0.00702613 -0.00122682  0.314229 -0.103998  -8.99393
1.77667e+09   0.00134331  0.00915666 -0.00548788  0.149522 -0.313831  -9.22857
1.77667e+09  -0.00930933  0.00169981 -0.00229209  -0.167226 -0.0864379   -10.2305
1.77667e+09  -0.00398301  -0.0153444  0.00196897 -0.23579 0.217176  -10.568
1.77667e+09    0.00560437   -0.0153444 -0.000161557 -0.0924632   0.483511   -10.2619
1.77667e+09   0.00986543 -0.00469178 -0.00229209 0.217483  0.29926 -9.28873
1.77667e+09  -0.000787216   0.00809139  -0.00655314  0.222545 0.0687529   -9.0658
1.77667e+09   -0.0157009  0.00702613 -0.00868367 -0.0351151  -0.322721   -9.57136
1.77667e+09   -0.0188967 -0.00362651  -0.0108142 -0.118545 -0.217033  -10.0584
1.77667e+09  -0.00824407 -0.00362651 -0.00442261 -0.13519 0.351066 -10.5118
1.77667e+09  0.00880016  0.0102219  0.0040995 0.105983 0.469836 -9.81883
1.77667e+09  0.0077349 0.0262009 0.0104911 0.239144   0.3067   -9.339
1.77667e+09  -0.000787216    0.0304619   0.00516476  0.164316 -0.165218  -9.13616
1.77667e+09   -0.0125051   0.0176788 0.000903707 0.000252783   -0.324107    -9.47127
1.77667e+09   -0.0125051 -0.00788757 -0.00229209  -0.209173 -0.0202249   -10.3881
1.77667e+09  -0.00398301  -0.0228013 0.000903707 -0.11357 0.442575 -10.4192
1.77667e+09   0.00347384   -0.017475 -0.00442261 0.0567963  0.514804  -9.98348
1.77667e+09   -0.0125051 -0.00362651  0.00516476 -0.269958  0.446479  -10.6476
1.77667e+09   0.0130612 0.00702613 0.00196897  0.164028 -0.180069  -9.07881
1.77667e+09    0.0130612 -0.00149599 -0.00229209 -0.106867  0.427209  -10.3189
1.77667e+09  -0.00291774 -0.00469178  0.00623003 -0.149108  0.436461  -10.4834
1.77667e+09    0.0130612 -0.00682231   0.0040995 0.204206 0.316327 -9.54655
1.77667e+09  0.00986543 0.00596086 0.00836056 0.351881   0.1607 -9.11695
1.77667e+09  -0.00291774   0.0134177   0.0126216  0.164201 -0.249732  -9.23607
1.77667e+09  -0.0146357  0.0048956 0.00623003 -0.034675 -0.335497  -9.71454
1.77667e+09  -0.00930933  -0.0132139   0.0040995 -0.243206  0.146323  -10.6035
1.77667e+09   0.00560437  -0.0206707 -0.00122682 -0.0634701   0.519472   -10.3195
1.77667e+09     0.0173223  -0.00788757 -0.000161557 0.127278 0.462201 -9.79025
1.77667e+09    0.0173223  0.00702613 -0.00229209  0.336625 0.0528611  -9.01617
1.77667e+09   0.00560437   0.0123524 0.000903707  0.228503 -0.166215  -9.10066
1.77667e+09  -0.00398301  0.00276507  0.00623003 -0.0687019  -0.218039   -10.0085
1.77667e+09  -0.000787216  -0.00575704   0.00516476 -0.192622  0.245646  -10.6042
1.77667e+09    0.0109307 -0.00256125   0.0040995 -0.11341 0.471092 -10.4193
1.77667e+09   0.0194528 0.00383034  0.0040995 0.239723 0.364476 -9.41085
1.77667e+09    0.0194528  0.00702613 0.000903707  0.28718 0.111125 -9.08778
1.77667e+09   0.00453911 -0.00575704 -0.00335735 0.0358045 -0.310938  -9.39989
1.77667e+09  -0.00611354  -0.0185402  -0.0108142   -0.1952 -0.077399   -10.388
1.77667e+09   -0.0071788  -0.0270623 -0.00761841 -0.221503  0.174928  -10.6324
1.77667e+09   0.00134331  -0.0121486 -0.00442261 6.73234e-05    0.516622    -10.1049
1.77667e+09  0.00134331 0.00596086  0.0040995 0.190792 0.473312 -9.54713
1.77667e+09  -0.00504827    0.018744   0.0115564    0.25027 -0.0532437    -9.0153
1.77667e+09  -0.0114399  0.0102219  0.0136869 -0.0485424   -0.26399   -9.72193
1.77667e+09   -0.0103746 -0.00575704  0.00729529  -0.16028 -0.122154  -10.2304
1.77667e+09  0.000278048  -0.0196055 -0.00442261 -0.163648  0.337679  -10.5689
1.77667e+09   0.0141265 -0.0132139 -0.0118795 -0.0426625   0.461339   -10.2334
1.77667e+09    0.0151917 -0.00149599    -0.01401 0.231913 0.355637 -9.23891
1.77667e+09  0.000278048  0.00702613 -0.00974894   0.14245 -0.250413  -9.15002
1.77667e+09    -0.0114399  -0.00149599 -0.000161557 -0.0283403  -0.379974   -9.55684
1.77667e+09    0.00347384  -0.00682231 -0.000161557 -0.19294 0.202648 -10.5825
1.77667e+09   0.0077349 -0.0142792 0.00942582 -0.177873  0.359058  -10.5546
1.77667e+09  0.00240858 0.00383034  0.0040995 0.0769883  0.419838  -9.78267
1.77667e+09  0.00134331 -0.0132139  0.0147521 -0.221748  0.195278  -10.5322
1.77667e+09  -0.00930933 -0.00895284 -0.00335735   -0.252023 -0.00569667    -10.3737
1.77667e+09  -0.000787216   -0.0132139  -0.00974894 -0.220781  0.331329  -10.5901
1.77667e+09   0.00560437  -0.0121486 -0.00761841 -0.0715795   0.411564   -10.2187
1.77667e+09   0.00134331 -0.00149599 -0.00122682 0.309524 0.176637 -9.23855
1.77667e+09  -0.00824407  0.00169981  0.00303424    0.33609 -0.0609121   -9.04434
1.77667e+09   -0.0146357 -0.00362651   0.0040995 -0.00592224   -0.251113    -9.62909
1.77667e+09  -0.00930933  -0.0185402  0.00623003 -0.215143  0.130525  -10.4818
1.77667e+09  0.000278048  -0.0291929  0.00942582 -0.192417  0.323402    -10.54
1.77667e+09  0.00453911 -0.0196055 0.00623003 0.091333 0.419847 -9.79706
1.77667e+09  -0.000787216    0.0048956   0.00196897 0.267585 0.298995 -9.31046
1.77667e+09  -0.0103746  0.0155482 0.00196897   0.23561 -0.173414  -9.10067
1.77667e+09  -0.0125051  0.0048956  0.0040995 -0.0972836  -0.189688   -9.96548
1.77667e+09  -0.0103746 -0.0185402 0.00196897  -0.208987 0.00836665   -10.3954
1.77667e+09  -0.00398301  -0.0270623 -0.00335735 -0.163662  0.421822  -10.4332
1.77667e+09  -0.00398301  -0.0196055 -0.00655314 0.00657014   0.465609   -10.0045
1.77667e+09   -0.0071788 -0.00469178 0.000903707 0.237523 0.140723 -9.14495
1.77667e+09  -0.0167662 0.00276507 0.00516476 0.0572893 -0.261908  -9.33575
1.77667e+09    -0.019962 -0.00362651  0.00516476 -0.0696676  -0.248855   -9.78634
1.77667e+09    -0.0157009   -0.0142792 -0.000161557 -0.221865  0.187926  -10.5107
1.77667e+09  -0.00611354  -0.0153444 -0.00868367 -0.185091  0.401014  -10.4688
1.77667e+09  -0.00398301 -0.00149599  -0.0118795 0.112136  0.42484 -9.61099
1.77667e+09  -0.0125051  0.0102219 -0.0129447   0.157535 -0.0588748   -9.07211
1.77667e+09   -0.0231578  0.00809139 -0.00335735 0.0355902 -0.262441  -9.26403
1.77667e+09     -0.019962  -0.00575704 -0.000161557 -0.196527 -0.186415   -10.187
1.77667e+09   -0.0071788   -0.017475 -0.00122682 -0.237051 0.0241642  -10.5171
1.77667e+09   0.00986543   -0.017475 -0.00868367 -0.0497169   0.468686   -10.2477
1.77667e+09   0.00986543 -0.00362651 -0.00655314 0.246084 0.320073 -9.26032
1.77667e+09     0.011996 -0.00682231 0.000903707 0.252826 0.311836 -9.16006
1.77667e+09  -0.00398301   -0.017475  0.00729529 -0.0915702  -0.313107   -9.75732
1.77667e+09   -0.0188967 0.000634542 -0.00548788 -0.020487 -0.244734  -9.54311
1.77667e+09  0.00240858 -0.0441066 0.00303424 -0.228011  0.289067  -10.6328
1.77667e+09    0.0215833  -0.0142792 -0.00122682 0.0625218  0.384405  -9.78961
1.77667e+09     0.011996  0.00276507 -0.00229209 0.280034 0.111194 -9.08775
1.77667e+09   -0.00291774   0.00596086 -0.000161557  0.221457 -0.193921  -9.17213
1.77667e+09  -0.00611354 0.000634542 -0.00335735 -0.133243 -0.239097  -9.97942
1.77667e+09   0.00240858  -0.0100181 -0.00229209 -0.213696  0.352128  -10.5401
1.77667e+09    0.0109307 -0.00682231 -0.00655314 -0.149538  0.428219   -10.376
1.77667e+09  0.00666963 0.00596086 0.00516476 0.132229 0.266451 -9.48153
1.77667e+09  -0.000787216    0.0198093   0.00623003 0.266135 0.140518 -9.15225
1.77667e+09  -0.00930933   0.0208746   0.0158174  0.100219 -0.262178  -9.35028
1.77667e+09  0.000278048  0.00702613  0.00623003  -0.238388 -0.0638345   -10.2804
1.77667e+09    0.0151917 -0.00469178 -0.00122682 -0.243292  0.181154  -10.5249
1.77667e+09    0.0151917 -0.00469178 -0.00122682 -0.03605 0.452731 -10.0973
1.77667e+09   0.0269097 0.00169981 -0.0118795 0.133483 0.417353 -9.59674
1.77667e+09   0.00880016  0.00276507 -0.00442261  0.307842 0.0315291  -8.99446
1.77667e+09  -0.00824407 -0.00362651  0.00196897 -0.0202549  -0.258103   -9.62899
1.77667e+09  -0.0103746 -0.0110834  0.0104911 -0.210566 -0.136445    -10.18
1.77667e+09  -0.0103746 -0.0110834  0.0104911 -0.235055  0.275397  -10.6829
1.77667e+09     0.0173223  -0.00362651 -0.000161557 -0.11385 0.392669  -10.419
1.77667e+09     0.016257    0.014483 -0.00974894 0.275271 0.349572 -9.38232
1.77667e+09  0.00880016  0.0251356 -0.0118795  0.264201 -0.131584  -9.03653
1.77667e+09    0.00134331    0.0134177 -0.000161557   0.07162 -0.268955  -9.35727
1.77667e+09    0.00134331    0.0134177 -0.000161557 -0.251864 0.0228208  -10.3738
1.77667e+09  0.00986543 -0.0281276 0.00942582 -0.306794   0.25426  -10.6394
1.77667e+09   0.0151917 -0.0185402 0.00516476 -0.0857448   0.489236   -10.1331
1.77667e+09    0.0173223 -0.00149599 -0.00122682 0.230828 0.212234 -9.15954
1.77667e+09    0.0141265  0.00596086 -0.00122682  0.192871 -0.102444  -9.02914
1.77667e+09    0.0141265  0.00596086 -0.00122682 -0.091884 -0.328033   -9.6928
1.77667e+09    0.0194528 -0.00682231  0.00196897 -0.196209 -0.143417  -10.2087
1.77667e+09   0.0205181 -0.0100181 0.00303424 -0.213528  0.345592  -10.5973
1.77667e+09    0.0109307 -0.00575704 -0.00229209 0.120441 0.540323 -9.75474
1.77667e+09  -0.00398301 -0.00256125 -0.00335735 0.253534 0.355947 -9.28915
1.77667e+09  -0.00398301 -0.00256125 -0.00335735  0.135431 -0.264009  -9.20722
1.77667e+09    -0.0306146   -0.0121486 -0.000161557 -0.0136779  -0.336966   -9.59289
1.77667e+09   -0.019962 -0.0164097 0.00196897 -0.222503 0.0878926  -10.4888
1.77667e+09  -0.000787216   -0.0121486 -0.000161557 -0.142353  0.421243  -10.3975
1.77667e+09    0.0130612  0.00383034 -0.00335735 0.0349235  0.478699  -9.91877
1.77667e+09  -0.000787216   -0.0153444   0.00303424 -0.0712739   0.461543   -10.2261
1.77667e+09   0.0077349  0.0123524 0.00516476  0.157208 -0.172055  -9.15758
1.77667e+09   -0.0114399 -0.00575704  0.00516476 -0.200342   0.13885  -10.6108
1.77667e+09  -0.00824407   0.0112872   0.0040995 -0.187624 0.0219717  -10.3526
1.77667e+09  -0.00611354  -0.0228013 -0.00122682 -0.0996228   0.385327   -10.4119
1.77667e+09  -0.00291774  -0.0259971  0.00516476 0.0417967  0.379634  -9.99717
1.77667e+09  0.00134331  -0.017475  0.0040995 0.308867 0.118638 -9.14521
1.77667e+09   0.00347384 -0.00256125  0.00196897  0.121461 -0.283997  -9.32881
1.77667e+09  0.00453911 0.00276507 0.00303424 -0.119454 -0.219628   -9.8077
1.77667e+09   0.00240858 -0.00256125  0.00836056 -0.321377  0.225511  -10.6035
1.77667e+09   0.00666963 -0.00895284  0.00303424 -0.235163  0.338227  -10.5542
1.77667e+09    0.0151917 -0.00788757 0.000903707  0.11969  0.46101 -9.66847
1.77667e+09    0.0183875   0.0048956 -0.00335735 0.322254 0.052778 -8.99462
1.77667e+09   0.00986543   0.0123524 -0.00122682  0.22097 -0.24442 -9.11463
1.77667e+09   -0.0071788  0.00596086 -0.00655314 -0.168475 -0.195232   -10.051
1.77667e+09  -0.00930933 -0.00895284 -0.00229209 -0.27962 0.102634 -10.4814
1.77667e+09   -0.00398301   -0.0164097 -0.000161557 -0.192777  0.350437  -10.3969
1.77667e+09   0.00240858 -0.00682231  0.00729529 0.211008 0.364384 -9.37491
1.77667e+09  0.00134331 0.00702613 0.00836056  0.33745 0.195522 -9.02393
1.77667e+09  -0.00185248    0.014483   0.0126216  0.128197 -0.334343  -9.29283
1.77667e+09  -0.00504827   0.0048956   0.0115564  -0.173515 0.00727715    -10.324
1.77667e+09  -0.000787216  -0.00895284    0.0104911 -0.220874  0.310015  -10.5971
1.77667e+09  0.00347384 -0.0142792 0.00623003 -0.0643875   0.460732   -10.1545
1.77667e+09    0.0077349 -0.00575704 0.000903707 0.112056 0.410581 -9.61093
1.77667e+09  -0.00398301  0.00915666 -0.00548788  0.243616 0.0394335   -9.0085
1.77667e+09   -0.0167662   0.0112872 -0.00655314 -0.0494775  -0.357858   -9.60695
1.77667e+09   -0.0220925  0.00596086 -0.00122682 -0.139522   -0.1664  -10.1086
1.77667e+09   -0.0125051 -0.00788757  0.00196897 -0.184634  0.423366   -10.562
1.77667e+09   0.00666963  -0.0132139 -0.00548788 -0.0850132   0.519385   -10.2907
1.77667e+09    0.0173223 -0.00682231 -0.00868367 0.267573 0.305976 -9.29617
1.77667e+09     0.011996  0.00383034 -0.00335735  0.192784 -0.172848  -9.11478
1.77667e+09  -0.00824407  0.00809139  0.00623003 0.0145056 -0.331376  -9.47131
1.77667e+09    -0.024223 -0.00256125   0.0040995  -0.195024 -0.0277901   -10.3595
1.77667e+09    -0.0231578   -0.0185402 -0.000161557 -0.185628  0.273204  -10.5184
1.77667e+09   -0.0071788  -0.0249318 -0.00442261 0.063405 0.478124 -9.89026
1.77667e+09   0.00134331  -0.0121486 -0.00655314 0.251384 0.118306 -9.05899
1.77667e+09  -0.00611354   0.0112872 -0.00335735  0.178443 -0.144784  -9.05754
1.77667e+09   -0.0167662   0.0230051 -0.00335735 -0.133901 -0.297096  -9.88608
1.77667e+09   -0.0146357    0.018744 -0.00442261 -0.209836 -0.120332  -10.3591
1.77667e+09  -0.000787216    0.0112872   -0.0118795 -0.127738  0.400976  -10.5192
1.77667e+09    0.0130612   0.0176788 -0.00761841 0.176391 0.445082 -9.56126
1.77667e+09     -0.024223 -0.000430722   0.00516476 -0.175298 -0.201254  -10.1512
1.77667e+09   -0.0220925 -0.00149599  0.00836056 -0.21508 0.109656 -10.5319
1.77667e+09   -0.0114399 -0.00575704 -0.00335735 -0.250093  0.238333  -10.5322
1.77667e+09  -0.00398301  0.00276507 -0.00335735   0.19216 -0.265826  -9.08575
1.77667e+09    0.0183875 -0.00895284 -0.00761841 0.274769 0.383218 -9.18911
1.77667e+09  -0.00611354  -0.0153444 -0.00974894 -0.176518  0.573383  -10.5984
1.77667e+09   -0.0252883 -0.00469178  0.00303424 -0.112611  -0.34684  -9.92178
1.77667e+09    0.0109307  -0.0132139 -0.00761841 -0.00739668    0.473693    -10.0833
1.77667e+09  -0.00504827  0.00702613 -0.00229209 0.000636365   -0.273905    -9.50013
1.77667e+09   0.00134331   0.0176788 -0.00442261  0.235666 -0.145193  -9.07214
1.77667e+09   -0.0135704   0.0134177 -0.00335735 -0.0554484  -0.312343   -9.86492
1.77667e+09  -0.00504827  0.00169981  0.00516476 0.0568537 -0.312259  -9.29257
1.77667e+09   0.00880016  -0.0121486 0.000903707  0.28002 0.104139 -9.09488
1.77667e+09   -0.0071788  0.00169981 -0.00655314  0.314878 -0.010946  -9.03012
1.77667e+09    0.00880016   -0.0355844 -0.000161557 -0.099789  0.405899  -10.3332
1.77667e+09  -0.00611354    0.014483  0.00729529 -0.0490781  -0.286564   -9.60725
1.77667e+09    0.0183875   0.0272662 -0.00229209  0.272417 0.0958933  -8.98023
1.77667e+09   0.00560437  -0.0110834 -0.00335735 0.119584 0.446677 -9.66125
1.77667e+09     0.0130612 -0.000430722  0.000903707 0.197544 0.444058 -9.48259
1.77667e+09  -0.0114399 -0.0132139 0.00516476   -0.195696 -0.00164498    -10.1305
1.77667e+09  -0.0071788 0.00169981 0.00729529 -0.22851  0.24555  -10.561
1.77667e+09  -0.00291774  -0.0323887 -0.00335735 -0.26393 0.246787 -10.6468
1.77667e+09    0.0130612  -0.0345192 -0.00442261 -0.213335  0.430329  -10.5189
1.77667e+09    0.0205181  -0.0142792 -0.00548788 0.133076 0.381113  -9.5393
1.77667e+09   0.0077349  0.0102219 0.00196897   0.214392 -0.0743577   -9.00788
1.77667e+09  -0.0071788  0.0155482 0.00729529 0.0569253 -0.262946  -9.23548
1.77667e+09  -0.0146357  0.0048956  0.0115564 -0.203158 -0.121737  -10.2302
1.77667e+09  -0.00291774 -0.00788757   0.0104911 -0.24339 0.131767 -10.5748
1.77667e+09    0.0141265 -0.00149599  0.00836056 -0.0707185   0.533282   -10.2694
1.77667e+09    0.0130612    0.014483 -0.00335735 0.273077 0.167928 -9.05214
1.77667e+09  -0.0071788  0.0230051  0.0040995   0.307614 -0.0182281   -9.00857
1.77667e+09   0.00986543 -0.00575704  0.00516476 0.232221 0.328454  -9.3677
1.77667e+09  -0.00185248   0.0166135   0.0136869  0.150162 -0.199761  -9.22904
1.77667e+09   -0.0125051 0.000634542  0.00729529  -0.181453 -0.0790952   -10.2377
1.77667e+09  -0.00611354  -0.0100181  0.00303424 -0.22106 0.281423 -10.5899
1.77667e+09   0.00453911  -0.0100181 -0.00229209 -0.107117   0.40545   -10.283
1.77667e+09   0.00240858  0.00169981 -0.00122682 0.246454  0.36322  -9.2963
1.77667e+09   -0.0135704  0.00915666 -0.00548788 0.308249 0.067769  -9.0519
1.77667e+09  -0.0316799 0.00596086 -0.0129447 0.0363542 -0.281308  -9.50743
1.77667e+09  -0.0316799 -0.0132139 -0.0129447 -0.236522  0.187027  -10.4104
1.77667e+09    -0.0188967   -0.0185402 -0.000161557 -0.227753  0.366971   -10.583
1.77667e+09  -0.000787216  -0.00788757    0.0040995 -0.0153343    0.38732   -9.99692
1.77667e+09    0.00453911    0.0166135 -0.000161557 0.153879 0.294907 -9.49608
1.77667e+09  -0.000787216    0.0283314  -0.00655314   0.27121 -0.188169  -9.08646
1.77667e+09  -0.0071788  0.0230051 0.00196897 -0.0696974  -0.277002   -9.82203
1.77667e+09  -0.0071788 0.00276507 0.00836056  -0.188086 -0.0284528   -10.3023
1.77667e+09  0.000278048  -0.0142792  0.00516476  -0.1561 0.422939 -10.5478
1.77667e+09   0.00986543  -0.0185402 -0.00548788 -0.0567796   0.511087   -10.2049
1.77667e+09   0.00666963  -0.0142792 -0.00974894 0.231446 0.263103 -9.25285
1.77667e+09  0.000278048 -0.00895284 -0.00868367  0.185514 -0.222239  -9.15751
1.77667e+09   -0.0114399 -0.00895284 -0.00229209 -0.0275554  -0.244442   -9.56456
1.77667e+09  -0.00930933  -0.0121486 0.000903707 -0.286528  0.131444   -10.503
1.77667e+09   0.00134331 -0.00895284 0.000903707 -0.221208  0.245925   -10.604
1.77667e+09     0.016257  0.00276507 -0.00442261 0.0916709  0.420811  -9.89017
1.77667e+09    0.0141265   0.0112872 -0.00335735 0.358685 0.131594 -9.06673
1.77667e+09   0.00453911   0.0123524 -0.00122682  0.307077 -0.146038  -9.05817
1.77667e+09   -0.0071788 -0.00256125  0.00729529 -0.111359 -0.118774  -9.91558
1.77667e+09  -0.000787216   -0.0153444   0.00623003 -0.265493  0.123068  -10.4028
1.77667e+09     0.011996   -0.021736 -0.00122682 -0.242214  0.373647  -10.5257
1.77667e+09    0.0183875  -0.0121486 -0.00868367  0.14026 0.374137 -9.56079
1.77667e+09   0.00880016  0.00383034 -0.00974894 0.273642 0.218649 -9.13113
1.77667e+09  -0.00824407  0.00915666 -0.00229209  0.113209 -0.385295  -9.17796
1.77667e+09   -0.0135704  0.00702613 0.000903707 -0.0565199  -0.357492   -9.63556
1.77667e+09   -0.00398301 -0.000430722   0.00516476 -0.257306  0.231199   -10.525
1.77667e+09    0.0109307 -0.00682231  0.00303424 -0.14961 0.470106 -10.2902
1.77667e+09   0.00240858 -0.00788757 -0.00761841 -0.202972 -0.093145  -10.2375
1.77667e+09  0.00347384  0.0048956  0.0104911 -0.0775329  -0.377114   -9.78577
1.77667e+09    0.0215833   -0.021736 -0.00442261 -0.105962   0.49293  -10.4696
1.77667e+09  -0.00504827   0.0240704  0.00303424  0.149853 -0.172578  -9.10025
1.77667e+09  -0.00398301   0.0219398  -0.0108142  0.192269 -0.328656  -9.21439
1.77667e+09   -0.0071788  0.00809139 -0.00655314 -0.153433 -0.130095  -10.1588
1.77667e+09  0.00134331 -0.0132139  0.0040995 -0.279132  0.153133  -10.5389
1.77667e+09    0.011996 -0.0259971 0.00516476 -0.192548   0.41423  -10.3614
1.77667e+09   0.0109307  -0.017475 0.00836056 -0.022787  0.428609  -9.84667
1.77667e+09  -0.000787216  -0.00256125    0.0040995  0.208093 0.0403747  -9.06561
1.77667e+09  -0.0157009 0.00809139 0.00303424 0.0569881 -0.375014  -9.42837
1.77667e+09    -0.0178314   0.00276507 -0.000161557 -0.068946 -0.197689  -9.90829
1.77667e+09  -0.00504827 -0.00469178 0.000903707 -0.149683  0.315558  -10.5116
1.77667e+09    0.0077349 -0.00575704 -0.00335735 -0.0854322   0.398927   -10.3618
1.77667e+09    0.00986543 -0.000430722  -0.00548788  0.15452 0.423014 -9.47513
1.77667e+09  -0.00185248  0.00702613 -0.00655314   0.214878 -0.0378955   -9.08681
1.77667e+09   -0.0114399  0.00383034 -0.00229209 0.0785026 -0.297838  -9.32854
1.77667e+09   -0.0135704 -0.00682231 -0.00122682 -0.195095 0.0281328  -10.2524
1.77667e+09  -0.00398301   -0.017475 -0.00229209 -0.213936  0.309352  -10.5399
1.77667e+09  0.000278048   -0.017475 -0.00442261 -0.0431101    0.41797   -10.1759
1.77667e+09  -0.00398301 -0.00788757 -0.00442261 0.224114 0.234582 -9.24553
1.77667e+09    -0.0188967 -0.000430722  -0.00122682  0.293599 0.0177804  -9.03014
1.77667e+09   -0.0274188 -0.00682231 -0.00229209 -0.0138738   -0.34454   -9.54989
1.77667e+09    -0.019962   -0.017475 -0.00122682 -0.204101 -0.180551  -10.0581
1.77667e+09  -0.00398301  -0.0238665 -0.00548788 -0.256502   0.31066  -10.6256
1.77667e+09     0.0077349   -0.0132139 -0.000161557 0.0344683  0.379185    -9.947
1.77667e+09   0.00453911 0.000634542  0.00942582 0.210898 0.321978 -9.41054
1.77667e+09  -0.00185248   0.0123524   0.0136869  0.26443 -0.06779 -9.00099
1.77667e+09  -0.00930933  0.00702613  0.00729529 0.0785324 -0.269691  -9.29285
1.77667e+09  -0.00185248 -0.00895284 -0.00122682  -0.209489 -0.0491872   -10.3451
1.77667e+09   0.00347384  -0.0196055 -0.00761841 -0.163646  0.351715  -10.5475
1.77667e+09   0.00666963  -0.0121486 -0.00548788 -0.0221465   0.360281   -10.1328
1.77667e+09   -0.0071788  0.00702613 -0.00335735 0.323747 0.232421 -9.13143
1.77667e+09    -0.024223   0.0155482 -0.00229209  0.157044 -0.228645  -9.20031
1.77667e+09   -0.0338104   0.0102219 -0.00122682 -0.034857 -0.336016  -9.66441
1.77667e+09   -0.0274188 -0.00362651 -0.00229209 -0.243124  0.174618  -10.5821
1.77667e+09    -0.0178314  -0.00895284 -0.000161557 -0.22704 0.453191 -10.6478
1.77667e+09  -0.00930933 -0.00682231   0.0040995 0.0773718   0.47004  -9.81153
1.77667e+09  -0.0157009  0.0048956  0.0040995 0.329772 0.109891 -9.00921
1.77667e+09  -0.0167662 0.00915666  0.0040995  0.242932 -0.123875  -9.07227
1.77667e+09   -0.0103746  0.00596086 -0.00122682 -0.0834302  -0.268251   -9.96522
1.77667e+09    0.032236 0.00383034 0.00942582 0.133829 0.474462 -9.60415
1.77667e+09  -0.00398301  0.00596086   0.0115564   0.1832 0.444049  -9.4682
1.77667e+09   0.00560437 -0.00469178  0.00516476 -0.198469  0.445857  -10.6551
1.77667e+09    0.0077349 -0.00895284 -0.00868367 -0.0134462   0.610184   -10.1769
1.77667e+09   0.00880016  -0.0132139 -0.00868367 0.0357351  0.137854  -8.67846
1.77667e+09    0.0077349 -0.00362651  -0.0172058 0.0981776 0.0126176  -8.34883
1.77667e+09   -0.0071788 -0.00575704  -0.0225321 -0.203626 -0.508324  -8.70325
1.77667e+09  -0.0135704 -0.0206707 -0.0182711 -0.699657 -0.568602  -9.98243
1.77667e+09  -0.0125051 -0.0430413 -0.0182711 -0.775153 -0.313416  -10.4558
1.77667e+09  -0.00291774  -0.0494329  -0.0129447 -0.478151  0.452811  -10.3745
1.77667e+09  -0.00504827  -0.0366497 -0.00974894 -0.220111  0.866414  -9.94061
1.77667e+09  -0.0188967 -0.0238665 -0.0129447 0.152431  1.30742 -9.50743
1.77667e+09  -0.0359409 -0.0238665   -0.01401 0.0557373   1.04436  -10.8593
1.77667e+09   -0.0423325  -0.0409108 -0.00761841 -0.155317  0.929687   -11.975
1.77667e+09   -0.0348757  -0.0526287 0.000903707 -0.436052  0.841842  -13.5487
1.77667e+09  -0.0114399 -0.0409108  0.0115564  -0.4152 0.818911 -13.4198
1.77667e+09   0.00986543 0.000634542   0.0168827 -0.00187161    0.784098    -11.1444
1.77667e+09  0.0226486 0.0570936 0.0328616 0.463956 0.307462  -8.2516
1.77667e+09  0.0205181 0.0826599 0.0477753  0.544562 -0.114958  -7.46966
1.77667e+09  0.0215833  0.075203 0.0541669  0.342767 -0.552804  -7.68169
1.77667e+09  0.0343665 0.0368535 0.0456448 0.152137 -0.57938 -8.37529
1.77667e+09   0.0460844 0.00596086  0.0243395 -0.064831 -0.515083   -9.5561
1.77667e+09    0.0482149 -0.00575704   0.0104911  0.129684 -0.196809  -9.49392
1.77667e+09    0.0482149 -0.00575704   0.0104911 0.314606 -0.20114 -9.25133
1.77667e+09   0.0194528 -0.0100181 0.00196897  0.541881 -0.431879  -9.21568
1.77667e+09   0.00880016  -0.0185402 -0.00442261  0.529318 -0.328592  -9.53831
1.77667e+09   0.00986543  -0.0270623 -0.00442261 0.442235 0.144914 -10.4278
1.77667e+09    0.0205181  -0.0249318 -0.00868367 0.309107 0.455468 -10.6863
1.77667e+09    0.0205181  -0.0249318 -0.00868367 0.259076 0.596245 -10.4646
1.77667e+09     0.0173223 -0.000430722  -0.00655314 0.234522 0.433232 -9.84795
1.77667e+09  -0.000787216   0.00915666   0.00516476  0.0808606 -0.0596039   -9.61599
1.77667e+09  -0.0146357 0.00596086  0.0147521 -0.0116744 -0.0295882   -9.67295
1.77667e+09   -0.00930933 -0.000430722    0.0211437 0.0256792  0.241276   -9.7029
1.77667e+09   -0.00930933 -0.000430722    0.0211437 0.0685947   0.32515  -9.58172
1.77667e+09   0.0130612 0.00383034 0.00942582 0.0679245  0.365332  -9.33124
1.77667e+09  0.00880016 0.00596086 0.00196897 -0.0762415 -0.0507202   -9.63674
1.77667e+09   0.00560437 -0.00149599  0.00196897 -0.197762 -0.288154  -10.0004
1.77667e+09   0.0141265 -0.0132139 0.00303424 -0.244534 -0.159128  -10.7097
1.77667e+09   0.0141265 -0.0132139 0.00303424 -0.107201 0.0754852  -10.7758
1.77667e+09   0.0301055 -0.0153444 0.00836056  0.19304 0.472707 -10.1773
1.77667e+09     0.032236 -0.00256125 0.000903707 0.311908 0.506144 -9.39031
1.77667e+09    0.0311707   0.0048956 -0.00122682 0.210454 0.306682 -9.31021
1.77667e+09     0.0237139  0.000634542 -0.000161557  -0.175776 -0.0903716   -9.84376
1.77667e+09     0.0237139  0.000634542 -0.000161557 -0.282281 -0.171543  -10.1652
1.77667e+09    0.0194528 -0.00469178  0.00836056 -0.139166 -0.130308  -10.1517
1.77667e+09   0.0183875 0.00169981  0.0104911   0.15868 0.0496225  -9.22296
1.77667e+09   0.0109307  0.0112872 0.00623003 0.257834 0.158343 -8.80138
1.77667e+09   -0.00611354    0.0102219 -0.000161557  0.165014 0.0963447  -8.92241
1.77667e+09    0.0428886 -0.00256125  0.00516476 0.175015 0.258755 -9.46739
1.77667e+09   -0.0135704  -0.0185402 -0.00442261 -0.0726953   0.134779   -10.3393
1.77667e+09   -0.0263536   0.0155482 -0.00655314 -0.0607872 -0.0124697   -9.90194
1.77667e+09    -0.0231578   0.00596086 -0.000161557 -0.0872086 -0.0551279   -10.5748
1.77667e+09  -0.00185248 -0.00362651   0.0126216 -0.135581  0.153519  -10.7115
1.77667e+09   0.00560437 -0.00362651   0.0104911 -0.00677775    0.342164    -10.4623
1.77667e+09   0.0183875 0.00702613  0.0040995 0.248014 0.564102 -9.41888
1.77667e+09    0.0151917   0.0208746 -0.00442261   0.15823 0.0834159  -9.04406
1.77667e+09  0.00453911  0.0272662 0.00196897 0.000717454   -0.154411    -9.33592
1.77667e+09  -0.0071788  0.0155482  0.0147521  -0.231278 -0.0429609   -10.2376
1.77667e+09  -0.00611354 -0.00575704   0.0115564 -0.229647  0.101999  -10.4673
1.77667e+09  0.00666963  -0.017475 0.00516476 0.0345685  0.351409  -10.0185
1.77667e+09    0.0183875  -0.0110834 -0.00229209  0.32432 0.339287 -9.12472
1.77667e+09    0.0130612  0.00169981 0.000903707 0.308385 0.110249 -9.02343
1.77667e+09  -0.000787216   0.00915666 -0.000161557 0.00143211  -0.250589   -9.68642
1.77667e+09   -0.0146357  0.00809139 -0.00122682 -0.193871 0.0456534  -10.5675
1.77667e+09  -0.00398301   0.0048956 -0.00229209 -0.157054  0.188708  -10.6471
1.77667e+09    0.0141265  0.00383034 -0.00761841 0.105644 0.363637    -9.89
1.77667e+09    0.0269097  0.00702613 -0.00655314 0.239699 0.378438 -9.38227
1.77667e+09    0.0226486   0.0134177 -0.00229209    0.215167 -0.00900736    -9.12273
1.77667e+09  0.00560437  0.0112872 0.00836056 -0.125598 -0.104451   -9.9084
1.77667e+09  -0.00611354 0.000634542   0.0126216 -0.230049  0.107868  -10.3456
1.77667e+09  -0.0071788 -0.0132139 0.00942582 -0.149545  0.372074  -10.4617
1.77667e+09  0.00240858 -0.0164097 0.00516476 -0.0222607   0.381002   -10.0685
1.77667e+09   0.00986543 -0.00362651  0.00303424 0.245437 0.241057  -9.2027
1.77667e+09  0.00453911  0.0102219 0.00623003 0.121389 -0.33331 -9.38589
1.77667e+09  -0.00930933   0.0176788  0.00942582 -0.0774968  -0.398057   -9.82865
1.77667e+09  -0.0188967  0.0123524 0.00729529 -0.271953  0.104047  -10.6247
1.77667e+09    -0.0146357 -0.000430722 -0.000161557 -0.227983  0.303178  -10.6186
1.77667e+09  -0.00291774 0.000634542 -0.00761841 0.00538066   0.413108   -9.75364
1.77667e+09   0.00134331   0.0102219 -0.00868367 0.244339 0.195835 -8.96618
1.77667e+09   -0.0071788   0.0219398 -0.00229209   0.200231 -0.0598115   -9.02219
1.77667e+09     -0.019962    0.0219398 -0.000161557 -0.161677 -0.175248  -9.92225
1.77667e+09  -0.0263536  0.0048956  0.0040995 -0.258932 0.0231128  -10.3952
1.77667e+09   -0.0210272 -0.00256125  0.00196897 -0.164068   0.30842  -10.4972
1.77667e+09  -0.00930933 0.000634542  0.00196897 0.0899419  0.317664  -9.56747
1.77667e+09   -0.00185248    0.0134177 -0.000161557 0.202482 0.255289 -9.15957
1.77667e+09  -0.00504827   0.0112872  0.00196897  0.114765 -0.121287  -9.20055
1.77667e+09  -0.0146357 0.00169981  0.0040995 -0.0840269   -0.16472   -9.63623
1.77667e+09  -0.0167662 -0.0132139 0.00196897 -0.265327  0.102495  -10.4815
1.77667e+09   -0.00824407    -0.021736 -0.000161557 -0.0580197   0.276041   -10.2254
1.77667e+09  0.00560437 -0.0238665  0.0040995 0.0980958  0.369575  -9.76824
1.77667e+09  0.00880016 -0.0142792 0.00303424 0.259258 0.211511  -9.1167
1.77667e+09  0.000278048 -0.00362651  0.00623003  0.165243 -0.036296  -9.19399
1.77667e+09   -0.0167662 -0.00149599  0.00729529 -0.118459 -0.160665  -9.99414
1.77667e+09  0.00880016 -0.0142792 0.00623003 0.0347505  0.351928  -10.0686
1.77667e+09   0.000278048  -0.00256125 -0.000161557 0.120272 0.441624 -9.86175
1.77667e+09    0.00986543     0.014483 -0.000161557  0.185685 -0.109504  -9.02908
1.77667e+09   0.00560437   0.0208746 -0.00974894  0.25282 0.360926 -9.08149
1.77667e+09   0.0247791  0.0315272 0.00836056 0.158312 0.020512 -9.16554
1.77667e+09   0.0077349  0.0198093 0.00623003 -0.0341844  -0.165727   -9.58634
1.77667e+09  -0.00824407 -0.00256125  0.00729529  -0.223251 -0.0685826   -10.5239
1.77667e+09  -0.00824407  -0.0164097  0.00623003 -0.193249  0.124595   -10.618
1.77667e+09   0.00453911  -0.0153444 0.000903707 0.0696625  0.342226  -9.85393
1.77667e+09    0.0109307  0.00276507 -0.00974894  0.272391 0.0958191  -8.97306
1.77667e+09   0.00347384   0.0208746 -0.00335735   0.178594 -0.0812131   -9.00051
1.77667e+09  -0.0114399  0.0134177 0.00623003 -0.169341 -0.253823  -9.90041
1.77667e+09   -0.0135704 -0.00575704  0.00623003 -0.264889 0.0756827  -10.6461
1.77667e+09   0.000278048   -0.0259971 -0.000161557 -0.192577  0.294885  -10.5399
1.77667e+09    0.0151917  -0.0164097 -0.00655314 0.161953 0.423759 -9.55394
1.77667e+09     0.011996  0.00383034 -0.00122682 0.295295 0.261142 -9.12425
1.77667e+09  -0.00185248   0.0251356  0.00303424  0.100547 -0.148998  -9.26482
1.77667e+09   -0.019962  0.0240704 0.00623003 -0.260225 -0.120883  -10.2586
1.77667e+09  -0.0231578  0.0102219  0.0104911 -0.329562 0.0402178  -10.6026
1.77667e+09  -0.00930933  -0.0121486 0.000903707 -0.149919  0.392054  -10.3257
1.77667e+09    0.011996  -0.017475 -0.0108142 0.0342819  0.441792  -9.79688
1.77667e+09   0.0215833 -0.0110834 -0.0193363  0.21589 0.147394 -9.08042
1.77667e+09    0.0141265 -0.00149599  -0.0108142 -0.0557851  -0.208072   -9.60754
1.77667e+09  -0.000787216  0.000634542  -0.00122682 -0.217894 -0.136894  -10.1298
1.77667e+09  -0.00291774 -0.00682231  0.00196897 -0.342584  0.212351  -10.6892
1.77667e+09   0.00666963  -0.0100181 -0.00122682 -0.256743  0.359082  -10.4826
1.77667e+09    0.0173223 -0.00256125 -0.00442261 0.0544991  0.438099  -9.46038
1.77667e+09    0.0205181   0.0048956 -0.00442261  0.0863888 -0.0151799   -9.09343
1.77667e+09     0.016257   0.0048956 -0.00229209 -0.0422203  -0.210287   -9.40709
1.77667e+09   0.00347384 -0.00469178 -0.00122682  -0.27369 -0.055245  -10.3877
1.77667e+09  -0.00398301 -0.00256125 -0.00229209 -0.28618  0.11139 -10.6318
1.77667e+09   0.00134331   0.0112872 -0.00335735 -0.0296207    0.33837   -10.0754
1.77667e+09    0.00986543    0.0315272 -0.000161557  0.32355 0.316045 -8.94559
1.77667e+09     0.011996   0.0443104 -0.00122682 0.385929 0.106443 -8.73018
1.77667e+09   0.00560437   0.0421799 -0.00335735  0.186605 -0.127926  -9.31546
1.77667e+09   0.00453911   0.0208746 -0.00655314  0.0463461 0.00735497   -9.85242
1.77667e+09    0.0109307 -0.00682231 -0.00548788 -0.100386  0.221796  -10.4541
1.77667e+09    0.0215833  -0.0238665 -0.00335735 0.0056971  0.350872  -9.93958
1.77667e+09    0.0258444   -0.017475 -0.00548788 0.0973437  0.381462  -9.53913
1.77667e+09    0.0141265 -0.00256125 -0.00548788  0.0588971 0.00224863   -9.37266
1.77667e+09  -0.00291774  0.00596086 -0.00868367 -0.119457 -0.142465  -9.68628
1.77667e+09   -0.00930933 -0.000430722  -0.00548788 -0.365302 0.0756197  -10.5453
1.77667e+09    0.00240858  -0.00575704 -0.000161557 -0.306679  0.338775  -10.5395
1.77667e+09    0.0237139 -0.00362651  0.00516476 -0.20775 0.411775 -10.1107
1.77667e+09   0.0343665  0.0102219 0.00196897 -0.0183258   0.364759   -9.19475
1.77667e+09    0.0343665   0.0176788 -0.00335735 -0.0271783   0.142484   -9.06488
1.77667e+09    0.0269097   0.0219398 -0.00868367 -0.362433 -0.140098  -9.68509
1.77667e+09   0.0247791 0.00915666 -0.0118795   -0.623166 -0.00074137    -10.5008
1.77667e+09     0.032236 -0.00362651  -0.0118795  -0.630273 0.00645762   -10.5008
1.77667e+09    0.0482149 -0.00682231  -0.0129447 -0.489468  0.160366  -9.66423
1.77667e+09     0.0567371 -0.000430722   -0.0118795 -0.405198  0.218431  -9.15643
1.77667e+09   0.0503455 0.00596086 -0.0161405  -0.436185 -0.0547263   -8.91166
1.77667e+09    0.0290402 -0.00575704  -0.0257279 -0.676012 -0.106515  -9.87704
1.77667e+09    0.016257 -0.0206707 -0.0289237  -0.759273 -0.0073632   -10.4213
1.77667e+09   0.0247791  0.0155482 -0.0534248 -0.894997  0.611483  -9.47075
1.77667e+09   -0.024223 -0.0206707 -0.0619469  -0.75859 -0.145725  -10.8289
1.77667e+09  -0.0146357  0.0240704  -0.246238 -0.110231 -0.521857   -8.8612
1.77667e+09   -0.0338104 -0.00895284   -0.327198   1.00481 -0.118801  -10.2791
1.77667e+09  -0.0178314 0.00383034  -0.290979 0.880837  0.89193 -10.0034
1.77667e+09   -0.0721599 -0.00469178   -0.217475  0.79873 0.973326 -10.8985
1.77667e+09  -0.0785515  -0.017475  -0.198301 0.820151 0.741555 -11.2557
1.77667e+09  -0.0636378 -0.0110834  -0.183387 0.925355 0.622586 -10.8834
1.77667e+09  -0.0433978 0.00809139  -0.167408  1.13513  0.60032 -9.62391
1.77667e+09  -0.0316799  0.0283314  -0.148233  1.11902 0.518107 -9.24395
1.77667e+09  -0.0316799  0.0368535  -0.131189   0.795013 -0.0889931   -9.51913
1.77667e+09  -0.0316799  0.0336577  -0.116275  0.495817 -0.455177  -10.3612
1.77667e+09  -0.0316799  0.0304619  -0.109884  0.495104 -0.632595  -10.4392
1.77667e+09  -0.0231578  0.0304619  -0.114145 0.703979 -1.07134 -9.57906
1.77667e+09  -0.0146357  0.0357883  -0.118406 0.843782 -1.21494 -8.92747
1.77667e+09  -0.0135704  0.0379188  -0.118406 0.933273  -1.4641 -8.36114
1.77667e+09  -0.0220925  0.0283314  -0.109884 0.576054 -1.97246 -9.18798
1.77667e+09  -0.0348757  0.0102219   -0.11308 0.391925 -2.06409 -9.80256
1.77667e+09   -0.0412673 -0.00682231    -0.13332 0.343577 -2.06583  -10.275
1.77667e+09  -0.0391367 -0.0110834   -0.15569 0.420831 -2.09853 -9.94579
1.77667e+09   -0.0348757 -0.00362651   -0.167408  0.64659 -1.91968 -8.84481
1.77667e+09  -0.0370062 0.00383034    -0.1738 0.589859 -1.73547 -8.68058
1.77667e+09  -0.0497894  0.0048956  -0.183387 0.398675 -1.72854 -9.16664
1.77667e+09  -0.0593768 -0.0132139  -0.202562 0.0899251  -1.54088  -10.4692
1.77667e+09  -0.0540504 -0.0345192  -0.207888 0.0563877  -1.35889  -10.7993
1.77667e+09   -0.040202 -0.0483676  -0.206823 0.163497 -1.03747 -10.2712
1.77667e+09  -0.0274188 -0.0398455  -0.208953  0.254974 -0.621512  -9.22065
1.77667e+09  -0.0263536 -0.0185402  -0.227063  0.177043 -0.408348  -9.07792
1.77667e+09   -0.0359409 -0.00469178   -0.238781  -0.133092 -0.0843272   -9.77955
1.77667e+09   -0.0487241 -0.00682231   -0.240911 -0.223021  0.100446  -10.3241
1.77667e+09  -0.0487241 -0.0153444  -0.239846 -0.176474  0.517386  -10.6985
1.77667e+09  -0.0316799 -0.0142792  -0.248368 0.0162581   1.00596  -9.87074
1.77667e+09   -0.0146357 -0.00256125   -0.250499 0.0728957    1.1933   -9.4278
1.77667e+09  -0.0114399 0.00915666  -0.241977 -0.0687414    1.41585   -9.44234
1.77667e+09  -0.0220925 0.00809139  -0.223867 -0.174018   1.48551  -9.87179
1.77667e+09   -0.0231578 -0.00362651   -0.206823 -0.18447  1.63691 -10.7102
1.77667e+09   0.0290402  0.0102219 -0.0310542 0.640527  1.58942 -9.66139
1.77667e+09   0.00347384   0.0379188 -0.00974894 0.180051 -1.12878 -9.04631
1.77667e+09  -0.0295494  0.0922473  -0.179126 0.0297889 -0.693494  -10.3149
1.77667e+09  -0.0444631   0.280799  -0.287783   0.91228 -0.558816  -11.0718
1.77667e+09  -0.0114399   0.381999  -0.387918 0.282082  0.55901 -8.96071
1.77667e+09  -0.0114399   0.376673  -0.386853 0.132491 0.674097 -8.91748
1.77667e+09  -0.024223  0.367085 -0.382591 -0.244563  0.584426  -9.53829
1.77667e+09  -0.0380715   0.355368  -0.383657 -0.293655  0.377112  -10.1244
1.77667e+09  -0.0380715   0.357498  -0.379396 -0.193949  0.333064  -10.0961
1.77667e+09  -0.0295494   0.368151  -0.375135 -0.00211262    0.538467    -9.46052
1.77667e+09  -0.0178314   0.378803  -0.373004 -0.00944613    0.692343    -9.16751
1.77667e+09  -0.0188967   0.376673  -0.364482 -0.32995 0.824843 -9.26674
1.77667e+09  -0.0231578   0.364955  -0.362351 -0.564387  0.655727  -9.92372
1.77667e+09  -0.024223  0.357498 -0.348503 -0.521394  0.543389  -10.1311
1.77667e+09  -0.0146357   0.357498  -0.346372 -0.215036  0.537726  -9.87482
1.77667e+09  0.0812381  0.380934 -0.292044 0.374756 0.984799 -10.2305
1.77667e+09  0.0375623  0.410761 -0.181257 -0.138506   1.00748  -10.5575
1.77667e+09    0.115327   0.437393 -0.0459679 0.776613 0.859952 -8.88562
1.77667e+09   0.566999  0.239254 0.0648196  0.279036 -0.445872  -9.67982
1.77667e+09      1.35529 -0.00256125  -0.0321195 0.300663 -1.84804 -9.92475
1.77667e+09      1.41495 -0.00575704   -0.050229 0.194203 -1.59234 -9.73194
1.77667e+09     1.46608 -0.0270623 -0.0683385 0.0732692  -1.62465  -9.93888
1.77667e+09     1.51402 -0.0515634 -0.0800564 -0.12552 -1.83645 -10.6388
1.77667e+09     1.56409 -0.0718034 -0.0853827 -0.0121857   -2.08598   -10.7458
1.77667e+09     1.62907 -0.0707382 -0.0960353 0.157676 -2.19057 -10.4454
1.77667e+09     1.69511 -0.0675424  -0.104557 0.342733 -1.86479 -9.72438
1.77667e+09    1.75264 -0.073934  -0.11521 0.264973 -1.63009 -9.59606
1.77667e+09    1.80377 -0.098435 -0.123732 -0.0760893   -1.52293   -9.98154
1.77667e+09    1.85597 -0.128262 -0.136515 -0.146779  -1.75856  -10.5674
1.77667e+09    1.91775 -0.149568 -0.146103 -0.0328146   -1.85896   -10.6177
1.77667e+09     1.9838  -0.15809 -0.156755 0.306983 -2.09601 -10.0813
1.77667e+09    2.04772  -0.16022 -0.161016 0.399357 -1.97214 -9.73853
1.77667e+09    2.10204 -0.165547 -0.166343 0.236925   -1.502 -9.54633
1.77667e+09    2.15744 -0.181526 -0.168473 -0.104093  -1.54204  -10.1747
1.77667e+09    2.22135 -0.210288  -0.17593 -0.131911  -1.63779  -10.5394
1.77667e+09    2.29699 -0.243311 -0.182322 0.131542 -1.93075 -10.7256
1.77667e+09    2.37369  -0.26142 -0.189779 0.301852 -1.99197 -10.4827
1.77667e+09     2.4408  -0.26142 -0.191909  0.40141 -1.67865 -9.85434
1.77667e+09    3.21098 -0.426536 -0.178061 0.548825  -0.8745 -9.85124
1.77667e+09    3.82138 -0.518149 -0.130124 0.381883 -1.66597 -10.3699
1.77667e+09     4.27625  -0.716288 -0.0821869 -0.0962817   -2.00966   -9.09142
1.77667e+09     4.34975  -0.994322 -0.0779259 -0.573119  -2.33552  -8.15676
1.77667e+09    4.07704  -1.30751 -0.141842 -0.85165 -2.75322 -8.86262
1.77667e+09    4.04509  -1.33414 -0.143972 -0.806741  -2.14452  -8.47866
1.77667e+09    3.99928  -1.34906 -0.146103 -0.949977  -2.22118  -8.51344
1.77667e+09    3.94069  -1.37675 -0.151429 -1.25496 -2.23966 -9.19219
1.77667e+09     3.8853  -1.40551 -0.158886 -1.21798 -2.25049 -9.55755
1.77667e+09    3.84695  -1.42895 -0.159951 -0.962723  -2.60248  -9.54302
1.77667e+09    3.80966  -1.43854 -0.166343 -0.699583  -2.42629   -8.9077
1.77667e+09    3.76918  -1.44173 -0.172734 -0.705606  -2.09329  -8.70137
1.77667e+09    3.71166  -1.45132 -0.180191 -0.905406  -2.09751  -8.79347
1.77667e+09    3.65094  -1.47902 -0.192974 -1.03265 -2.07123 -9.14385
1.77667e+09    3.59022  -1.50671 -0.203627 -0.981491  -2.25791  -9.75204
1.77667e+09    3.53376  -1.52695 -0.207888 -0.685537  -2.90418   -9.5861
1.77667e+09    3.47837  -1.53122 -0.204692 -0.571843  -2.89312  -9.38619
1.77667e+09   3.42723  -1.5408 -0.21428 -0.563563  -2.58127  -9.21566
1.77667e+09    3.37077  -1.54826 -0.224932 -0.649802  -2.69406  -9.25773
1.77667e+09    3.30473  -1.56104 -0.229193 -0.805793  -2.82933  -9.81498
1.77667e+09    3.24401  -1.57702 -0.233454 -0.699359  -3.17631  -10.1435
1.77667e+09    3.19714  -1.58874 -0.243042 -0.515797  -3.43707  -9.92131
1.77667e+09    3.15772  -1.58661 -0.259021 -0.231452  -3.26176  -9.22163
1.77667e+09    3.12257  -1.57915 -0.265412 -0.288572  -3.07866  -8.94998
1.77667e+09    3.08422  -1.58554 -0.273934 -0.582436  -3.21156  -8.91934
1.77667e+09    3.05439  -1.60791 -0.279261 -0.794295  -3.22329   -9.6487
1.77667e+09    3.02882  -1.62283 -0.284587 -0.816035  -3.42739  -9.88407
1.77667e+09    3.01711  -1.62815 -0.286718 -0.598981  -4.01058  -9.53897
1.77667e+09    3.01072  -1.62922 -0.294174 -0.456525  -3.84495  -9.14649
1.77667e+09    3.00113  -1.63881 -0.304827 -0.511945  -3.19398  -8.61898
1.77667e+09    2.98728  -1.66331 -0.311219 -0.862327  -3.40163  -8.88853
1.77667e+09    2.97556  -1.68887 -0.314415 -0.954491  -3.51087  -9.26717
1.77667e+09    2.96917  -1.70911 -0.311219 -0.861237  -3.70019  -9.66071
1.77667e+09    2.97024   -1.7187 -0.308023 -0.720529   -3.9745  -9.46691
1.77667e+09    2.97663  -1.72296 -0.305892 -0.466054  -3.97795  -8.68757
1.77667e+09    2.98195  -1.72616 -0.316545 -0.685497  -3.47874  -8.49521
1.77667e+09    2.98408  -1.73788 -0.320806 -0.885392  -3.60951  -8.75865
1.77667e+09    2.98515  -1.76025 -0.325067 -1.04237 -4.04927 -9.51515
1.77667e+09    2.98834  -1.78262 -0.318676 -0.772666  -4.41499  -9.56509
1.77667e+09    3.00219  -1.79327 -0.324002 -0.575158  -4.64181  -9.19273
1.77667e+09   3.01391 -1.78475 -0.33572 -0.362492  -4.43134  -8.37827
1.77667e+09    3.42191  -1.80712 -0.394309 -0.167071  -4.23735  -10.7647
1.77667e+09     3.5572  -1.51098 -0.462486 -0.406395  -4.51161  -10.2182
1.77667e+09    3.26531  -1.25425 -0.526402 -0.778676   -4.4678  -9.96587
1.77667e+09    2.75079  -1.00178 -0.527467 -1.30016 -4.39139 -7.90834
1.77667e+09    2.41843 -0.918689 -0.546642  -1.9428 -5.45637 -7.72889
1.77667e+09     2.4163 -0.930406 -0.548773 -1.74588 -5.94445 -7.59893
1.77667e+09    2.41736 -0.930406 -0.553034 -1.56206 -6.09924  -7.2841
1.77667e+09    2.42375 -0.921884 -0.560491 -1.40463 -5.70731 -6.72792
1.77667e+09    2.43334 -0.920819 -0.562621  -1.7904 -5.68915 -6.74042
1.77667e+09    2.43867 -0.924015 -0.565817 -1.95495  -5.8845  -6.9966
1.77667e+09    2.44506 -0.937863 -0.563686 -1.84689 -5.94622 -7.33346
1.77667e+09    2.45784 -0.948516 -0.566882 -1.44218 -6.16815 -6.94066
1.77667e+09    2.47489 -0.952777 -0.574339 -1.25797  -6.2587 -6.63326
1.77667e+09    2.49087 -0.947451 -0.583926 -1.20526 -5.63417 -6.40694
1.77667e+09    2.49193 -0.948516 -0.581796 -1.40362 -5.41679 -6.55726
1.77667e+09     2.4898 -0.962364 -0.589253 -1.76603 -5.52665 -7.30695
1.77667e+09    2.49726 -0.971952 -0.590318 -1.58781 -5.90848 -7.77889
1.77667e+09    2.51111 -0.970887 -0.595644 -1.37482  -6.0689 -7.63605
1.77667e+09    2.52069 -0.962364 -0.587122 -1.05662 -6.24305 -6.95657
1.77667e+09    2.52922 -0.966625 -0.577535 -1.09237 -6.09544 -6.72068
1.77667e+09    2.53135 -0.979409  -0.57647 -1.56873 -5.84526 -7.02015
1.77667e+09    2.54413 -0.998583  -0.57647 -1.93293 -6.19173 -7.63995
1.77667e+09    2.56756  -1.00604 -0.587122  -1.8403 -6.30566 -7.74019
1.77667e+09      2.591 -0.995388 -0.594579 -1.40008 -6.56366 -7.34026
1.77667e+09    2.61231 -0.975148 -0.595644 -1.27917 -6.48931 -7.06187
1.77667e+09    2.68901 -0.897383 -0.625472 -1.70309 -5.83288 -7.39909
1.77667e+09    2.51217 -0.828141 -0.575404 -1.33077 -6.22673 -6.21052
1.77667e+09    2.16596 -0.791922  -0.51575 -1.61985 -4.73304 -6.97438
1.77667e+09    1.36914 -0.726941  -0.35809 -1.58236 -5.53454  -6.7206
1.77667e+09  -0.0497894  -0.659829 -0.0896438 -1.28503  -5.1737 -5.36291
1.77667e+09   -0.113705  -0.651307 -0.0757953 -1.12113 -5.04332 -5.02768
1.77667e+09   -0.201057  -0.647046 -0.0651427 -1.26885  -4.5581 -4.92871
1.77667e+09   -0.201057  -0.647046 -0.0651427 -1.71625 -4.52462 -5.67142
1.77667e+09   -0.376826  -0.666221 -0.0267932 -1.80839 -4.63378 -6.05722
1.77667e+09    -0.448198   -0.667286 -0.00761841 -1.53149 -5.04153  -6.1858
1.77667e+09   -0.513179  -0.652372 0.00836056 -1.14155 -5.18051  -5.5283
1.77667e+09  -0.582422 -0.634263 0.0296658  -1.0987 -4.98457 -5.21423
1.77667e+09  -0.582422 -0.634263 0.0296658 -1.43215 -4.60255 -5.30011
1.77667e+09  -0.748603  -0.64385  0.074407 -1.68115   -4.625 -5.64969
1.77667e+09  -0.832759 -0.653438 0.0935817 -1.88734 -4.84445 -6.29228
1.77667e+09  -0.904131 -0.649177  0.109561 -1.51017 -5.06313 -6.18581
1.77667e+09  -0.971243 -0.640655  0.124474 -1.27584 -5.11882 -5.85015
1.77667e+09  -0.971243 -0.640655  0.124474 -1.21883  -4.7831 -5.27892
1.77667e+09   -1.11931 -0.614023  0.164954 -1.41032 -4.53852 -5.30764
1.77667e+09   -1.20667 -0.605501   0.18626  -1.8369 -4.55611 -5.95715
1.77667e+09   -1.28976 -0.602305  0.204369 -1.87282 -4.94217 -6.50679
1.77667e+09   -1.36326 -0.593783  0.223544   -1.695 -5.07959 -6.48561
1.77667e+09   -1.36326 -0.593783  0.223544 -1.27631 -5.21135 -5.86409
1.77667e+09   -1.49855 -0.555433  0.259763 -1.19847  -5.1582 -5.56392
1.77667e+09   -1.57418 -0.541585  0.282133 -1.47502 -4.78453 -5.58559
1.77667e+09   -1.65195 -0.543716  0.297047 -1.92258 -4.76553 -6.30676
1.77667e+09   -1.72865 -0.551172  0.315157 -1.96571 -4.99734  -6.5992
1.77667e+09   -1.72865 -0.551172  0.315157 -1.59626 -5.39998 -6.62083
1.77667e+09   -1.87139 -0.533063  0.343919 -1.36842  -5.3976 -6.37848
1.77667e+09   -1.94276 -0.517084  0.372681 -1.23246 -5.08975 -5.94358
1.77667e+09   -2.01627 -0.506431  0.393986 -1.59558 -5.01922 -6.21422
1.77667e+09   -2.09297 -0.506431    0.4089 -1.78782 -5.09948 -6.54236
1.77667e+09   -2.61175 -0.423341  0.511165 -1.14502  -6.1796 -6.11853
1.77667e+09   -3.01975 -0.347707  0.619822 -1.87594 -5.98233 -7.26155
1.77667e+09   -3.17314 -0.281661  0.677347 -1.93381  -6.3205 -7.59645
1.77667e+09   -3.34678 -0.163416  0.780677 -1.65019  -6.1613 -6.71767
1.77667e+09   -3.42561 -0.102696  0.909574 -1.44943 -6.53317 -7.48337
1.77667e+09    -3.41922 -0.0824561     0.9149 -1.29281 -6.30492 -6.95515
1.77667e+09    -3.42242 -0.0590203   0.918096 -1.58382 -5.80531 -6.73379
1.77667e+09    -3.43626 -0.0441066   0.926618 -1.88118   -5.605  -7.2058
1.77667e+09    -3.45757 -0.0462371    0.93301  -2.2637 -5.74593 -8.37778
1.77667e+09    -3.46503 -0.0462371   0.939402 -1.83802 -6.35528 -8.45613
1.77667e+09    -3.47035 -0.0345192   0.942597 -1.53929 -6.34119 -8.03514
1.77667e+09    -3.47248 -0.0164097   0.954315 -1.34793 -6.01087 -7.07068
1.77667e+09      -3.4842 -0.00149599    0.969229 -1.51158 -5.81782 -6.97042
1.77667e+09     -3.49485 -0.00469178    0.984143 -2.06405 -5.46856 -7.81418
1.77667e+09    -3.51296 -0.0281276   0.995861 -2.22071 -5.88634 -8.62806
1.77667e+09    -3.52149 -0.0387802    1.00119 -1.98693 -6.19616 -8.53483
1.77667e+09   -3.52894 -0.017475   1.01077 -1.48202 -6.10997  -7.6998
1.77667e+09   -3.52894 0.0283314   1.01717 -1.41882 -5.99451 -7.20646
1.77667e+09    -3.5396 0.0645504   1.02462  -1.7177 -5.66527 -7.04881
1.77667e+09   -3.55557 0.0698767   1.02356 -2.21346 -5.50728 -8.06392
1.77667e+09   -3.57794 0.0560283   1.02462  -2.3061 -5.73014 -8.48506
1.77667e+09   -3.58966 0.0443104   1.03634 -1.93687 -6.08428 -8.37083
1.77667e+09   -3.59392 0.0475062   1.04806 -1.48138 -5.84855 -7.47173
1.77667e+09   -3.58966 0.0624199   1.05445 -1.48925 -5.73129 -7.08546
1.77667e+09   -3.59499 0.0773336   1.06084 -1.90027 -5.26837 -7.33601
1.77667e+09    -3.6131 0.0762683   1.06297 -2.14825 -5.23877 -7.89349
1.77667e+09   -3.63121 0.0677462   1.08002 -2.22685   -5.694 -8.60734
1.77667e+09   -3.64825 0.0581588   1.08641 -1.79215 -5.75787 -8.35857
1.77667e+09   -3.65145 0.0634851   1.09706 -1.61485 -5.71438 -7.90846
1.77667e+09   -3.65145 0.0869209   1.09919 -1.70757 -5.33412 -7.36533
1.77667e+09  -3.65784 0.107161  1.10239 -1.92743 -5.15878 -7.56549
1.77667e+09  -3.67915 0.110357  1.11197 -2.31747  -5.2025 -8.48003
1.77667e+09   -3.70045 0.0975736   1.12263 -2.22587 -5.59998 -8.73664
1.77667e+09   -3.71536 0.0933125   1.13115 -2.02642 -5.60378 -8.55857
1.77667e+09    -3.7111 0.0975736   1.14074 -1.73618 -5.55137 -7.70087
1.77667e+09  -3.71004 0.112487  1.14819 -1.79295 -5.31116 -7.43662
1.77667e+09  -3.71749 0.121009  1.15672 -2.18967 -4.97464 -7.88722
1.77667e+09   -3.7388 0.121009  1.15778 -2.48932  -5.3351 -8.59322
1.77667e+09  -3.76011 0.124205  1.15991    -2.39 -5.52055 -8.67887
1.77667e+09  -3.77395 0.127401  1.16417 -1.96958 -5.45796  -8.2372
1.77667e+09  -3.78141  0.14551  1.17056 -1.84941 -5.40678 -7.78684
1.77667e+09  -3.78887  0.16362  1.18015 -1.96338 -5.04681 -7.32945
1.77667e+09  -3.80378 0.168946  1.18441 -2.40259 -4.82803 -8.07297
1.77667e+09   -3.8155 0.164685  1.19293 -2.58822 -5.05021 -8.47217
1.77667e+09  -3.82083 0.147641   1.1908 -2.33899 -5.34986 -8.68699
1.77667e+09  -3.82402 0.140184  1.18654 -2.08219 -5.29057 -8.45934
1.77667e+09  -3.82296 0.149772  1.18761 -1.90637 -5.27232 -7.63673
1.77667e+09  -3.82935 0.161489  1.19826 -2.10425 -4.82909 -7.56599
1.77667e+09     -3.84 0.166816  1.20572 -2.28717 -4.55949 -7.95291
1.77667e+09  -3.86024 0.150837  1.21211 -2.62205 -4.84802 -8.68768
1.77667e+09  -3.87515 0.135923  1.21957 -2.50902 -5.10542 -8.72297
1.77667e+09  -3.87941 0.133793  1.22596 -1.95327 -5.03843 -8.14592
1.77667e+09  -3.88261 0.142315  1.22383 -1.88965 -4.73939 -7.48148
1.77667e+09  -3.89646  0.14551   1.2217 -2.06761 -4.64445 -7.53113
1.77667e+09  -3.92096 0.136988  1.22702 -2.51281 -4.32408 -8.43974
1.77667e+09  -3.9444 0.12314 1.23235 -2.64758  -4.4251 -8.88266
1.77667e+09  -3.96144 0.107161  1.22915 -2.35025 -4.97625 -8.95345
1.77667e+09  -3.96677 0.108226  1.23448 -1.83004 -4.74701 -8.17638
1.77667e+09  -4.45998 0.129532  1.34207 -1.78292 -2.92597 -8.51359
1.77667e+09  -4.6219 0.20197 1.44114 -2.14696 -2.37459 -9.77447
1.77667e+09  -4.61019 0.471481  1.50186 -1.89072 -2.47825 -9.64639
1.77667e+09  -4.41844 0.536463  1.47949 -2.57793 -2.70639 -9.68503
1.77667e+09  -4.07329 0.520484  1.38894   -2.125 -1.55951 -8.64647
1.77667e+09  -4.04666 0.524745  1.39107 -2.38587 -1.12591 -8.96208
1.77667e+09  -4.02962 0.511961  1.38788 -2.59276 -1.25616 -9.26846
1.77667e+09  -4.00938 0.500244  1.39214 -2.53663 -1.65255 -9.59651
1.77667e+09  -3.99659 0.501309  1.39214  -2.0804 -1.60413 -9.19792
1.77667e+09  -3.97209 0.509831  1.39001 -1.96794 -1.66672 -8.76854
1.77667e+09  -3.94866 0.510896  1.37616 -1.96846 -1.48581 -8.33961
1.77667e+09  -3.73987 0.497048  1.30585  -2.01431 -0.491848  -9.95479
1.77667e+09   -3.5609 0.599313    1.292  -1.66677 -0.439621  -9.13317
1.77667e+09   -3.3585 0.633402  1.28135 -1.67534 -0.70319 -9.14636
1.77667e+09  -0.925437  0.510896   1.13221  -1.83014 -0.210696  -9.05454
1.77667e+09  -0.104118  0.502374  0.899987 -1.47709 0.916581 -8.09418
1.77667e+09  -0.0284841   0.493852   0.866964 -1.88984 0.518682 -9.20766
1.77667e+09  0.0151917  0.484265  0.842463 -1.64837 0.301544 -9.12201
1.77667e+09  0.0631286   0.48746  0.821157 -1.47855 0.281018 -8.67877
1.77667e+09  0.0993476  0.493852  0.798787  -1.3731 0.548604 -7.77091
1.77667e+09   0.13024 0.491721 0.775351 -1.48673   0.7131 -7.71375
1.77667e+09  0.155807 0.477873 0.751915 -1.83502 0.581561  -8.4491
1.77667e+09  0.183504 0.458698 0.718892 -1.87657 0.312162 -9.24268
1.77667e+09  0.210135 0.443785 0.683738 -1.70542   0.2744  -9.2004
1.77667e+09  0.234636 0.441654 0.656041   -1.322  0.39683 -8.30763
1.77667e+09  0.257007 0.451241 0.635801 -1.24414 0.569331 -7.82892
1.77667e+09  0.265529 0.453372 0.610235 -1.42875 0.862185 -7.70749
1.77667e+09  0.261268  0.44485 0.576146 -1.79659 0.848483 -8.78697
1.77667e+09  0.252746  0.42674 0.552711 -1.83808  0.75465 -9.32348
1.77667e+09  0.255941 0.420349 0.529275 -1.51721 0.651261 -9.28166
1.77667e+09  0.264464 0.427806 0.494121 -1.27541 0.743737 -8.80343
1.77667e+09  0.262333 0.440589 0.451511 -1.13187  1.26324 -8.16177
1.77667e+09  0.246354 0.445915 0.415292 -1.47774  1.58761 -8.86322
1.77667e+09  0.218657 0.434197 0.391856 -1.66136  1.56758 -9.50675
1.77667e+09  0.193091 0.413957 0.366289 -1.62326  1.49681 -10.2801
1.77667e+09  0.177112 0.410761 0.340723 -1.40244  1.45753 -10.1378
1.77667e+09  0.162198 0.425675 0.310896 -0.904256   1.70636  -9.16731
1.77667e+09  -0.523832  0.567355 0.0104911 -0.948781     3.567  -9.79783
1.77667e+09  -2.28578 0.760168 0.474946 -1.20169  3.54746 -9.05174
1.77667e+09  -1.39522 0.620618 0.569755 -0.973995   1.68451  -7.68449
1.77667e+09  -0.514245  0.458698    0.3077 -0.741288   1.74286   -8.7171
1.77667e+09    0.17072   0.40437 -0.050229 -1.16828  2.62147 -9.85012
1.77667e+09   0.353946  0.455502 -0.200431 -0.601353   3.83638  -8.60473
1.77667e+09  0.306009 0.464025 -0.27713 -0.537175   4.72572  -9.17447
1.77667e+09   0.118522  0.536463 -0.203627 -0.278449   4.54497  -9.86248
1.77667e+09  -0.313975  0.651511  -0.11308 -0.591942   5.21018  -9.09028
1.77667e+09   -0.962721   0.751646 -0.0566206 -0.516657   4.93275  -10.5934
1.77667e+09    -1.0064  0.753776 -0.050229 -0.296484   4.82848   -10.372
1.77667e+09    -1.04475   0.764429 -0.0417069 0.135532  4.91129 -9.14274
1.77667e+09     -1.0831   0.782539 -0.0278584 0.170444  5.09803 -8.62092
1.77667e+09  -1.12997 0.784669 -0.01401 -0.199043   5.33922   -8.8421
1.77667e+09     -1.17364    0.779343 -0.00122682 -0.625053   5.08471  -10.0206
1.77667e+09   -1.20986  0.775082 0.0040995 -0.617656     4.924  -10.3422
1.77667e+09   -1.23436  0.785734 0.0115564 -0.277081   4.76635  -9.89921
1.77667e+09   -1.25354  0.810235 0.0147521 -0.093417   4.77947  -9.27714
1.77667e+09   -1.27697  0.831541 0.0264701 -0.0451902    5.03343   -8.37611
1.77667e+09   -1.30361  0.835802 0.0403185 -0.485439   5.08088  -9.09743
1.77667e+09   -1.33876  0.819823 0.0552322 -0.705951   4.88252  -9.69707
1.77667e+09   -1.36752  0.808105 0.0616238 -0.691378   4.55345  -10.2902
1.77667e+09   -1.39096  0.814497 0.0658848 -0.527821   4.52148  -10.1118
1.77667e+09  -1.39841 0.836867 0.078668 -0.189029   4.44293  -9.04611
1.77667e+09   -1.40694  0.848585 0.0925164 -0.260902   4.68098  -8.55978
1.77667e+09  -1.42185 0.842193 0.103169 -0.487819   4.77945  -8.90281
1.77667e+09  -1.43676  0.82941 0.104234  -0.8371  4.35746 -9.81598
1.77667e+09  -1.44209 0.823019   0.1053 -0.795244   4.10157  -9.92971
1.77667e+09  -1.44102 0.833671 0.102104 -0.440704   4.01299  -9.28657
1.77667e+09  -1.43783 0.848585 0.104234 -0.251405   4.09892  -8.12773
1.77667e+09  -1.43889 0.854977 0.111691 -0.330143   4.20455  -7.92727
1.77667e+09  -1.44422  0.84752  0.12767 -0.784544   4.33673  -8.55577
1.77667e+09  -1.45487 0.833671 0.136192 -1.02738  3.95365  -9.1975
1.77667e+09  -1.45913  0.82728 0.138323 -0.935534   3.80942  -9.12575
1.77667e+09  -1.45061 0.821953 0.131931 -0.574121   3.81821  -8.25389
1.77667e+09  -1.43463 0.817692 0.126605 -0.475558   3.87613  -7.74616
1.77667e+09  -1.42824 0.801713 0.123409 -0.603266   4.09751  -7.66051
1.77667e+09  -1.43357 0.787865 0.123409 -1.03521  4.07804 -8.81127
1.77667e+09  -1.43996 0.770821 0.126605 -1.12762  3.85585 -9.29686
1.77667e+09   -1.07138  0.523679 0.0264701 -0.955024   2.84063  -9.18608
1.77667e+09   -0.670838   0.381999 -0.0491637 -0.22603  3.12836 -8.74686
1.77667e+09     1.71961   0.279734 -0.0875132 -0.269741   3.40643  -10.0798
1.77667e+09    1.90604 -0.383926  -0.65743 -0.274223   4.76046  -10.7084
1.77667e+09    2.22029 -0.272073 -0.434789 -0.0686007    4.19318   -9.13876
1.77667e+09    2.23733 -0.252898 -0.423072 -0.183211   4.22861  -9.00944
1.77667e+09    2.22881 -0.245442  -0.41881 -0.402487   4.04078  -9.93855
1.77667e+09    2.22455 -0.242246 -0.404962 -0.457996   4.03205   -10.418
1.77667e+09    2.22455 -0.233724 -0.388983 -0.288662   3.58219  -10.5101
1.77667e+09    2.24372 -0.215614 -0.381526 -0.126618   3.41261  -10.1235
1.77667e+09    2.25225 -0.191113 -0.382591 -0.0186622    3.93989   -9.51035
1.77667e+09    2.24905 -0.165547   -0.3762 -0.276657   3.66672   -9.7371
1.77667e+09    2.22348 -0.143176 -0.359156 -0.376595   3.43651  -10.1295
1.77667e+09    2.19898 -0.118675 -0.339981 -0.360717   3.33566  -10.7307
1.77667e+09     2.18194 -0.0973698  -0.328263 -0.246847   3.30513  -10.6452
1.77667e+09     2.17874 -0.0664771  -0.328263 0.0772882   3.02925  -9.78633
1.77667e+09     2.17342 -0.0313234  -0.329328 0.0851033   3.45903  -9.30118
1.77667e+09      2.15318 -0.00256125   -0.327198 -0.0852822    3.53407   -9.50117
1.77667e+09    2.12655 0.0155482 -0.322937 -0.356387     3.075  -10.3501
1.77667e+09    2.10418 0.0315272 -0.321871 -0.306493   2.87771  -10.6217
1.77667e+09    2.09246 0.0581588 -0.324002 0.0133946   2.79957  -10.2649
1.77667e+09    2.08394 0.0890515 -0.328263  0.29637   2.9359 -9.24276
1.77667e+09    2.07222  0.117814 -0.330393 0.317147  3.03202 -8.90668
1.77667e+09    2.05304  0.130597 -0.321871 0.033313  3.18088 -9.24249
1.77667e+09    1.95717  0.347911 -0.308023 0.0301469   2.44224  -9.51154
1.77667e+09    2.07861  0.549246 -0.330393 0.0537992   1.60709  -9.43658
1.77667e+09   2.76144 0.982808 -0.43692 -0.936916 -0.465146  -9.42311
1.77667e+09   4.58624 0.116748 -1.11656 0.366515  1.14892 -13.6685
1.77667e+09   4.99743 0.574812 -0.92268 -0.171236  -1.68859  -5.61201
1.77667e+09    5.13166  0.482134 -0.925876 0.000819609   -0.938656     -6.5899
1.77667e+09    5.23925  0.391587 -0.935464 0.00860639  -0.621801   -8.27415
1.77667e+09    5.31701  0.311692 -0.952508 -0.0363001  -0.438347   -9.42049
1.77667e+09     5.3511  0.265885 -0.971683 0.102349 0.115118  -11.357
1.77667e+09    5.36495  0.258429 -0.983401  0.27467 0.038582 -11.7013
1.77667e+09     5.3511  0.279734 -0.990857 0.645005 0.108491 -11.2308
1.77667e+09    5.32447  0.319149 -0.998314 0.581378 0.798602 -10.3453
1.77667e+09   5.27653 0.354302 -1.00044 -0.705703   1.04055  -9.77423
1.77667e+09    5.20942  0.378803 -0.992988 -7.77862  4.48257  -5.0201
1.77667e+09     5.0507  0.402239 -0.989792  -12.18 8.98946 1.77175
1.77667e+09    4.6182 0.377738 -1.00044 -14.2868  19.7565  24.1952
1.77667e+09   3.74575 0.135923  -1.0079 -4.18233  22.5786  40.8625
1.77667e+09    2.49087 -0.525606 -0.954638 2.11626 19.9226 38.0354
1.77667e+09    1.09963  -1.62389 -0.831068 7.42725 11.0424  1.8458
1.77667e+09  -0.0881389   -2.88197  -0.673409 4.81813 7.17914 -28.038
1.77667e+09  -0.894544  -3.80875 -0.542381   -6.371  1.22544 -86.0648
1.77667e+09   -1.28869  -3.99304 -0.458225    -12.093 -0.0781906   -104.794
1.77667e+09   -1.37711  -3.32619 -0.400701 -9.68069 0.888462 -92.3706
1.77667e+09  -1.28869 -2.14374 -0.35809  2.49578  4.01619 -37.0725
1.77667e+09   -1.13316  -1.02308 -0.320806  8.74276  5.45399 -7.04612
1.77667e+09  -0.968047 -0.449972 -0.271804 13.0401  8.6959  23.412
1.77667e+09  -0.819975 -0.537324  -0.19617  3.82133  9.71051 -3.11518
1.77667e+09   -0.668708  -0.955973 -0.0939048 -2.38652  8.66329 -25.4808
1.77667e+09  -0.513179  -1.22442 0.0126216  -7.9784  6.24779 -44.3633
1.77667e+09  -0.384282  -1.07635  0.112756 -6.15837   5.4688 -34.9162
1.77667e+09  -0.290539  -0.66409  0.196912  1.55562  4.63385 -2.98989
1.77667e+09  -0.243667 -0.328532  0.268285 5.40299 3.92054 9.20412
1.77667e+09  -0.206383    1.5474  0.106365  2.07657  -2.2631 -15.5677
1.77667e+09  0.0301055  0.135923  0.204369  0.354877 -0.455131  -10.9191
1.77667e+09  0.129175 0.415022 0.189455 -0.206216  0.809017  -9.91895
1.77667e+09  -0.181882  -0.19857  0.225674 0.0044586  -1.41354  -12.3528
1.77667e+09  -0.00930933   0.0123524    0.325809 -0.668791 -0.906135  -11.1485
1.77667e+09  -0.415175  0.219014  0.189455 -1.58681 -1.84607  -9.7078
1.77667e+09    0.16859 -0.173004 -0.102427 0.778867 0.907876 -11.4424
1.77667e+09  0.00666963 -0.0451718  0.0211437   0.86523 -0.759713  -10.2185
1.77667e+09   -0.0146357 0.000634542  0.00942582 -0.318865  0.162521  -11.4053
1.77667e+09  -0.00398301  -0.0259971  0.00623003 -0.419831  0.104756  -11.2398
1.77667e+09   0.00240858  -0.0387802 -0.00335735 -0.376879  0.364121  -10.8544
1.77667e+09  0.000278048  -0.0355844 -0.00655314 -0.150489  0.404459  -10.1467
1.77667e+09  -0.0135704  -0.021736 0.00196897   0.236504 0.00452352   -9.07277
1.77667e+09  -0.0284841 -0.0121486 0.00623003   0.15784 -0.205329  -9.38661
1.77667e+09  -0.0327451 -0.0142792 0.00303424 0.0469136 0.0721123  -9.90998
1.77667e+09   -0.019962 -0.0153444 0.00516476 -0.155881   0.50775  -10.4765
1.77667e+09  0.000278048 -0.00788757   0.0040995 -0.192115  0.541743  -10.2831
1.77667e+09  0.00986543  0.0048956 0.00836056 0.0178182  0.337524  -9.35236
1.77667e+09  0.00666963  0.0112872 0.00729529  0.219967 -0.359528  -9.01389
1.77667e+09  -0.00611354   0.0112872  0.00623003 0.169758 -0.57003 -9.29206
1.77667e+09  -0.0125051 0.00276507 0.00836056 0.0179821 -0.181152  -10.2096
1.77667e+09   -0.0125051 -0.00362651  0.00623003 -0.0152682   0.106891   -10.4541
1.77667e+09  0.00453911 -0.0121486 0.00516476 0.0134915  0.338619  -10.1401
1.77667e+09    0.0194528  -0.0110834 -0.00335735 0.139639 0.295195 -9.51033
1.77667e+09    0.0215833 -0.00469178  -0.0108142 0.109687 0.088129 -9.45204
1.77667e+09   0.00986543 0.000634542  -0.0108142 -0.118777 -0.203664  -9.97248
1.77667e+09  0.000278048 -0.00149599 -0.00442261 -0.174244 -0.100034  -10.2877
1.77667e+09  -0.00291774 -0.00682231 -0.00335735 -0.121889  0.320037  -10.2826
1.77667e+09  -0.00185248 -0.00682231 -0.00548788 0.0680266  0.351592  -9.38131
1.77667e+09  -0.00185248   0.0048956 -0.00868367 0.165979 0.218359 -9.00169
1.77667e+09    0.0247791 -0.00469178 -0.00442261  0.270803 -0.119174  -8.86475
1.77667e+09   0.00880016   0.0230051 -0.00335735 0.166015 0.197416 -9.04457
1.77667e+09   -0.0125051   0.0251356 -0.00335735 -0.0200349  -0.264491   -9.70058
1.77667e+09   0.00986543  -0.0398455 -0.00442261 -0.000249114     0.578858     -9.91901
1.77667e+09    0.0109307 -0.00682231  0.00836056 -0.0508868    0.46535   -9.92546
1.77667e+09  0.00453911 0.00702613 0.00836056 0.200958 0.124662 -8.93703
1.77667e+09   -0.0146357   0.0166135 -0.00122682 0.0845522 -0.434329  -9.23491
1.77667e+09   -0.0327451   0.0048956 -0.00655314 -0.0412159  -0.277577   -9.79352
1.77667e+09   -0.0284841  -0.0142792 -0.00655314 -0.220758   0.30333  -10.6401
1.77667e+09  -0.00185248  -0.0249318 -0.00868367 -0.184464  0.430866  -10.5978
1.77667e+09    0.0247791  -0.0196055 -0.00655314 0.0986505  0.532513  -9.66866
1.77667e+09    0.0301055 -0.00682231 -0.00655314   0.257732 -0.0243511   -9.05843
1.77667e+09   0.0077349 0.00169981 0.00303424  0.163456 -0.378135  -9.22837
1.77667e+09   -0.0135704 -0.00256125  0.00623003 -0.103395 -0.123527  -10.1519
1.77667e+09   -0.0188967  -0.0121486 0.000903707 -0.220963   0.33081  -10.5399
1.77667e+09   0.00240858  -0.0153444 -0.00229209 -0.193217  0.363213  -10.2538
1.77667e+09    0.0183875 -0.00256125 -0.00122682 0.117591 0.314716 -9.30979
1.77667e+09   0.0279749  0.0155482 0.00942582  0.229705 0.0757385  -9.05871
1.77667e+09   0.0173223  0.0198093 0.00729529 0.0430353 -0.359875  -9.49998
1.77667e+09   0.00347384   0.0123524 -0.00229209 -0.237123 0.0660508  -10.4313
1.77667e+09  -0.00930933 -0.00362651  -0.0108142 -0.24942 0.317423  -10.597
1.77667e+09  -0.00504827 -0.00469178 -0.00122682 -0.0724495   0.416098   -9.96811
1.77667e+09  0.00347384 0.00276507 0.00729529 0.104032  0.35904 -9.44597
1.77667e+09  0.00880016  0.0112872 0.00729529   0.250072 -0.0748542   -8.99373
1.77667e+09   0.00453911   0.0102219 -0.00548788 -0.0771576  -0.291858   -9.75748
1.77667e+09   0.00134331 0.000634542 -0.00974894  -0.202604 -0.0640344   -10.2949
1.77667e+09   0.00240858  -0.0110834 -0.00335735 -0.16365 0.323642 -10.5903
1.77667e+09    0.0077349  -0.0132139 -0.00122682 -0.0503801   0.368579   -10.2187
1.77667e+09    0.0077349 -0.00256125  0.00196897 0.266971 0.276199  -9.1743
1.77667e+09  -0.000787216    0.0134177   0.00196897  0.206785 -0.215912  -9.10035
1.77667e+09  0.000278048 -0.00682231  0.00729529 0.0899495  0.373809  -9.48177
1.77667e+09   -0.0071788 -0.00895284  0.00942582 -0.234583  0.304804  -10.7689
1.77667e+09   0.00986543  -0.0121486 -0.00761841 0.147796 0.466378 -9.52541
1.77667e+09   -0.0114399   0.0123524 -0.00974894 -0.0412875  -0.326889   -9.85061
1.77667e+09   0.00134331 -0.00575704 0.000903707 -0.206653  0.260563  -10.6543
1.77667e+09   0.0109307 -0.0121486  0.0040995 -0.127701  0.485268  -10.3978
1.77667e+09    0.0194528 0.000634542  0.00836056 0.175707 0.478209 -9.31792
1.77667e+09  0.00453911  0.0155482 0.00516476 0.236843 0.110723  -9.0016
1.77667e+09   -0.0178314   0.0176788 0.000903707 0.0284128 -0.395753  -9.46395
1.77667e+09  -0.0316799  0.0048956 0.00196897  -0.208825 -0.0402786    -10.517
1.77667e+09   -0.0231578 -0.00575704  0.00196897 -0.256763  0.204683  -10.7183
1.77667e+09  -0.00185248 -0.00469178 -0.00229209 -0.064444   0.52371  -10.0402
1.77667e+09    0.0130612  0.00702613 -0.00548788 0.118914 0.486859 -9.41077
1.77667e+09   0.00880016   0.0102219 -0.00442261  0.220937 -0.104205  -8.88605
1.77667e+09  -0.00185248   0.0048956 -0.00122682 -0.0490375  -0.370634   -9.75013
1.77667e+09   -0.0103746  -0.0100181 -0.00335735 -0.159969 -0.135301  -10.3378
1.77667e+09  -0.00398301  -0.0196055 -0.00335735 -0.206006  0.339579  -10.7119
1.77667e+09   0.00666963  -0.0185402 -0.00229209 0.0845936  0.547355  -9.71162
1.77667e+09   0.00666963 -0.00575704 -0.00335735 0.231962 0.432948 -9.13181
1.77667e+09  -0.00398301   0.0123524  0.00196897  0.213609 -0.195853  -8.97873
1.77667e+09   -0.019962  0.0208746 0.00729529 0.0572398 -0.339219  -9.44285
1.77667e+09  -0.0231578   0.014483 0.00516476  -0.22235 0.0602648  -10.5746
1.77667e+09    -0.0157009 -0.000430722   0.00196897 -0.198928  0.409469  -10.5833
1.77667e+09   0.000278048  -0.00256125 -0.000161557 -0.0505925   0.431112   -10.0614
1.77667e+09  0.0109307 0.0048956 0.0040995 0.222707 0.111307  -9.0445
1.77667e+09     0.0109307   0.00596086 -0.000161557  0.228101 -0.160346  -8.97894
1.77667e+09    0.00240858 -0.000430722  -0.00442261 -0.012439 -0.207155  -9.73666
1.77667e+09   0.00240858  -0.0132139 -0.00761841 -0.213551   0.37359  -10.5473
1.77667e+09   0.00880016  -0.0185402 -0.00761841 -0.205656  0.529996  -10.5122
1.77667e+09    0.0151917  -0.0121486 -0.00229209 0.0264317  0.425824   -9.6249
1.77667e+09  0.00986543 0.00383034 0.00516476 0.152043 0.163391 -9.18759
1.77667e+09  -0.00504827   0.0134177  0.00942582 0.141487 -0.44959 -9.19216
1.77667e+09  -0.0146357  0.0048956  0.0040995 -0.147295 -0.287381  -10.1224
1.77667e+09  -0.00824407  -0.0132139 -0.00442261  -0.22993 0.0240204    -10.51
1.77667e+09   0.00986543   -0.017475 -0.00655314 -0.142086  0.478129  -10.3834
1.77667e+09     0.0215833 -0.000430722  -0.00229209 -0.0146877   0.557535   -9.91169
1.77667e+09    0.016257  0.0198093 0.00196897 0.259763 0.297137 -9.12422
1.77667e+09  0.00240858  0.0325925 0.00623003  0.101276 -0.132886  -9.44392
1.77667e+09  -0.0071788  0.0251356 0.00729529 -0.0756772  -0.105234      -9.88
1.77667e+09  -0.00291774   0.0102219  0.00196897 -0.15766 0.222057 -10.4252
1.77667e+09   0.00560437 -0.00469178 -0.00655314 -0.0860637   0.341003   -10.2757
1.77667e+09  -0.00398301  0.00276507  0.00623003 -0.321565  0.182884  -10.6176
1.77667e+09  -0.00930933   0.0230051  0.00303424    0.272066 -0.00332469     -9.0371
1.77667e+09  0.00880016  0.0112872   -0.01401 0.331163 0.212075  -9.2388
1.77667e+09    0.016257 0.00276507 0.00303424 0.287645 0.189622 -9.09527
1.77667e+09   0.00986543 -0.00682231 -0.00335735  0.22367 0.219285 -9.14521
1.77667e+09   0.00134331 -0.00149599 -0.00761841  0.293699 0.0812032  -8.95879
1.77667e+09  -0.00185248 -0.00469178 -0.00442261 -0.0135219  -0.336521   -9.63586
1.77667e+09  -0.00398301   -0.017475  0.00196897 -0.222406 0.0320439  -10.6031
1.77667e+09  0.00240858 -0.0249318 0.00196897 -0.177255  0.409927  -10.6479
1.77667e+09  0.00347384 -0.0185402 0.00196897 0.0345393  0.519696  -9.74707
1.77667e+09  -0.00185248  0.00383034   0.0040995   0.27184 0.0521534  -8.88695
1.77667e+09  -0.0135704  0.0166135 0.00516476  0.206926 -0.131323  -9.00761
1.77667e+09  -0.0167662 0.00915666 0.00516476 -0.168811 -0.273358  -10.0794
1.77667e+09   -0.0071788 -0.00788757  0.00516476  -0.251707 -0.0679334   -10.5596
1.77667e+09   0.0130612 -0.0164097 0.00516476 -0.155282   0.61469   -10.477
1.77667e+09     0.0194528  -0.00895284 -0.000161557 0.154096 0.456881  -9.3034
1.77667e+09  0.00560437 0.00383034 -0.0108142 0.279625 0.166153 -8.88746
1.77667e+09   -0.0114399   0.0155482 -0.00868367 0.0787619 -0.205898  -9.25731
1.77667e+09   -0.0231578   0.0123524 -0.00229209 -0.112088 -0.226085  -9.87932
1.77667e+09  -0.00824407  0.00169981  0.00729529 -0.278408  0.127136  -10.7823
1.77667e+09   0.0141265 -0.0100181 0.00516476 -0.106195  0.597498  -10.2408
1.77667e+09    0.0311707 -0.00362651 -0.00122682 0.0768297  0.496556  -9.61828
1.77667e+09    0.0183875   0.0123524 -0.00335735   0.27808 -0.118873  -8.90059
1.77667e+09   -0.00611354    0.0240704 -0.000161557  0.192131 -0.293973  -9.12144
1.77667e+09  -0.0210272  0.0166135 0.00729529 -0.124749 -0.172186  -10.2519
1.77667e+09   -0.0114399 -0.00469178   0.0040995 -0.220237  0.318849  -10.7619
1.77667e+09  0.00880016 -0.0153444 0.00303424 -0.120197  0.535326  -10.4195
1.77667e+09    0.0141265 -0.00256125 -0.00335735 0.239129 0.390843 -9.20329
1.77667e+09   0.00240858   0.0155482 -0.00122682  0.328935 0.0654102  -8.84431
1.77667e+09   -0.0125051    0.018744 -0.00229209  0.171209 -0.306318    -9.286
1.77667e+09  -0.0157009  0.0112872 0.00196897  -0.17298 0.0298514  -10.4387
1.77667e+09  -0.00291774  0.00276507  0.00196897 -0.256762  0.218719  -10.6968
1.77667e+09     0.011996  0.00276507 0.000903707 -0.0646215   0.460065   -10.0901
1.77667e+09    0.0194528  0.00915666 -0.00122682 0.126027  0.43057 -9.48934
1.77667e+09     0.0109307     0.014483 -0.000161557  0.277998 -0.147168  -8.92196
1.77667e+09   -0.00504827    0.0102219 -0.000161557 0.0298736 -0.258294  -9.65788
1.77667e+09   -0.0178314 -0.00256125  0.00623003  -0.138373 -0.0298298   -10.2166
1.77667e+09  -0.00930933  -0.0164097  0.00623003 -0.263291  0.360857  -10.6473
1.77667e+09  0.00560437 -0.0132139 0.00516476 -0.163799  0.470542  -10.3188
1.77667e+09     0.011996  0.00276507 -0.00229209 0.160487 0.349426 -9.26002
1.77667e+09   0.00240858    0.014483 -0.00974894  0.206132 -0.337036  -9.10701
1.77667e+09   -0.0146357   0.0123524 -0.00655314 0.0858874 -0.360367  -9.49303
1.77667e+09    -0.024223 -0.00362651 -0.00548788 -0.164981  0.186554  -10.4322
1.77667e+09   -0.0252883  -0.0110834 -0.00442261 -0.220713  0.352569  -10.5758
1.77667e+09   -0.0178314 -0.00682231 -0.00548788 -0.0719822   0.508632   -9.95418
1.77667e+09   -0.0135704   0.0048956 -0.00655314 0.209004 0.148205   -9.152
1.77667e+09   -0.0125051  0.00596086 -0.00442261  0.214127 -0.208407  -9.14339
1.77667e+09   -0.0157009 -0.00256125 -0.00229209 -0.0406402  -0.247873   -9.90823
1.77667e+09  -0.0103746 -0.0185402 0.00196897 -0.151467 0.0929912  -10.3603
1.77667e+09  0.00134331 -0.0238665 0.00942582 -0.170745  0.415059  -10.4618
1.77667e+09  0.0130612 -0.017475 0.0040995 0.104584 0.402706 -9.53209
1.77667e+09   0.00986543 -0.00256125 -0.00122682 0.266937 0.311178 -9.10999
1.77667e+09  -0.00291774   0.0102219 -0.00761841   0.19246 -0.257955   -9.1574
1.77667e+09  -0.000787216   0.00169981  -0.00548788  0.328837 0.0160237  -8.89424
1.77667e+09    0.016257  0.0251356 0.00623003  0.257741 0.0458305   -8.9513
1.77667e+09     0.0183875    0.0123524 -0.000161557 -0.0926338    0.56721   -10.0832
1.77667e+09  0.00560437  0.0240704 0.00303424 0.0202427  0.491763  -9.78985
1.77667e+09  -0.00398301  0.00702613  0.00729529 0.0853219 -0.411088  -9.41404
1.77667e+09  -0.0125051 0.00276507  0.0104911 -0.0755567  -0.175045   -10.0229
1.77667e+09   -0.00291774 -0.000430722    0.0040995 -0.277114  0.376367  -10.7547
1.77667e+09    0.0130612  0.00383034 -0.00442261 -0.0928633   0.503416   -10.1188
1.77667e+09     0.016257  0.00915666 -0.00974894 0.133539 0.445574 -9.56822
1.77667e+09   0.00880016  0.00915666 -0.00442261  0.328608 -0.138969  -9.07262
1.77667e+09   -0.00504827 -0.000430722   0.00516476 0.192419 -0.37032 -9.32164
1.77667e+09  -0.00824407  -0.0153444  0.00942582  -0.181135 -0.0360966   -10.2593
1.77667e+09  -0.00185248  -0.0206707   0.0136869 -0.220649  0.436935  -10.4616
1.77667e+09   0.0109307 -0.0132139 0.00516476 -0.129125    0.4321  -10.0825
1.77667e+09    0.0151917  0.00383034 -0.00122682  0.23066  0.21877 -9.10227
1.77667e+09  0.00347384 -0.0206707 0.00942582 -0.30678 0.170117 -10.7752
1.77667e+09   -0.0135704   0.0230051 -0.00548788 0.0364989 -0.365081  -9.67896
1.77667e+09   0.0183875 0.00702613   -0.01401 0.168246 0.358117 -9.41764
1.77667e+09   0.0130612 -0.0345192 0.00942582 0.104976 0.417854 -9.61809
1.77667e+09    0.0141265  -0.0398455 -0.00335735 -0.234734  0.437667  -10.5188
1.77667e+09    0.0205181  -0.0313234 -0.00122682 0.0329307  0.346738  -9.56731
1.77667e+09    0.0130612 -0.00788757 0.000903707  0.151393 0.0703388   -9.1514
1.77667e+09   -0.00185248    0.0102219 -0.000161557  0.113112 -0.434682  -9.22789
1.77667e+09  -0.0071788 0.00915666 0.00729529 -0.110062 -0.037905  -10.1522
1.77667e+09    0.00134331 -0.000430722   0.00942582 -0.164597  0.236756   -10.461
1.77667e+09     0.016257 -0.00256125  0.00623003 -0.0855768     0.4827   -10.1903
1.77667e+09  -0.00504827  0.00276507  0.00516476 -0.266078 0.0231824  -10.3952
1.77667e+09   0.00453911 -0.00682231 -0.00442261 -0.0929933   0.503046    -10.083
1.77667e+09    0.00666963   0.00809139 -0.000161557   0.314332 -0.0125028   -8.87972
1.77667e+09     -0.019962 -0.000430722   0.00303424 -0.153789 -0.166186  -10.1157
1.77667e+09   0.0130612 0.00702613  0.0040995  0.14015  0.42293 -9.45358
1.77667e+09   0.00666963  -0.0153444 -0.00442261 -0.227516  0.395711  -10.6046
1.77667e+09     0.016257 -0.00788757 -0.00655314 -0.0853131   0.511514   -10.2191
1.77667e+09    0.0077349   0.0048956 -0.00335735 0.231002 0.247807 -9.15252
1.77667e+09  -0.00824407   0.0112872   0.0040995   0.257076 -0.0683134   -8.94366
1.77667e+09  -0.0188967 0.00383034  0.0104911 0.0363086 -0.330546  -9.57168
1.77667e+09   -0.0135704 -0.00788757   0.0126216  -0.24359 0.0961205  -10.5747
1.77667e+09  -0.0135704 -0.0153444 0.00623003 -0.256256  0.304346  -10.7044
1.77667e+09   -0.0146357 -0.00682231 -0.00548788 0.00624613     0.4717   -9.90428
1.77667e+09   -0.0252883  0.00702613 -0.00868367 0.167774  0.32871 -9.33158
1.77667e+09   -0.0231578  0.00915666 -0.00655314  0.256088 -0.267565  -8.97864
1.77667e+09   -0.0157009 -0.00469178 -0.00442261 -0.0192911  -0.241324   -9.87255
1.77667e+09   0.00134331   -0.017475 -0.00868367 -0.180336 0.0152916  -10.4028
1.77667e+09    0.0183875  -0.0164097 -0.00335735 -0.227739  0.374026  -10.5759
1.77667e+09    0.0258444 0.000634542 -0.00122682 -0.100105  0.468136  -10.1472
1.77667e+09    0.0215833   0.0219398 0.000903707 0.230511 0.169236 -9.13787
1.77667e+09    0.0077349   0.0262009 0.000903707  0.177617 -0.392681  -9.21406
1.77667e+09  -0.00291774   0.0176788  0.00729529 0.0226074 -0.279612  -9.65776
1.77667e+09  -0.00504827  0.00383034  0.00623003 -0.21432  0.25915  -10.511
1.77667e+09   0.00347384 0.000634542  0.00196897 -0.206153  0.409316  -10.5618
1.77667e+09   0.00986543  0.00383034 -0.00868367 0.027443 0.505878 -9.78278
1.77667e+09    0.0077349  0.00702613 -0.00761841  0.315092 0.0317561  -9.02314
1.77667e+09  -0.00398301 0.000634542 -0.00229209  0.270637 -0.295035  -9.09318
1.77667e+09  -0.0135704 -0.0132139 0.00196897 -0.0686601  -0.196874   -9.98707
1.77667e+09   -0.0167662  -0.0249318 -0.00548788 -0.191905  0.359938  -10.6261
1.77667e+09  -0.00930933  -0.0164097    -0.01401 -0.156346  0.429253   -10.469
1.77667e+09  -0.00291774 -0.00362651  -0.0150753 0.111185  0.30988 -9.52458
1.77667e+09  -0.000787216    0.0112872  -0.00442261   0.25151 0.0906038  -9.13765
1.77667e+09   -0.0220925   0.0102219 -0.00122682   0.271716 0.00269265   -8.92971
1.77667e+09    0.0130612 -0.00788757 -0.00122682 -0.205919  0.409983  -10.6263
1.77667e+09  0.00134331  0.0134177 0.00516476 0.167688 0.272342  -9.3958
1.77667e+09  -0.0210272  0.0134177  0.0104911 -0.020617 -0.245104  -9.50731
1.77667e+09     0.011996 -0.00149599 -0.00229209 -0.235548  0.182789  -10.6896
1.77667e+09     0.016257 -0.00469178  -0.0118795 -0.0919515   0.520047    -10.348
1.77667e+09   0.0109307 0.00596086 -0.0108142 0.0844979  0.512005  -9.74012
1.77667e+09  -0.00504827 0.000634542 -0.00335735   0.300092 -0.0122153   -8.89398
1.77667e+09  -0.00504827 0.000634542 -0.00335735  0.071253 -0.389264  -9.44271
1.77667e+09  -0.0274188 -0.0153444  0.0115564 -0.0897714  -0.174684   -10.0444
1.77667e+09  -0.0167662 -0.0100181 0.00836056 -0.263379  0.290453  -10.7329
1.77667e+09  0.00134331 0.00276507 0.00303424 -0.191924  0.416009  -10.5333
1.77667e+09    0.0130612   0.0198093 -0.00761841 0.175606 0.400749 -9.41069
1.77667e+09    0.0130612   0.0198093 -0.00761841  0.284695 -0.204643  -8.88594
1.77667e+09   0.00880016   0.0112872 0.000903707  0.162996 -0.414523   -9.1566
1.77667e+09  0.00986543 -0.0110834 0.00942582 -0.173733 0.0277015   -10.231
1.77667e+09   0.0194528  -0.021736 0.00623003 -0.28506 0.325048 -10.6112
1.77667e+09    0.0205181  -0.0132139 -0.00335735 -0.170823  0.506036  -10.2974
1.77667e+09    0.0205181  -0.0132139 -0.00335735 0.174419 0.271086 -9.28124
1.77667e+09  -0.00824407  0.00702613 -0.00122682   0.243159 -0.0741173   -9.05815
1.77667e+09   -0.0220925 0.000634542  0.00836056 0.0573502 -0.388013  -9.55006
1.77667e+09  -0.0220925 -0.0132139  0.0158174 -0.171931  0.194197  -10.4752
1.77667e+09  -0.0071788 -0.0238665  0.0104911 -0.20613 0.381317 -10.6118
1.77667e+09  -0.0071788 -0.0238665  0.0104911 -0.0293297   0.472493   -9.94707
1.77667e+09  0.00453911 -0.0238665 0.00303424 0.132564 0.344577 -9.45321
1.77667e+09   0.00134331  -0.0142792 -0.00548788   0.22806 -0.272711  -9.14319
1.77667e+09  -0.00930933 -0.00575704 -0.00548788 -0.0406003  -0.240744   -9.90826
1.77667e+09   -0.0167662  -0.0100181 -0.00442261 -0.137186 0.0998331   -10.346
1.77667e+09   -0.0167662   0.0112872 -0.00548788  0.114052 -0.298705  -9.27859
1.77667e+09   -0.0167662 -0.00788757  0.00836056  -0.173519 -0.0207955   -10.3668
1.77667e+09   -0.0146357  -0.0110834 -0.00548788 -0.240994  0.559529  -10.5766
1.77667e+09    0.0333012  -0.0121486 0.000903707 0.181923 0.321145 -9.30297
1.77667e+09   0.00453911 -0.00575704 -0.00548788 0.113659 -0.32789 -9.21401
1.77667e+09  -0.00824407  0.00383034 -0.00655314 -0.0203145  -0.314396   -9.70037
1.77667e+09    -0.0157009  -0.00149599 -0.000161557 -0.214489  0.160451   -10.618
1.77667e+09  -0.0114399 -0.0142792 0.00623003 -0.213121  0.381832  -10.6548
1.77667e+09   0.00240858  -0.0164097 0.000903707 0.0560424  0.512654  -9.77579
1.77667e+09   0.00666963 0.000634542 -0.00548788  0.264662 0.0100399  -8.94403
1.77667e+09  -0.00185248   0.0123524 -0.00655314  0.199045 -0.280673  -9.03559
1.77667e+09   -0.0157009    0.014483 -0.00229209 -0.133113 -0.238727  -10.0152
1.77667e+09   -0.0220925 -0.00469178 -0.00229209 -0.258422 0.0456129  -10.5028
1.77667e+09   -0.0135704  -0.0121486 -0.00335735 -0.206043  0.451721  -10.5262
1.77667e+09  -0.00291774  -0.0153444 0.000903707 0.147176 0.401473 -9.45352
1.77667e+09  -0.00398301  -0.0121486  0.00623003 0.258744 0.160938 -9.05204
1.77667e+09  -0.0146357 -0.0110834 0.00836056  0.163666 -0.363505  -9.26424
1.77667e+09   -0.024223 -0.0132139  0.0115564  -0.166597 -0.0425497   -10.3381
1.77667e+09  -0.0178314 -0.0206707  0.0126216 -0.25664 0.254144 -10.6755
1.77667e+09  -0.000787216   -0.0238665   0.00516476 -0.0994637   0.505043   -10.2691
1.77667e+09    0.0151917  -0.0100181 -0.00335735 0.0838245  0.432915  -9.67534
1.77667e+09    0.0141265    0.014483 -0.00122682    0.28561 -0.0687402   -8.92948
1.77667e+09  0.000278048   0.0283314   0.0040995 0.0719662 -0.303044  -9.50752
1.77667e+09  -0.0135704  0.0208746 0.00303424 -0.0822396  -0.110515   -10.0518
1.77667e+09   -0.0178314 -0.00362651 0.000903707 -0.24193 0.360426 -10.6259
1.77667e+09  -0.00824407  -0.0164097  0.00303424 -0.185072  0.450178  -10.3974
1.77667e+09  0.00240858 -0.0164097 0.00303424 0.139221 0.279973 -9.41717
1.77667e+09  -0.00504827 -0.00575704 -0.00655314 0.270888 -0.25924 -9.10765
1.77667e+09    -0.024223  0.00169981 -0.00335735 0.149959 -0.35468 -9.41459
1.77667e+09   -0.0412673  0.00169981 0.000903707 -0.151641 0.0574186  -10.3673
1.77667e+09  -0.0327451 0.00169981 0.00836056 -0.213954  0.274224  -10.5899
1.77667e+09    -0.0103746 -0.000430722    0.0040995 -0.0861944   0.431831    -10.097
1.77667e+09   0.0141265 0.00383034  0.0126216 0.256719 -0.20964 -9.06482
1.77667e+09   -0.0071788   0.0230051 -0.00442261  0.206377 -0.252151  -9.04291
1.77667e+09  -0.00185248  0.00915666  0.00196897 -0.285092  0.282865  -10.6683
1.77667e+09  -0.0210272 0.00276507  0.0040995  -0.201717 -0.0334412   -10.4955
1.77667e+09  0.00453911 0.00702613 0.00516476  0.299429 -0.112323  -8.86492
1.77667e+09  -0.0135704  0.0134177 0.00836056 0.0365762  -0.27366   -9.5576
1.77667e+09    -0.019962 0.000634542  0.00196897 -0.124928 -0.144632  -10.1589
1.77667e+09  -0.00824407  -0.0132139 0.000903707 -0.227671  0.304067  -10.7045
1.77667e+09   0.00666963  -0.0228013 -0.00122682 0.0212857     0.614  -9.89062
1.77667e+09   0.0130612 -0.0100181 0.00196897 0.196801 0.420891 -9.31062
1.77667e+09   0.00347384  0.00596086 -0.00229209  0.242059 -0.238612  -9.00734
1.77667e+09  -0.00611354   0.0134177  0.00196897 -0.0540897  -0.161144   -10.0088
1.77667e+09  -0.00824407  0.00702613  0.00729529 -0.186776 0.0454356  -10.5532
1.77667e+09   0.00347384 -0.00149599   0.0040995 -0.177109  0.431389  -10.6551
1.77667e+09     0.0194528  -0.00149599 -0.000161557 -0.0282962   0.524548    -10.155
1.77667e+09    0.0183875  0.00702613 -0.00229209 0.287344 0.167715 -9.04505
1.77667e+09  0.00134331  0.0123524 0.00196897  0.227024 -0.444038  -9.12099
1.77667e+09   -0.0188967   0.0048956 0.000903707 0.0650222 -0.344491  -9.62906
1.77667e+09   -0.0220925  -0.0164097 0.000903707 -0.264022   0.23951  -10.6324
1.77667e+09  -0.00930933  -0.0387802   0.0040995 -0.291469  0.397375  -10.7046
1.77667e+09  0.00666963  -0.041976  0.0040995 -0.0155049   0.471019   -9.81823
1.77667e+09     0.011996  -0.0238665 -0.00229209   0.236059 -0.0248094   -8.99387
1.77667e+09  0.000278048 -0.00575704 -0.00761841  0.213174 -0.337403   -9.0784
1.77667e+09    -0.0125051 -0.000430722  -0.00548788 -0.0541036  -0.168199   -10.0159
1.77667e+09   -0.0178314 -0.00895284 -0.00122682 -0.193558  0.151778  -10.4892
1.77667e+09  -0.00398301  -0.0110834   0.0040995 -0.220294  0.473026  -10.5047
1.77667e+09   0.00453911 -0.00575704 0.000903707 0.104538 0.444667 -9.45349
1.77667e+09  -0.00185248  0.00915666  0.00196897  0.22329 0.197155  -9.0735
1.77667e+09    -0.0157009     0.018744 -0.000161557 0.120811 -0.37705 -9.29261
1.77667e+09   -0.019962  0.0176788 0.00303424 -0.0194833  -0.220825    -9.7867
1.77667e+09    -0.0114399 -0.000430722   0.00623003 -0.199182  0.359637  -10.5903
1.77667e+09  -0.00185248  -0.0164097  0.00196897 -0.100187  0.439841  -10.1686
1.77667e+09   0.00134331  -0.0228013 -0.00442261 0.0762825  0.389764  -9.63216
1.77667e+09  -0.00185248  -0.0164097 -0.00868367  0.321454 -0.103846  -9.01545
1.77667e+09  -0.00611354  -0.0110834 -0.00335735  0.241696 -0.422047  -9.19277
1.77667e+09  -0.00504827 -0.00788757  0.00196897 -0.0748909    -0.1521   -10.1734
1.77667e+09   0.00666963 -0.00788757 -0.00229209 -0.177095  0.438444   -10.648
1.77667e+09      0.016257 -0.000430722 -0.000161557 -0.149418  0.449607  -10.3761
1.77667e+09     0.016257  0.00915666 0.000903707  0.16041 0.258005 -9.38138
1.77667e+09  -0.00291774   0.0176788 -0.00548788  0.213381 -0.245611  -8.99284
1.77667e+09  -0.00824407   0.0123524 -0.00548788  0.135012 -0.293267  -9.13548
1.77667e+09   0.00453911  0.00596086 0.000903707 0.0425876 -0.403244  -9.44251
1.77667e+09   -0.0157009 -0.00362651 -0.00122682 -0.271837 0.0973628  -10.6676
1.77667e+09  -0.00185248   -0.017475  0.00516476 -0.270777  0.254728  -10.7184
1.77667e+09      0.011996   -0.0206707 -0.000161557 -0.0853613   0.539438   -10.1619
1.77667e+09  0.00560437 0.00596086 0.00516476   0.256786 -0.0972015   -8.90774
1.77667e+09   -0.0103746   0.0134177 0.000903707 0.0152455 -0.336281  -9.68614
1.77667e+09   -0.0188967  0.00702613 -0.00655314  -0.124206 -0.0934661   -10.2808
1.77667e+09   -0.0178314 -0.00788757 -0.00868367 -0.219901  0.396976  -10.7336
1.77667e+09   -0.0071788   -0.017475 -0.00655314 0.0774675   0.50539  -9.78303
1.77667e+09   -0.00398301  -0.00895284 -0.000161557 0.231689 0.333952 -9.21017
1.77667e+09   -0.00398301   0.00915666 -0.000161557  0.248742 -0.303142  -8.97845
1.77667e+09   -0.0125051   0.0208746 -0.00335735  0.106883 -0.375872  -9.39281
1.77667e+09   -0.00930933    0.0102219 -0.000161557 -0.222343   0.11641  -10.4889
1.77667e+09   0.00347384 -0.00469178  0.00836056 -0.276901  0.510268  -10.6049
1.77667e+09    0.0205181 -0.00682231  0.00942582 -0.12829 0.553744  -10.126
1.77667e+09   0.0194528 0.00702613 0.00303424  0.20886 0.140779 -9.12333
1.77667e+09    0.0077349   0.0155482 -0.00761841  0.249577 -0.181498  -9.02193
1.77667e+09  -0.00930933   0.0112872 -0.00442261  0.044692 -0.214841  -9.73691
1.77667e+09   -0.0157009 -0.00362651 -0.00335735 -0.192409  0.288348  -10.5972
1.77667e+09  -0.0146357 -0.0100181 0.00303424 -0.220183  0.424233  -10.6119
1.77667e+09  -0.00930933  -0.0100181 -0.00122682 0.0197533  0.427228  -9.75377
1.77667e+09   -0.00504827 -0.000430722   0.00196897 0.195578 0.220972 -9.28114
1.77667e+09  -0.00930933  0.00915666 -0.00122682  0.249362 -0.329435  -9.19319
1.77667e+09    -0.0114399   0.00702613 -0.000161557 -0.0889142 -0.0810383   -10.1378
1.77667e+09    -0.0071788 -0.000430722   0.00303424 -0.18587 0.216392 -10.5396
1.77667e+09    0.0194528  -0.0259971 -0.00761841   0.321275 -0.0762919   -8.92246
1.77667e+09   -0.0146357  0.00915666 -0.00122682  -0.180903 -0.0494657   -10.3452
1.77667e+09  -0.0157009   0.018744  0.0104911  0.314648 0.0164595  -8.92281
1.77667e+09   -0.0071788  -0.0100181 -0.00335735 -0.183619  0.531492   -10.677
1.77667e+09  -0.0348757 0.00276507 0.00623003  -0.160276 -0.0940817   -10.1876
1.77667e+09    -0.019962 -0.00895284   0.0040995  -0.2845 0.333661 -10.7545
1.77667e+09   0.00134331  -0.0121486 -0.00229209 -0.184984  0.429383  -10.4546
1.77667e+09    0.0109307  0.00169981 -0.00548788 0.196189 0.320931 -9.29588
1.77667e+09   0.00134331    0.018744 -0.00122682  0.293327 0.0240201  -8.94423
1.77667e+09   -0.0114399    0.018744 -0.00442261  0.149233 -0.433918  -9.33549
1.77667e+09   -0.0167662  0.00276507 -0.00335735 -0.194327 0.0373379  -10.4529
1.77667e+09  -0.00611354  -0.0132139 -0.00122682 -0.277657  0.297648  -10.7257
1.77667e+09  0.00880016 -0.0142792 0.00836056 -0.0858406   0.453886   -10.1616
1.77667e+09     0.016257 0.000634542   0.0115564 0.111912 0.403155 -9.58226
1.77667e+09  0.00560437  0.0134177 0.00516476  0.285456 -0.146348  -9.00793
1.77667e+09  -0.00824407   0.0198093 0.000903707 0.0294983 -0.343549  -9.68618
1.77667e+09    -0.0135704   0.00596086 -0.000161557   -0.1244 -0.087004  -10.2164
1.77667e+09  -0.00185248 -0.00575704 0.000903707 -0.263128  0.417447  -10.6045
1.77667e+09     0.011996  -0.0132139 -0.00229209 -0.178261  0.463181  -10.2829
1.77667e+09    0.0130612 -0.00682231 -0.00122682 0.174383  0.29203 -9.23836
1.77667e+09  -0.00185248  0.00169981   0.0040995  0.242117 -0.287553  -9.10023
1.77667e+09  -0.0146357 0.00276507 0.00729529 0.0858615 -0.360441  -9.48587
1.77667e+09  -0.0157009 -0.0100181 0.00942582 -0.179171  0.172953  -10.4822
1.77667e+09  -0.00291774  -0.0228013  0.00729529 -0.19904 0.353027 -10.6404
1.77667e+09    0.0130612  -0.0164097 -0.00442261 -0.0154801   0.365858   -9.98967
1.77667e+09     0.016257  0.00596086 -0.00761841  0.294073 0.0612237  -9.09477
1.77667e+09  0.00240858 0.00702613 0.00729529 -0.248702  0.340516  -10.7618
1.77667e+09  0.000278048   0.0134177 -0.00335735  0.284499 -0.303416  -8.98579
1.77667e+09   -0.0114399 -0.00469178 -0.00122682 -0.264508  0.203047  -10.5535
1.77667e+09   -0.0188967   0.0262009 -0.00548788 0.0427911 -0.339525  -9.39981
1.77667e+09     0.011996   0.0048956 0.000903707 -0.0436047    0.50776   -9.89702
1.77667e+09  0.000278048   0.0134177  0.00196897 0.229423 0.102996 -8.93708
1.77667e+09   -0.0188967  0.00596086 -0.00335735  0.128092 -0.348676  -9.28561
1.77667e+09    -0.024223  -0.0132139 -0.00122682 -0.0263418  -0.205904   -9.84402
1.77667e+09   -0.0135704  -0.0355844 -0.00335735 -0.270521  0.318595    -10.69
1.77667e+09   0.00347384  -0.0355844 -0.00335735 -0.234185  0.467297  -10.6264
1.77667e+09    0.0109307  -0.0110834 -0.00548788 0.112244 0.453209 -9.59679
1.77667e+09  0.00453911  0.0176788 -0.0118795  0.306859 -0.125613  -8.96515
1.77667e+09  -0.000787216    0.0251356  -0.00974894  0.234765 -0.365239  -9.16432
1.77667e+09   0.00347384   0.0112872 -0.00122682 -0.0812822 -0.0446456   -10.2168
1.77667e+09    0.0205181 -0.00469178  0.00942582 -0.221276  0.224685  -10.6183
1.77667e+09   0.0343665 -0.0100181 0.00942582 -0.213537  0.471845  -10.3973
1.77667e+09    0.0343665 -0.00575704  0.00303424 0.146161 0.293346 -9.33849
1.77667e+09    0.0226486  0.00596086 0.000903707   0.257654 -0.0245735   -9.03694
1.77667e+09    0.00240858   0.00276507 -0.000161557 0.0997725 -0.396746  -9.43566
1.77667e+09  -0.00504827 -0.00256125 -0.00229209 -0.0256982   -0.15496   -9.94449
1.77667e+09   0.00134331  -0.0142792 -0.00335735 -0.185011  0.324074  -10.6117
1.77667e+09    0.0130612  -0.0110834 -0.00442261 -0.0865361   0.402794   -10.0468
1.77667e+09      0.011996  -0.00256125 -0.000161557 0.097132 0.352796 -9.52469
1.77667e+09  0.00560437 0.00702613 0.00516476  0.285123 -0.210438  -9.01482
1.77667e+09  0.00134331 0.00596086  0.0104911  0.149173 -0.399013  -9.26402
1.77667e+09   0.00560437 -0.00149599   0.0115564 -0.173655 0.0279239  -10.2525
1.77667e+09  0.00666963 -0.0110834 0.00303424 -0.22002 0.480823 -10.5692
1.77667e+09    0.0109307 -0.00362651 -0.00229209 -0.128153  0.505025  -10.2403
1.77667e+09  -0.00291774   0.0176788 -0.00655314  0.299419 -0.182504  -8.97204
1.77667e+09   0.00453911   0.0304619 -0.00655314 0.279708  0.10325 -9.00894
1.77667e+09  -0.00185248  0.00169981  -0.0150753 0.216518 0.177246 -9.20945
1.77667e+09    0.00134331    0.0208746 -0.000161557  0.294116 0.0964257  -9.05195
1.77667e+09  -0.0220925 0.00702613  0.0115564 0.0501176 -0.353112   -9.4714
1.77667e+09  -0.0135704 -0.0100181 0.00836056 -0.250722  0.103245  -10.5675
1.77667e+09   0.00880016  -0.0228013 -0.00548788 -0.28462 0.312272 -10.7544
1.77667e+09   0.0226486 -0.0185402 -0.0161405 -0.0288859    0.48779   -10.0474
1.77667e+09    0.0205181 -0.00575704  -0.0108142 0.265479 0.096556 -9.03749
1.77667e+09   0.00666963  0.00169981 -0.00761841 0.277621 -0.24646 -8.97167
1.77667e+09   -0.00824407   0.00169981 -0.000161557 -0.0127522   -0.31328   -9.81499
1.77667e+09  -0.00930933 -0.00469178 -0.00229209   -0.166175 0.000745378    -10.3884
1.77667e+09   -0.00185248   0.00276507 -0.000161557 -0.241123  0.467959  -10.6836
1.77667e+09   0.00666963   0.0166135 -0.00122682 0.0768138  0.475464  -9.64684
1.77667e+09  0.00347384  0.0304619 0.00196897 0.238164 0.268829   -9.124
1.77667e+09   -0.0071788   0.0230051 0.000903707  0.220017 -0.373416  -9.04963
1.77667e+09   -0.0125051  0.00169981 0.000903707 0.0571682 -0.388532  -9.49993
1.77667e+09  -0.000787216   -0.0206707 -0.000161557 -0.27188 0.167396 -10.5462
1.77667e+09    0.0173223   -0.017475 -0.00122682 -0.23498 0.443981 -10.4401
1.77667e+09    0.0258444  0.00596086 -0.00442261 -0.0654312   0.429694   -9.91091
1.77667e+09    0.0151917   0.0283314 -0.00761841 0.250871 0.067733 -8.99433
1.77667e+09    0.00134331     0.034723 -0.000161557  0.249287 -0.210386    -8.986
1.77667e+09  0.000278048   0.0219398  0.00303424 -0.0691502   -0.17021   -9.80815
1.77667e+09   0.00666963 0.000634542  0.00516476 -0.270446   0.39598  -10.5901
1.77667e+09     0.016257  -0.0100181 -0.00122682 -0.234588  0.459129  -10.5261
1.77667e+09    0.0141265 -0.00575704  0.00196897 0.0761088  0.354191  -9.63917
1.77667e+09  0.00666963 0.00809139 0.00623003 0.237915 0.155871 -9.23095
1.77667e+09  -0.00291774   0.0112872   0.0126216  0.206676 -0.349516  -9.27883
1.77667e+09  -0.00824407  0.00276507  0.00729529  -0.152984 -0.0726891   -10.1949
1.77667e+09  -0.00398301 -0.00575704  0.00303424 -0.221492  0.259146  -10.5038
1.77667e+09    0.00134331  -0.00362651 -0.000161557 -0.0999114   0.461674   -10.2117
1.77667e+09  0.00240858 0.00596086 0.00196897 0.0407029  0.362484   -9.7178
1.77667e+09  -0.000787216    0.0166135  -0.00229209   0.314918 -0.0038166   -9.03015
1.77667e+09   0.00986543   0.0219398 -0.00442261  0.407629 0.0157766  -8.94475
1.77667e+09   0.0077349  0.0102219 0.00196897   0.328238 -0.0909168   -8.89379
1.77667e+09   0.0215833 0.00596086 -0.0118795 0.202515 0.206273 -9.24531
1.77667e+09   0.00986543  -0.0206707 -0.00122682 -0.226982  0.495448  -10.5979
1.77667e+09     0.016257   0.0166135 -0.00229209  0.270558 -0.204059  -8.92884
1.77667e+09  0.000278048   0.0112872  0.00303424  0.149045 -0.385347  -9.20678
1.77667e+09  0.000278048 -0.00895284  0.00942582  -0.223714 -0.0278081   -10.3308
1.77667e+09   0.0130612 -0.0142792 0.00516476 -0.334439  0.390516    -10.69
1.77667e+09    0.0237139 -0.00895284  0.00196897 -0.206809  0.456553  -10.3042
1.77667e+09     0.0130612   0.00596086 -0.000161557 0.188413 0.277113 -9.18824
1.77667e+09   -0.00611354    0.0112872 -0.000161557   0.278755 -0.0257462   -8.94395
1.77667e+09    -0.0188967   0.00809139 -0.000161557  0.100458 -0.324637  -9.51473
1.77667e+09   -0.0135704 -0.00575704 -0.00655314 -0.22154 0.195871 -10.5895
1.77667e+09  0.000278048  -0.0121486 -0.00229209 -0.262582  0.419004  -10.7549
1.77667e+09    0.0077349    0.014483 0.000903707 0.139844 0.372951 -9.44621
1.77667e+09   0.00134331 0.000634542  0.00303424 0.0128231  0.392837  -9.86818
1.77667e+09  -0.0071788  -0.021736 0.00516476 -0.171317  0.413428  -10.3042
1.77667e+09   0.0173223 -0.0121486 0.00623003 -0.242028  0.311039  -10.6758
1.77667e+09   0.0311707 -0.0110834 0.00303424 -0.09219 0.582507 -10.1835
1.77667e+09    0.0279749   0.0102219 -0.00655314  0.20882 0.133649 -9.12329
1.77667e+09     0.011996   0.0166135 -0.00655314  0.214208 -0.088913  -8.97917
1.77667e+09  -0.00291774   0.0176788 -0.00229209 -0.041578 -0.264578  -9.67183
1.77667e+09   -0.00291774 -0.000430722   0.00303424 -0.188957 -0.129153  -10.2159
1.77667e+09  -0.00398301  -0.0291929 0.000903707 -0.29183 0.319175 -10.7257
1.77667e+09    0.011996 -0.0206707  0.0040995 -0.248271  0.453993   -10.705
1.77667e+09  -0.00398301   0.0155482  0.00836056   0.19221 -0.279714   -9.1215
1.77667e+09  -0.00291774  0.00702613  0.00303424 0.0362706  -0.32364  -9.55023
1.77667e+09  -0.00291774  0.00702613  0.00303424 -0.179828 0.0237554  -10.5317
1.77667e+09     0.032236  -0.0238665 -0.00335735 -0.105693  0.563853   -10.434
1.77667e+09    0.0301055  -0.0185402 -0.00655314 0.0498953  0.599759  -9.91935
1.77667e+09   0.00880016 -0.00575704  -0.0118795  0.286245 0.0172569  -8.97281
1.77667e+09  -0.00824407 0.000634542   0.0040995  0.234848 -0.231709  -8.97868
1.77667e+09  -0.00824407 0.000634542   0.0040995 -0.0760106  -0.169325   -9.88689
1.77667e+09  -0.00611354  -0.0121486   0.0136869 -0.249637  0.246648  -10.6469
1.77667e+09  0.00666963 -0.0110834 0.00196897 -0.191724  0.451656  -10.5334
1.77667e+09   0.00666963 -0.00149599 -0.00548788 0.140797 0.501946  -9.5112
1.77667e+09  -0.000787216    0.0048956 -0.000161557  0.25897 0.196659 -9.05935
1.77667e+09  -0.000787216    0.0048956 -0.000161557  0.177936 -0.335646  -9.21429
1.77667e+09  -0.0146357 -0.0100181  0.0115564    -0.15209 1.30311e-05    -10.3312
1.77667e+09  -0.00611354  -0.0153444  0.00729529 -0.278175  0.219002  -10.7039
1.77667e+09   0.00134331 -0.00895284  0.00196897 -0.142242  0.477685  -10.3404
1.77667e+09   -0.00504827   0.00915666 -0.000161557 0.0556848  0.462526   -9.7541
1.77667e+09   -0.00504827   0.00915666 -0.000161557   0.278489 -0.0685965   -8.93661
1.77667e+09   -0.0188967    0.018744 -0.00122682 0.0857156 -0.381903  -9.47862
1.77667e+09    -0.024223   0.0166135 -0.00442261 -0.0823733  -0.138958   -10.0589
1.77667e+09   -0.0178314  0.00169981 -0.00761841 -0.298555   0.36254   -10.776
1.77667e+09  -0.00398301 -0.00895284 -0.00335735 -0.241607  0.445533  -10.5833
1.77667e+09  0.00986543 -0.0100181 0.00196897 0.0965804   0.30913  -9.43857
1.77667e+09     0.011996  0.00276507 0.000903707  0.220134 -0.274865   -8.9283
1.77667e+09    0.00560437    0.0123524 -0.000161557  0.120126 -0.449159  -9.21354
1.77667e+09  -0.000787216    0.0102219  -0.00122682 -0.152178  0.020808   -10.274
1.77667e+09  -0.00185248 -0.00469178  0.00729529 -0.249448  0.303312  -10.6113
1.77667e+09   0.0077349 -0.0121486 0.00303424 -0.156926  0.462676  -10.2543
1.77667e+09   0.00666963 -0.00682231  0.00196897 0.216742  0.19893 -9.23819
1.77667e+09   0.00347384  0.00915666 -0.00122682  0.314173 -0.132219  -9.02245
1.77667e+09   -0.0071788   0.0134177 -0.00122682 0.0712955 -0.459297  -9.56416
1.77667e+09   0.00134331   0.0219398 -0.00548788 -0.0412204  -0.214451   -9.69352
1.77667e+09  0.00880016  0.0240704 0.00623003   0.13478 -0.371097  -9.19245
1.77667e+09    0.0077349  -0.0164097 -0.00761841 -0.0997693   0.455063   -10.2618
1.77667e+09   -0.0103746  -0.0270623 -0.00122682 0.0978694  0.425053  -9.61809
1.77667e+09  -0.00291774 -0.00575704  -0.0108142  0.277548 -0.204573  -8.88591
1.77667e+09    -0.019962 -0.00575704 -0.00335735 -0.0621516  -0.205778   -9.82236
1.77667e+09  -0.0231578 -0.0196055 0.00196897 -0.208881 0.0226995  -10.4026
1.77667e+09  -0.0071788 -0.0345192 0.00836056 -0.240855  0.524846  -10.6695
1.77667e+09   0.0130612 -0.0281276  0.0115564 -0.0989287   0.618816    -10.241
1.77667e+09   0.0173223 0.00702613 0.00729529 0.287645 0.189622 -9.09527
1.77667e+09  0.00453911  0.0379188 0.00942582  0.248972 -0.330547  -9.08576
1.77667e+09  -0.00398301   0.0432451  0.00942582 0.0794246 -0.302224   -9.5935
1.77667e+09  0.00453911  0.0176788  0.0104911 -0.24293 0.168155 -10.6466
1.77667e+09    0.0226486 -0.00788757 -0.00335735 -0.270086  0.368946  -10.7332
1.77667e+09    0.0311707  -0.0185402 -0.00761841 0.0132264  0.492203  -9.82562
1.77667e+09    0.0194528 -0.00682231 -0.00548788  0.278864 0.0166593  -8.90832
1.77667e+09   0.000278048   0.00169981 -0.000161557  0.255864 -0.289249   -8.9499
1.77667e+09   -0.0178314 0.000634542 0.000903707 -0.0476147  -0.226267    -9.9226
1.77667e+09  -0.0188967 -0.0132139 0.00303424 -0.299031   0.30506  -10.7328
1.77667e+09  -0.00611354   -0.017475  0.00196897 -0.255809  0.438914   -10.619
1.77667e+09    0.0109307 -0.00575704 -0.00229209 0.119007 0.402937 -9.56797
1.77667e+09    0.0173223   0.0166135 -0.00548788 0.258964  0.15455 -9.12363
1.77667e+09    0.00560437    0.0293967 -0.000161557  0.192203 -0.335859   -9.2072
1.77667e+09  -0.0071788  0.0230051 0.00942582 -0.159293 0.0630607  -10.2169
1.77667e+09   -0.0103746 0.000634542   0.0115564 -0.28507 0.346066 -10.5755
1.77667e+09   -0.0114399  -0.0196055 -0.00122682 -0.177797  0.345244  -10.5975
1.77667e+09   -0.0103746  -0.0302581 -0.00335735 -0.283376  0.575392   -10.691
1.77667e+09    0.0077349 -0.00682231 -0.00655314 0.111019 0.330453 -9.44589
1.77667e+09   -0.060442 -0.0696729 -0.0523595 -0.421932   1.67545  -14.1968
1.77667e+09    0.016257 -0.0270623 0.00623003   0.194569 -0.0350593   -11.3998
1.77667e+09    0.0183875   -0.037715 -0.00548788 0.169075 0.535271 -11.3734
1.77667e+09  0.00453911  0.0112872 0.00836056 0.0287348 -0.128248  -9.13565
1.77667e+09  -0.0220925  0.0208746 0.00623003 -0.227182 -0.213085  -9.64965
1.77667e+09  -0.0380715  0.0112872 0.00303424 -0.565185  0.134308  -10.5159
1.77667e+09   -0.0359409 -0.00149599  0.00196897 -0.529267  0.450184  -10.0734
1.77667e+09   -0.0295494 -0.00362651 0.000903707 -0.388541  0.407436  -9.52252
1.77667e+09   -0.0284841  0.00383034 -0.00335735   -0.21431 -0.0559211   -9.00585
1.77667e+09   -0.0391367  0.00596086 -0.00122682 -0.235708 -0.230981  -9.29147
1.77667e+09    -0.0455283 -0.000430722   0.00729529   -0.30911 -0.0540072   -10.4734
1.77667e+09  -0.0348757 -0.0185402  0.0126216 -0.246742  0.521493  -11.0276
1.77667e+09  -0.00611354  -0.0238665  0.00623003 -0.146229  0.781413  -10.7498
1.77667e+09    0.0215833  -0.0132139 -0.00655314 0.142889 0.788529 -9.64846
1.77667e+09   0.0333012 0.00276507 -0.0108142 0.218853 0.534677 -9.30404
1.77667e+09   0.0301055  0.0134177 0.00303424   0.166457 0.00224204   -9.47344
1.77667e+09  0.0258444 0.0102219 0.0168827  0.117365 -0.205072  -10.0596
1.77667e+09   0.0279749 0.00809139  0.0211437  0.138773 -0.247464  -10.1168
1.77667e+09    0.036497 0.00915666 0.00942582   0.23727 -0.196742  -9.60187
1.77667e+09   0.0375623  0.0198093 0.00623003  0.264791 -0.186024  -9.28695
1.77667e+09   0.0301055  0.0293967 0.00942582  0.148956 -0.469787  -9.31385
1.77667e+09   0.0141265  0.0325925 0.00516476 -0.0544187   -0.28836   -10.1157
1.77667e+09   0.00240858   0.0208746 -0.00442261 -0.0800388  0.0220392   -10.4606
1.77667e+09  -0.00291774 -0.00149599    -0.01401 0.00764995   0.475703    -10.291
1.77667e+09  -0.00185248  -0.0142792 -0.00761841 0.0707986  0.576976  -9.80478
1.77667e+09  -0.00930933  -0.0206707 -0.00761841 0.102251 0.346944 -8.96611
1.77667e+09    -0.024223  -0.0142792 0.000903707 -0.121923  -0.31787  -9.27018
1.77667e+09  -0.0412673 -0.0100181 0.00516476 -0.284959 -0.375614  -9.73462
1.77667e+09   -0.0380715 -0.00362651  0.00836056 -0.387211 0.0604578  -10.4377
1.77667e+09  -0.0210272 0.00169981 0.00836056 -0.293238  0.287099  -10.3818
1.77667e+09    0.0109307 -0.00149599  0.00729529  0.321584 -0.103475  -9.05125
1.77667e+09  -0.0157009 0.00702613  0.0126216 -0.0527778  -0.164418   -10.3812
1.77667e+09  -0.00611354  -0.0132139  0.00623003 -0.215584 0.0380658  -10.5029
1.77667e+09  -0.00930933 -0.00256125  0.00836056 -0.134862  0.281848   -10.712
1.77667e+09  -0.00185248   0.0272662 -0.00442261  0.215194 0.0963021  -8.96562
1.77667e+09   -0.0114399   0.0262009 -0.00122682 -0.0127758  -0.102883   -9.47929
1.77667e+09   -0.0167662   0.0112872 -0.00335735   -0.27282 -0.0597796   -10.6383
1.77667e+09  -0.00398301 -0.00362651 -0.00442261 -0.099191  0.407604  -10.4979
1.77667e+09    0.0183875 -0.00788757 -0.00761841 0.0702978  0.428223  -9.89725
1.77667e+09    0.0311707 -0.00149599 -0.00761841 0.351398 0.243509 -8.85232
1.77667e+09    0.0258444  0.00596086 -0.00335735 0.300825 0.123168 -8.88738
1.77667e+09   0.00560437  0.00383034 -0.00761841 -0.118393 -0.153462  -10.0013
1.77667e+09   -0.0146357 -0.00682231 -0.00122682 -0.264073 0.0569635  -10.9038
1.77667e+09   -0.0210272  -0.0110834 0.000903707 -0.191731  0.304312   -10.762
1.77667e+09   -0.0125051 -0.00788757  0.00942582 0.111598 0.388229 -9.51774
1.77667e+09   -0.00504827  -0.00362651 -0.000161557 0.258979 0.266841 -8.95222
1.77667e+09   -0.00930933   -0.0100181 -0.000161557  0.150816 0.0265989  -9.05812
1.77667e+09   -0.0188967  -0.0228013 -0.00548788  -0.195222 -0.0494006    -10.338
1.77667e+09   -0.0157009  -0.0313234 0.000903707 -0.250074 0.0910624   -10.768
1.77667e+09  0.00347384 -0.0270623 0.00196897 -0.0993274   0.456324   -10.3835
1.77667e+09     0.016257 -0.00362651  0.00303424 0.0842081  0.483117  -9.70419
1.77667e+09   0.0183875  0.0230051 0.00196897 0.328892 0.135443 -8.72286
1.77667e+09   0.00666963    0.034723 -0.00335735  0.0655502 -0.0904285   -9.37947
1.77667e+09   -0.00291774    0.0176788 -0.000161557  -0.103269 -0.0600299   -10.0877
1.77667e+09  -0.00291774  -0.0132139   0.0040995 -0.235114  0.127904  -10.8971
1.77667e+09   0.0109307 -0.0259971 0.00623003 -0.14947 0.253025 -10.6689
1.77667e+09   0.0290402 -0.0110834 0.00623003 0.189459 0.322187 -9.41043
1.77667e+09   0.0301055  0.0123524 0.00196897  0.278814 0.0305474  -8.87257
1.77667e+09  0.0194528 0.0240704 0.0040995    0.14364 -0.0926772   -9.23662
1.77667e+09  0.00453911  0.0123524 0.00196897 -0.193999 0.0593191  -10.5103
1.77667e+09   0.00240858 -0.00788757  0.00623003 -0.299323    0.1569  -10.8826
1.77667e+09   0.0151917 -0.0196055 0.00516476 -0.142285  0.442483  -10.3832
1.77667e+09   0.0247791 -0.0132139 0.00516476 0.147253 0.584093 -9.18931
1.77667e+09   0.0226486 0.00276507 0.00196897 0.146141 0.531815 -8.95993
1.77667e+09  0.0333012 0.0155482 0.0200785 0.214664 0.207036 -8.64382
1.77667e+09  0.0215833 0.0379188 0.0243395 -0.284539 0.0465138  -9.19212
1.77667e+09  -0.00930933  -0.0345192 -0.00335735 -0.913113  -0.66908  -10.4035
1.77667e+09   -0.0146357 0.000634542   -0.124797  -1.02563 -0.304961  -10.3471
1.77667e+09  -0.0114399  0.0240704  -0.301631 -0.753721 -0.649787  -8.97925
1.77667e+09  -0.024223 0.0155482 -0.304827   -1.0576 -0.763334  -10.1159
1.77667e+09  -0.0338104  0.0048956   -0.31548  -1.09625 -0.456218  -10.8188
1.77667e+09  -0.0295494 0.00276507  -0.336785  -1.01839 -0.417025  -10.5472
1.77667e+09  -0.0220925  0.0123524  -0.352764 -0.786014 -0.204676   -9.2459
1.77667e+09  -0.0178314  0.0208746  -0.354895  -0.722478 -0.0251287   -8.74567
1.77667e+09  -0.024223 0.0176788 -0.354895 -0.814538 0.0623668  -8.84584
1.77667e+09   -0.0295494 -0.00149599   -0.362351 -0.860376  0.180025  -9.83435
1.77667e+09  -0.0284841 -0.0270623    -0.3762 -0.77303 0.302984 -10.0859
1.77667e+09  -0.0125051 -0.0430413  -0.390048 -0.487827  0.480743   -9.6226
1.77667e+09   0.0077349 -0.0387802  -0.400701 -0.325414  0.445508  -9.12912
1.77667e+09   0.0205181 -0.0259971  -0.401766 -0.226834  0.342128  -8.87853
1.77667e+09   0.0194528 -0.0206707  -0.399636 -0.401959  0.248716  -10.0159
1.77667e+09   0.0151917 -0.0259971  -0.397505 -0.450003  0.191711    -10.66
1.77667e+09   0.0183875 -0.0323887  -0.399636 -0.328083  0.121606  -10.8894
1.77667e+09   0.0279749 -0.0281276  -0.400701 -0.194171  0.128982   -10.353
1.77667e+09    0.0311707 -0.00895284   -0.401766 0.0474013 -0.550275  -9.01941
1.77667e+09   0.0301055 0.00915666  -0.409223 -0.454288  -2.48519  -9.64627
1.77667e+09   0.0109307 0.00702613  -0.417745 -0.962913  -3.43085  -10.7857
1.77667e+09   0.00240858 -0.00682231   -0.422006  -1.8333 -4.28808 -12.5466
1.77667e+09  0.00453911 -0.0153444  -0.440116 -1.96727 -3.85364 -12.3759
1.77667e+09  0.0301055 0.0048956 -0.475269 -1.47331 -2.08809 -9.85058
1.77667e+09  0.0567371 0.0443104 -0.525337 -0.760066 -0.590714  -7.11037
1.77667e+09  0.0641939 0.0741378 -0.567947   -0.5879 -0.274826  -6.79743
1.77667e+09  0.0556718 0.0698767 -0.589253 -0.693196   0.13092  -8.69633
1.77667e+09  0.0396928 0.0304619 -0.597775 -0.880642  0.106408  -10.2779
1.77667e+09    0.0333012 -0.00575704   -0.603101  -1.15192 0.0110544  -12.5105
1.77667e+09   0.0279749 -0.0132139  -0.611623  -0.903891 -0.0184051   -11.9674
1.77667e+09   0.0130612 0.00702613   -0.61908 -0.68703 -0.20227 -10.9436
1.77667e+09  -0.00291774   0.0304619    -0.61908 -0.287916 -0.524354  -9.13961
1.77667e+09  -0.0103746  0.0379188  -0.624406  -0.16786 -0.543651  -8.76773
1.77667e+09  0.000278048   0.0208746   -0.633994 -0.208106 -0.297203  -9.11946
1.77667e+09   0.0247791 0.00169981  -0.645712 -0.418842 0.0239899  -9.64252
1.77667e+09   0.0471497 -0.0153444  -0.648908 -0.488588  0.331249  -9.64346
1.77667e+09   0.0588676 -0.0142792  -0.648908 -0.517171  0.541998  -9.31477
1.77667e+09   0.0514107 -0.0142792  -0.642516 -0.42491 0.504185 -9.19333
1.77667e+09  -0.169099  0.034723 -0.408158 0.375486 -1.41181 -12.1827
1.77667e+09  -0.0615073  0.0368535  -0.747977 0.679229  -2.4977 -10.8835
1.77667e+09  0.0333012  0.147641 -0.773543  1.40252 0.381128 -12.7968
1.77667e+09   0.117457   0.58866 -0.522141 0.383406  4.61944   -16.97
1.77667e+09    0.180308    1.43448 -0.0832522   1.0838 0.358557 -9.63698
1.77667e+09     0.19096    1.43555 -0.0757953  1.00308 0.220011 -9.26363
1.77667e+09   0.208005   1.40252 -0.070469   1.00735 -0.293373  -9.26152
1.77667e+09     0.23144    1.36311 -0.0757953   1.14878 -0.516517  -9.18967
1.77667e+09    0.26979   1.32902 -0.090709   1.57259 -0.836524  -8.29527
1.77667e+09    0.300683    1.30239 -0.0971006  1.81662  -1.0598 -6.93491
1.77667e+09   0.325184   1.26723 -0.105623  1.82148 -1.20668 -6.52613
1.77667e+09  0.345424  1.22356 -0.11308  1.83245 -1.71441 -6.38801
1.77667e+09   0.366729   1.17136 -0.124797  1.97339 -2.10733 -6.44437
1.77667e+09   0.397622   1.12449 -0.139711  2.50574 -2.57187 -6.15145
1.77667e+09   0.435971   1.08188 -0.156755  2.85265 -2.52848 -5.16508
1.77667e+09   0.481778   1.04033 -0.179126  2.85158 -2.41224 -4.68575
1.77667e+09   0.524388  0.990265 -0.195105  2.66455 -2.35079 -4.24825
1.77667e+09   0.564868  0.931676 -0.207888  2.60675  -2.4222 -4.18322
1.77667e+09   0.605348  0.856042 -0.229193  2.81843 -2.73366 -3.91084
1.77667e+09    0.65435  0.771886 -0.252629  3.22347 -2.88452 -3.49685
1.77667e+09  0.704418 0.684534 -0.27713  3.25262 -2.71481 -3.39028
1.77667e+09   0.742767  0.595052 -0.289913  2.84938 -2.19404 -3.72703
1.77667e+09    0.77366  0.502374 -0.308023  2.54463 -2.02945 -4.18454
1.77667e+09   0.806683  0.400109 -0.322937  2.17563 -2.10256 -5.03461
1.77667e+09   0.853555  0.306365 -0.338916  2.37521 -2.27436 -5.15662
1.77667e+09   0.905753  0.215818 -0.351699  2.53162  -2.3203 -4.99965
1.77667e+09    1.72707 -0.829206 -0.321871 -0.972122 -0.232388  -11.2071
1.77667e+09   1.99658 -1.27662 -0.17593 -0.197055  0.520042  -10.9347
1.77667e+09  0.380577 -2.36638 0.887204 -1.17828  5.00326  -13.326
1.77667e+09  -1.61892 -2.91499 0.910639 -1.43031 0.653687 -9.59719
1.77667e+09  -2.46155 -3.58505 0.180933  -1.92168 -0.682948  -10.1765
1.77667e+09   -1.77019  -3.76188 0.0104911  -3.48474 -0.998152  -9.24366
1.77667e+09  -0.0231578   -4.15177 -0.0587511 -3.37711 -1.34814 -7.91074
1.77667e+09    1.49165  -4.78453 -0.302697 -4.10875 -1.98015   -8.148
1.77667e+09   0.568064   -4.3254 -0.831068 -5.68222 0.421406 -12.0531
1.77667e+09  -0.311844  -3.86095 -0.768217 -3.34743  1.50938  -5.7457
1.77667e+09  -0.513179  -3.62553 -0.676604  -4.17324 -0.177646  -7.28148
1.77667e+09  -0.409849   -2.9885 -0.628668  -5.21434 -0.819879  -6.92996
1.77667e+09  -0.214905  -2.46119  -0.65743 -6.49444 -1.79797  -4.2198
1.77667e+09   0.252746  -1.52695 -0.632929  -4.76169 -0.830773  -5.62162
1.77667e+09   0.481778 -0.865425 -0.501901 -5.36497 -1.07255 -7.17165
1.77667e+09   0.509474 -0.790857 -0.488053  -5.53387 -0.859979  -7.57273
1.77667e+09   0.527584 -0.720549 -0.469943  -5.89425 -0.571192   -8.2668
1.77667e+09   0.543563 -0.652372 -0.463552  -5.96531 -0.716654  -8.60959
1.77667e+09   0.554216 -0.577804  -0.45716 -5.70046 -0.87935  -8.9826
1.77667e+09   0.570194 -0.490452 -0.444377 -5.44501 -1.08348 -8.78966
1.77667e+09     0.5915 -0.384991 -0.428398 -5.06931 -1.13097 -8.00357
1.77667e+09   0.614936 -0.277399 -0.419876  -5.17591 -0.749391  -7.57495
1.77667e+09   0.636241 -0.175134 -0.410288   -5.3965 -0.688419  -7.74599
1.77667e+09    0.651155 -0.0877824  -0.391114  -5.80204 -0.854677  -8.51672
1.77667e+09     0.658611 -0.00788757   -0.371939  -5.85142 -0.894445   -8.7598
1.77667e+09   0.667134 0.0645504 -0.359156 -5.71228 -1.25742 -8.26485
1.77667e+09  0.680982  0.14551 -0.35596 -5.65202 -1.15034 -6.96224
1.77667e+09   0.695896  0.231797 -0.351699    -5.745 -0.847989  -6.46891
1.77667e+09  0.709744 0.324475 -0.33785  -6.12355 -0.780579  -6.42436
1.77667e+09   0.708679  0.407566 -0.321871  -6.35806 -0.830645  -6.87416
1.77667e+09   0.710809   0.48533 -0.305892  -6.58407 -0.926017  -7.77497
1.77667e+09  0.719332 0.563094 -0.29737 -6.32179 -1.26441 -7.70324
1.77667e+09   0.741702   0.64725 -0.290979 -6.16531 -1.21893 -7.42491
1.77667e+09   0.757681  0.732471 -0.282457   -6.0987 -0.637768  -7.15552
1.77667e+09   0.766203  0.812366 -0.268608  -6.13357 -0.578828  -7.30598
1.77667e+09  0.776856  1.12555 -0.21641  -5.62657 -0.823427  -7.57243
1.77667e+09   0.688439   2.74369 0.0669501  -6.25331 -0.901785  -6.30147
1.77667e+09  0.500952   3.7003 0.297047 -6.02442 -1.12793 -6.70985
1.77667e+09  0.377382  4.24358 0.462163  -6.22312 -0.533306  -8.17224
1.77667e+09  0.247419   4.6079 0.623018   -5.77221 -0.0510631   -5.60556
1.77667e+09  -0.0114399    4.71869   0.760437  -6.0922 -0.52042 -6.79081
1.77667e+09  -0.0370062    4.69739    0.77109  -5.98988 -0.535962  -7.45009
1.77667e+09  -0.0572462    4.67501   0.775351  -5.96765 -0.449729  -7.53649
1.77667e+09  -0.0870736    4.67182   0.786004  -6.00985 -0.342148  -7.55821
1.77667e+09  -0.135011   4.67608  0.796656  -6.00941 -0.249689  -7.53712
1.77667e+09  -0.189339   4.69099  0.809439  -5.78355 -0.540576  -7.20044
1.77667e+09  -0.238341    4.7091  0.820092  -5.32426 -0.994981  -6.44172
1.77667e+09  -0.285213   4.72615  0.825418  -5.17442 -0.877839   -6.1923
1.77667e+09  -0.320367   4.73147  0.829679  -5.41048 -0.770973  -5.96242
1.77667e+09  -0.364042   4.71976  0.832875  -5.66637 -0.645265  -6.15504
1.77667e+09  -0.415175   4.69099  0.838201  -6.09886 -0.497924  -6.89113
1.77667e+09  -0.472699   4.66543  0.835006  -6.12241 -0.973751  -7.04659
1.77667e+09  -0.523832   4.65158  0.835006 -5.87444  -1.1507 -6.71766
1.77667e+09   -1.2823  4.20523 0.792395  -6.21693 -0.879262  -6.44497
1.77667e+09  -1.56033  3.58844 0.721022 -3.53627 -1.21886 -7.16572
1.77667e+09  -0.847672   3.51601  0.580408 -2.87534 -1.27972 -12.2246
1.77667e+09  -0.324628   3.72586  0.317287  -2.87703 -0.841949  -9.06826
1.77667e+09  -0.521701   2.79376  0.112756 -3.10478 0.944257 -8.53745
1.77667e+09  -0.927567    1.9735  0.074407 -2.22086  1.09705 -9.66675
1.77667e+09  -1.14169  1.62303 0.119148 -0.512898  0.911971   -9.9322
1.77667e+09  -1.12038   1.6454 0.195847 -0.657184  0.284517  -12.5356
1.77667e+09  -0.990418   1.85526  0.229936 0.0659732  0.155721  -11.1135
1.77667e+09  -0.834889   1.93942  0.213957 -1.07599  0.53581 -10.9376
1.77667e+09  -0.83915  1.92131 0.215022 -1.35998 0.396589 -11.6804
1.77667e+09  -0.833824   1.91172  0.210761 -0.827334 0.0802075  -11.2377
1.77667e+09  -0.810388   1.91065  0.207565 -0.521834  0.072098  -10.7451
1.77667e+09  -0.784822   1.91491  0.199043 -0.500911  0.386112  -10.1091
1.77667e+09  -0.766712    1.9032  0.194782 -0.799512  0.582864  -10.2374
1.77667e+09  -0.757125    1.8787   0.18839 -1.46054  0.64866 -11.1439
1.77667e+09  -0.745407   1.85526  0.185194 -1.42523 0.345457 -11.5008
1.77667e+09  -0.723036   1.84567  0.187325 -1.11275 0.175452 -11.2152
1.77667e+09  -0.694274   1.84993  0.194782 -0.544707  0.131356  -10.2511
1.77667e+09  -0.670838   1.84461  0.199043 -0.552447  0.263028  -9.87918
1.77667e+09  -0.660186    1.8265  0.192651 -1.12917 0.548344 -10.0351
1.77667e+09  -0.65699  1.79347 0.180933 -1.67022 0.454332 -10.7696
1.77667e+09  -0.644207   1.76471  0.170281  -1.6567 0.269571 -10.8405
1.77667e+09  -0.623967   1.73915  0.167085  -1.13869 0.0154913  -10.2047
1.77667e+09  -0.599466    1.7221  0.163889 -0.790736  0.146067  -9.37624
1.77667e+09  -0.577095   1.70506  0.157498 -0.904771  0.302396  -9.21877
1.77667e+09  -0.55792  1.67523 0.151106 -1.47318 0.562906 -9.73983
1.77667e+09  -0.548333   1.62516   0.14578 -1.69365  0.53305 -10.0895
1.77667e+09  -0.53768  1.57829 0.146845 -1.53832  0.20342 -10.0746
1.77667e+09  -0.51744  1.53994 0.140453 -0.984017  0.111929  -9.33934
1.77667e+09  -0.484417   1.52396  0.126605 -0.870428  0.213901  -8.96793
1.77667e+09  -0.451394   1.50053  0.108495 -1.19094 0.472653 -8.86717
1.77667e+09  -0.433285   1.45685 0.0967775 -1.48915 0.579318 -9.24569
1.77667e+09  -0.423697   1.39826 0.0957122 -1.84464 0.489809 -9.90241
1.77667e+09  -0.413045   1.34393  0.103169 -1.47558  0.24038 -9.57377
1.77667e+09  -0.387478     1.296  0.102104 -1.16978 0.212068 -9.19561
1.77667e+09   -0.35552   1.25445 0.0935817 -0.978384  0.353084   -8.5383
1.77667e+09  -0.327823   1.20545 0.0765375 -1.14182  0.51168 -8.55248
1.77667e+09    0.272986  -0.219875 -0.0853827 -0.228579  0.701957  -7.82731
1.77667e+09  0.479647 -2.02656 -0.25689 -0.198909    1.0339  -9.61199
1.77667e+09   0.331575  -2.46545 -0.353829 0.234095 0.641882 -11.4028
1.77667e+09  0.0439539  -2.38023   -0.3762 -0.135806   1.08474  -13.1931
1.77667e+09  -0.179752  -2.41539 -0.357025 -3.10596 0.771925 -10.4774
1.77667e+09  -0.278821  -2.98424 -0.428398 -3.88352 0.931423 -8.62666
1.77667e+09  -0.452459  -5.02635 -0.427333 -3.99377  1.49843 -8.88628
1.77667e+09  -0.187208  -5.54726 -0.276065  -1.39282 0.0760585  -10.9914
1.77667e+09   0.250615  -5.34486 -0.186583   -2.8933 0.0914226  -11.0557
1.77667e+09   0.944102  -4.29025 -0.131189 -4.83103 -1.00061 -10.4831
1.77667e+09   0.941972   -3.4668 -0.100296    -4.6119 -0.0268573   -6.28453
1.77667e+09   0.704418  -2.78716 0.0190132   -4.17569 -0.0723983   -6.42971
1.77667e+09    0.413601   -1.49393 -0.0800564 -6.49549 0.175616 -6.84185
1.77667e+09   0.270855 -0.498974 -0.228128  -6.69144 -0.294079  -6.73868
1.77667e+09    0.15048  0.521549 -0.392179  -5.43976 -0.815365  -7.83835
1.77667e+09  0.162198 0.618488 -0.39857  -5.22706 -0.611803  -7.04534
1.77667e+09   0.163263  0.704774 -0.411354 -5.39006 -0.38882 -7.08127
1.77667e+09   0.160068  0.775082 -0.417745  -5.96508 -0.288064  -8.00266
1.77667e+09   0.151546  0.850716 -0.426267  -6.15693 -0.409323   -8.5025
1.77667e+09   0.157937  0.933806 -0.429463 -5.93667 -0.77991 -8.72405
1.77667e+09   0.448754   1.90852 -0.448638  -6.05969 -0.811173  -8.34377
1.77667e+09   0.978191   2.79376 -0.382591   -5.5229 -0.238196  -5.67046
1.77667e+09   1.32227  3.42439 -0.25689   -5.91911 -0.0615737   -6.51428
1.77667e+09     1.3244   3.75569 -0.137581 -6.11914  0.51523 -7.63284
1.77667e+09      1.1007    4.21056 -0.0108142 -4.95497 0.480861 -7.48088
1.77667e+09        1.073     4.23613 -0.00122682 -5.03373   0.5654 -7.30897
1.77667e+09    1.02826   4.24358 0.0115564 -5.58777 0.854066 -7.80873
1.77667e+09    0.97393   4.24997 0.0243395 -5.91306 0.895127 -8.70963
1.77667e+09   0.928123   4.26915 0.0286006 -5.77816 0.659796 -8.83105
1.77667e+09   0.890839   4.30856 0.0349922 -5.02352 0.531969 -8.21837
1.77667e+09   0.861012   4.35544 0.0456448 -4.70987 0.716061 -7.70506
1.77667e+09   0.822662   4.38846 0.0562975 -4.79694 0.867515 -7.10372
1.77667e+09   0.784313   4.41296 0.0637543 -5.32945   1.1071 -7.70364
1.77667e+09   0.739572   4.42681 0.0733417  -5.5204  1.19186 -8.13272
1.77667e+09   0.698026   4.44705 0.0871901 -5.31437 0.814574 -8.38282
1.77667e+09  0.655416  4.47155 0.101039  -4.9658 0.666277 -8.16192
1.77667e+09  0.609609  4.49818 0.113822 -4.54457 0.955671 -7.59229
1.77667e+09  0.562738  4.51629 0.124474 -4.92923  1.11731 -7.69132
1.77667e+09  0.519062  4.52481 0.136192 -5.16371  1.08136 -8.12686
1.77667e+09   0.47219   4.5312 0.146845 -5.32471  1.05747 -9.10706
1.77667e+09  0.434906  4.54186 0.153237 -5.18236 0.794886 -9.35732
1.77667e+09  0.396556  4.57381 0.160693 -4.58456 0.438142 -9.20839
1.77667e+09  0.348619   4.6079 0.172411 -4.41083 0.933895 -9.05376
1.77667e+09  0.294291   4.6388 0.185194 -4.62512 0.908207 -9.12421
1.77667e+09  0.242093  4.65264 0.201173 -5.04539 0.817991  -9.6517
1.77667e+09  0.194156  4.66543 0.212891  -5.0797 0.934633 -9.86685
1.77667e+09  0.161133  4.69525 0.221413 -4.80418 0.445786 -9.73728
1.77667e+09  0.122783   4.7336 0.229936 -4.45692 0.300763   -9.144
1.77667e+09  0.0769771   4.76663  0.235262 -4.44818 0.691103 -8.98095
1.77667e+09  0.00986543     4.7858   0.239523 -4.91182  0.79633 -9.06504
1.77667e+09  -0.0615073    4.79006   0.238458 -5.10352 0.843877 -9.34359
1.77667e+09  -0.127554   4.80178   0.24911 -5.04603 0.781084  -9.5298
1.77667e+09  -0.188274   4.82096  0.259763 -4.52156 0.489879 -8.75776
1.77667e+09  -0.253255   4.84652  0.266155 -4.30115 0.575732 -8.30804
1.77667e+09  -0.313975   4.86144   0.26722 -4.30168 0.791701 -7.82196
1.77667e+09  -0.389609   4.86037  0.275742 -4.56521  0.87396 -7.94275
1.77667e+09  -0.468438   4.84865  0.282133 -4.96915 0.992876 -8.71467
1.77667e+09  -1.34196   4.6324 0.465359 -3.66445 0.634588 -8.39735
1.77667e+09  -1.62212  3.91015 0.693326  -2.60878 -0.111017  -8.99384
1.77667e+09  -0.307583   3.13997  0.580408 -1.22589 -1.14534 -11.6174
1.77667e+09  0.0695202   3.19536  0.362028 -0.695731 -0.845041  -11.5138
1.77667e+09  -0.0476588    3.08138  0.0541669 -1.34494 0.469342 -9.77588
1.77667e+09  -0.080682   3.03983 0.0275353 -1.84086 0.739102 -10.5695
1.77667e+09   -0.11264   2.98764 0.0126216 -1.91857 0.686317 -10.9054
1.77667e+09  -0.145663   2.94822 0.0126216 -1.55585 0.467328 -10.7559
1.77667e+09    -0.17123    2.92585 0.00196897 -1.08541 0.732845 -9.99309
1.77667e+09   -0.197861    2.91626 -0.0193363 -1.08581 0.857986 -9.68567
1.77667e+09   -0.227689    2.89922 -0.0480985 -1.51293  1.02123 -9.89908
1.77667e+09   -0.264973    2.85767 -0.0725995 -1.74662  1.12786 -10.3352
1.77667e+09   -0.308649    2.80121 -0.0853827 -1.85281 0.942347 -10.9068
1.77667e+09  -0.349129   2.74795 -0.102427 -1.37601 0.763612  -10.622
1.77667e+09     -0.396   2.71919 -0.118406 -1.15438 0.965165 -10.3303
1.77667e+09  -0.438611   2.70214 -0.138646  -1.1554  1.10256 -9.82957
1.77667e+09  -0.485482   2.68084 -0.152494 -1.31906   1.2114 -9.85786
1.77667e+09  -0.527028   2.64142 -0.158886 -1.63841  1.34018 -10.2865
1.77667e+09  -0.568573   2.58284 -0.164212 -1.56189 0.975671  -10.271
1.77667e+09  -0.601596   2.52744 -0.171669 -1.33434 0.907054  -10.057
1.77667e+09  -0.638881   2.47844 -0.180191 -0.977679   1.14724  -9.49405
1.77667e+09  -0.669773   2.44222  -0.19617 -1.02151  1.10986   -9.286
1.77667e+09  -0.714514   2.40494 -0.211084 -1.36954  1.33688 -9.53587
1.77667e+09   -1.19708   1.26617 -0.334655 -0.0369363    1.29907   -8.52537
1.77667e+09  -0.926502   0.24458  -0.29524 0.507986  1.52982 -10.6631
1.77667e+09  -0.494005 -0.292313 -0.198301  1.18912 0.898174 -12.2679
1.77667e+09  -0.160577 -0.594848 -0.215345  1.27147 0.978825 -11.1873
1.77667e+09   0.111066 -0.866491 -0.249433 0.864466  0.80136 -11.5641
1.77667e+09   0.144089 -0.869686 -0.252629 0.715149  1.01544 -11.4425
1.77667e+09   0.156872 -0.886731  -0.25476 -0.00298571     1.19424    -12.1917
1.77667e+09   0.162198  -0.92508 -0.255825 -0.280529   1.06698  -12.7197
1.77667e+09   0.171786 -0.971952 -0.266478 -0.195055  0.805768  -13.0485
1.77667e+09   0.194156  -1.00391 -0.281391 0.365618 0.662894  -12.177
1.77667e+09   0.220788  -1.02841 -0.298436 0.485555 0.727443 -11.6407
1.77667e+09   0.242093  -1.04865 -0.306958 0.150923  1.11311   -11.39
1.77667e+09  0.255941 -1.08061 -0.31548 -0.183151   1.20571   -11.754
1.77667e+09   0.264464  -1.12642 -0.326132 -0.646484  0.904924  -12.5597
1.77667e+09   0.278312  -1.17968 -0.334655 -0.40518 0.736432 -12.3525
1.77667e+09   0.287899  -1.22335 -0.348503 -0.150406  0.635609  -11.8091
1.77667e+09   0.304944  -1.24572 -0.357025 -0.00315372    0.815519    -10.7364
1.77667e+09   0.316662  -1.26596 -0.369808 -0.209962  0.973124  -10.6143
1.77667e+09   0.325184  -1.30218 -0.381526 -0.886323   1.05013  -11.2128
1.77667e+09   0.323053  -1.35864 -0.397505 -1.11463 0.786855 -11.7334
1.77667e+09  0.319857 -1.42043 -0.41668 -0.936965  0.712115  -11.5692
1.77667e+09   0.327314  -1.47156 -0.432659 -0.441272  0.574996  -10.5041
1.77667e+09   0.339032  -1.50671 -0.451834 -0.385106  0.732928  -9.97505
1.77667e+09   0.153676  -2.51445 -0.675539 -2.04001  1.38917 -9.81924
1.77667e+09  -0.0583115   -3.43697  -0.782066 -1.19064  1.32177 -9.62263
1.77667e+09  -0.184013  -3.87693 -0.812958 -1.08339  1.67107 -11.0927
1.77667e+09  -0.157381   -3.9728 -0.806567 -0.557867  0.919859  -11.3356
1.77667e+09  0.0226486  -3.77573 -0.743716 -1.80884 0.663831 -13.6487
1.77667e+09  0.0418234  -3.73951 -0.741586 -1.20631 0.293141  -12.848
1.77667e+09  0.0673897  -3.69051 -0.739455 -1.09368 0.539713 -11.9831
1.77667e+09   0.092956  -3.64363 -0.739455 -1.37134 0.741829 -11.9611
1.77667e+09   0.105739    -3.617 -0.733063 -2.12667 0.678274 -12.6804
1.77667e+09  0.112131 -3.60422 -0.72028 -2.29784 0.512548 -13.0369
1.77667e+09   0.122783  -3.58718 -0.707497 -1.92894 0.213583 -12.7439
1.77667e+09   0.144089  -3.55309 -0.702171  -1.40555 0.0946822  -11.3996
1.77667e+09   0.169655  -3.50835 -0.707497 -1.44243 0.232057 -10.8629
1.77667e+09   0.184569  -3.48171 -0.707497 -2.16244 0.573874 -10.8322
1.77667e+09    0.19096  -3.48065 -0.698975 -2.60394 0.589694 -11.2526
1.77667e+09   0.199482  -3.49024 -0.687257 -2.91816  0.23561 -11.8726
1.77667e+09   0.223984  -3.48598 -0.680865   -2.4287 0.0520652  -11.1366
1.77667e+09  0.258072 -3.46147  -0.6798   -2.18165 -0.0152652   -10.3785
1.77667e+09   0.291095  -3.43271 -0.678735 -2.31221 0.317225 -9.31933
1.77667e+09  0.296422 -3.41886  -0.6798 -2.71823 0.507373 -9.39689
1.77667e+09   0.296422  -3.42632 -0.671278 -3.55164 0.411014 -10.3162
1.77667e+09   0.296422  -3.43591 -0.658495 -3.63746 0.236284 -10.5729
1.77667e+09   0.326249  -3.42845 -0.654234 -3.44629 0.208272 -10.1154
1.77667e+09  0.360337 -3.40395 -0.65743   -3.15292 -0.0805439   -8.66903
1.77667e+09   0.405079  -3.38584 -0.662756 -3.20371 0.121209 -8.13968
1.77667e+09   0.430645  -3.38904 -0.655299 -3.80857 0.555408 -8.18864
1.77667e+09   0.453015  -3.40928 -0.649973  -4.30171 0.0690159  -8.94329
1.77667e+09   0.466864  -3.43165 -0.632929   -4.20166 -0.0231579   -9.08662
1.77667e+09     0.4903  -3.44656 -0.621211  -3.52643 -0.215643  -8.35154
1.77667e+09   0.523323  -3.45402 -0.612689  -3.28683 -0.367937  -7.64312
1.77667e+09   0.557411  -3.46147 -0.611623  -3.24699 -0.180594  -6.49829
1.77667e+09   0.875925  -3.88758 -0.550903 -4.53969 0.192048 -6.14973
1.77667e+09   1.08791 -4.18798  -0.3762   -3.77562 -0.0205232   -6.31016
1.77667e+09    1.00695  -3.85669 -0.257956  -3.78404 -0.319335  -8.42145
1.77667e+09   0.817336  -3.07798 -0.163147  -3.11389 -0.540948  -8.30925
1.77667e+09   0.668199  -2.48889 -0.134385  -4.42207 -0.178557  -7.64548
1.77667e+09   0.636241  -2.42178 -0.131189  -4.62084 -0.264026   -8.1526
1.77667e+09   0.603218  -2.35467 -0.127993  -4.50449 -0.385684   -8.9046
1.77667e+09   0.569129   -2.2801 -0.120536  -3.84354 -0.858608  -8.61228
1.77667e+09   0.540367  -2.19701 -0.117341  -3.60114 -0.757371  -8.29163
1.77667e+09   0.514801  -2.11178 -0.114145  -3.62073 -0.204705  -7.94292
1.77667e+09  0.487104 -2.03082 -0.11521  -3.84183 -0.173213  -8.02074
1.77667e+09   0.460472  -1.95093 -0.117341  -4.12699 -0.280717  -8.38412
1.77667e+09   0.443428  -1.86464 -0.125863  -3.80783 -0.501215  -8.04819
1.77667e+09   0.426384  -1.76983 -0.125863  -3.56028 -0.658336  -7.56895
1.77667e+09   0.400817  -1.67609 -0.124797   -3.4406 -0.419111   -6.6897
1.77667e+09   0.367794    -1.593 -0.122667  -3.70381 -0.111455  -6.54645
1.77667e+09   0.328379  -1.52163 -0.116275 -4.50907 0.057263  -6.9299
1.77667e+09   0.291095  -1.45558 -0.105623  -4.75228 -0.200597  -7.27138
1.77667e+09    0.263398   -1.38421 -0.0992311   -4.5536 -0.346913  -7.09988
1.77667e+09    0.248485   -1.29792 -0.0939048  -4.07789 -0.465636  -6.41424
1.77667e+09    0.243158   -1.21164 -0.0928396  -4.03498 -0.332672  -6.21449
1.77667e+09    0.223984   -1.12642 -0.0896438 -4.48197 0.066795  -6.5004
1.77667e+09   0.192026   -1.0593 -0.090709  -4.96544 0.0294828  -7.25696
1.77667e+09    0.162198  -0.993257 -0.0821869  -4.94405 -0.097127  -7.44273
1.77667e+09    0.143023  -0.918689 -0.0662079  -4.38933 -0.383865  -7.12918
1.77667e+09    0.137697  -0.830272 -0.0512942  -4.09099 -0.462087  -6.74361
1.77667e+09    0.131306  -0.735463 -0.0470332  -4.02705 -0.169137   -6.1794
1.77667e+09    0.120653  -0.653438 -0.0417069  -4.57468 0.0612381  -6.56437
1.77667e+09    0.104674     -0.581 -0.0353153   -4.78827 -0.0466652   -6.95674
1.77667e+09   0.0876297  -0.507497 -0.0225321  -4.68142 -0.364379  -7.35698
1.77667e+09   0.0759118  -0.431863 -0.0150753  -4.38234 -0.461542  -7.20766
1.77667e+09    0.0716508   -0.343446 -0.00548788  -3.83519 -0.595072  -6.53664
1.77667e+09  -0.00611354     0.56842   0.0797333  -4.11938 -0.706813  -7.17929
1.77667e+09  -0.419436   2.41878   0.24911 -4.81016 -0.54582  -7.6134
1.77667e+09  -0.96059  3.19217 0.261893  -4.77034 -0.435715  -6.58283
1.77667e+09  -1.35261  3.63212 0.283199 -4.49136 -0.49376 -6.74867
1.77667e+09  -1.52092  3.83452 0.397182 -4.11276 0.785311 -6.69855
1.77667e+09  -1.52198   3.8228   0.4089 -4.02839  0.46484 -6.81221
1.77667e+09  -1.51772  3.81961 0.435532 -3.74297 0.411705 -6.77043
1.77667e+09  -1.50281  3.83133 0.456837 -3.24955 0.597243 -6.56595
1.77667e+09  -1.48044  3.84198 0.481338 -3.27087 0.653893 -6.50879
1.77667e+09  -1.46233  3.84198 0.496252 -3.70407 0.862359 -6.95152
1.77667e+09  -1.44529  3.83346 0.520753 -3.97975  1.06313 -7.48809
1.77667e+09   -1.4325  3.83239 0.549515 -3.82399 0.889083 -7.35207
1.77667e+09  -1.40587  3.83878 0.577212 -3.04249 0.643794 -6.43826
1.77667e+09  -1.37285   3.8505 0.599582 -2.73608 0.771588 -5.98914
1.77667e+09  -1.33663  3.84837 0.623018 -2.8846 1.16331  -5.811
1.77667e+09  -1.30893  3.83026 0.646454  -3.5447   1.2949 -6.87533
1.77667e+09   -1.2855  3.80576 0.675216 -3.75669  1.35996 -7.44745
1.77667e+09  -1.25673  3.79084 0.701848 -3.43643  1.07945 -7.51232
1.77667e+09  -1.21412  3.79084 0.728479 -2.95334 0.884159  -7.0126
1.77667e+09  -1.16512  3.79617 0.754046 -2.29841  1.09499 -5.96399
1.77667e+09  -1.11718  3.79511 0.780677 -2.67462  1.44973 -6.12831
1.77667e+09  -1.08629  3.78019 0.809439 -3.03682  1.47377 -6.72818
1.77667e+09   -1.0554  3.76102 0.838201 -3.37558  1.39807 -8.04387
1.77667e+09  -1.02131  3.74184 0.869094 -3.21846  1.25595 -8.23741
1.77667e+09  -0.970178   3.74291  0.898922 -2.44285 0.979236 -7.72447
1.77667e+09  -0.909458   3.74823  0.928749 -2.20688  1.24392 -7.34718
1.77667e+09  -0.85939  3.75569 0.952185 -2.42013   1.3124 -7.56125
1.77667e+09  -0.819975   3.74717  0.974555 -2.93753  1.32972 -8.74039
1.77667e+09  -0.793344   3.74078  0.995861 -3.04267  1.27349 -9.40564
1.77667e+09  -0.752864   3.74397   1.02143 -2.76568 0.739707 -9.75569
1.77667e+09  -0.703862   3.76528   1.03847 -2.11066 0.712296 -9.10712
1.77667e+09  -0.650598   3.78765   1.06084 -1.98207 0.858238 -8.86488
1.77667e+09  -0.600531   3.80469   1.08215 -2.35294 0.885027 -9.03503
1.77667e+09  -0.235145   3.99964   1.20039 -2.61325 0.772429 -12.3633
1.77667e+09  -0.0519199    4.26489     1.0928 -1.89621 0.268397  -9.8153
1.77667e+09  0.0535413   4.04225  0.890399    -1.6462 -0.0985724   -8.35411
1.77667e+09   0.16859  3.30828 0.576146 -2.81495 0.841159   -7.808
1.77667e+09   0.17072  2.33889 0.347115  -2.0687  1.33364 -7.87817
1.77667e+09  0.164329  2.29202 0.326875 -1.80397  1.60555 -7.53685
1.77667e+09   0.15048  2.23982 0.310896 -1.96757  1.91803 -7.26522
1.77667e+09  0.132371   2.1759 0.293851 -2.49285  2.03152 -8.08665
1.77667e+09  0.119588  2.10453  0.28746 -2.60548  2.03752 -8.55877
1.77667e+09  0.115327  2.03635 0.281068 -2.24182  1.75808 -8.76707
1.77667e+09  0.116392  1.97883 0.274677 -1.83569   1.6875 -8.53246
1.77667e+09  0.117457   1.9277 0.257632 -1.35008  2.01852 -7.91319
1.77667e+09  0.100413  1.87124 0.248045 -1.74051  2.31747 -8.18463
1.77667e+09  0.0716508   1.79987  0.244849 -2.02419  2.36154 -8.72768
1.77667e+09  0.0386276   1.72423  0.251241 -2.10769  2.19341 -9.62173
1.77667e+09  0.0173223   1.66032  0.243784 -1.82269  2.00578 -9.67248
1.77667e+09  0.0077349   1.61664  0.224609 -0.988759   1.94929  -9.13926
1.77667e+09  0.00347384    1.58681   0.199043 -0.809171   2.37814  -8.72656
1.77667e+09  -0.0146357    1.53994    0.18626 -1.04312   2.5612 -8.96965
1.77667e+09  -0.0412673    1.47496   0.181999 -1.53189  2.58536  -10.149
1.77667e+09  -0.0721599    1.40891   0.177738 -1.51644  2.47627 -10.6427
1.77667e+09   -0.0924  1.36417 0.172411 -0.860345   2.14325  -10.7735
1.77667e+09  -0.110509   1.34819  0.162824 -0.132922   2.23708  -10.1974
1.77667e+09  -0.129684    1.3418  0.152171 -0.074901   2.47046  -10.0697
1.77667e+09  -0.152055   1.32582   0.14791 -0.485484   2.72416  -10.7706
1.77667e+09  -0.174425   1.29173  0.143649 -0.704778   2.69764  -11.4425
1.77667e+09  -0.192535    1.2438  0.138323 -0.617689   2.36386  -12.3367
1.77667e+09  -0.209579   1.20758   0.12767  0.13724  2.06849 -12.0671
1.77667e+09  -0.225558   1.18521  0.119148 0.450658  2.09759 -11.7322
1.77667e+09  -0.251124   1.17456  0.112756 0.430608  2.47358 -11.5331
1.77667e+09  -0.284148   1.16177  0.103169 0.175092  2.56527 -11.8831
1.77667e+09   -0.766712    1.08827 -0.0608816  1.38874  2.35288 -13.8576
1.77667e+09   -1.35367  0.916762 -0.227063  1.17206   2.6992 -12.6763
1.77667e+09   -1.41333  0.459763 -0.292044 0.111986  2.87803 -11.7337
1.77667e+09   -1.13849 -0.482995 -0.522141 -0.485138   2.50125  -9.21563
1.77667e+09   -1.18217  -1.41617 -0.772478 -0.365256   2.43876  -10.8631
1.77667e+09   -1.18749  -1.45132 -0.790588 0.0113087    2.5551  -10.0633
1.77667e+09   -1.20773  -1.49713 -0.807632 -0.11547  2.82823 -10.1569
1.77667e+09   -1.23862  -1.55785 -0.822546 -0.738729   3.18012  -11.1866
1.77667e+09   -1.26952   -1.6175 -0.832133 -0.980511   3.08066  -11.6791
1.77667e+09   -1.28763  -1.65692 -0.840655 -0.801991   2.91717  -11.8941
1.77667e+09   -1.29508  -1.67822 -0.847047 -0.177309   2.80085  -10.8941
1.77667e+09    -1.3068  -1.69207 -0.853438 -0.042739   2.88026  -10.4296
1.77667e+09   -1.32811   -1.7219 -0.863026 -0.439997    3.2854  -10.6227
1.77667e+09   -1.35687  -1.76451 -0.881135 -0.83059  3.39446  -11.144
1.77667e+09   -1.38989  -1.81245 -0.888592  -1.2005  3.19948 -11.9291
1.77667e+09   -1.41652  -1.84547 -0.889657 -0.631654   2.96125  -11.4941
1.77667e+09   -1.44316  -1.86251 -0.893918 -0.312163   2.93109  -10.9513
1.77667e+09   -1.46553  -1.87423 -0.908832 -0.219729   3.21649  -10.3729
1.77667e+09  -1.49429 -1.89767 -0.92055 -0.503569   3.41443  -10.6301
1.77667e+09   -1.52838  -1.92536 -0.926942 -1.19195  3.55417 -11.7659
1.77667e+09   -1.57099  -1.94667 -0.926942   -1.135  3.22328 -12.2232
1.77667e+09   -1.60401  -1.95413 -0.936529 -0.793784   3.07446  -11.9449
1.77667e+09    -1.6381    -1.952 -0.935464 -0.196629   3.10175   -11.017
1.77667e+09   -1.67219  -1.96158 -0.942921 -0.203371   3.30642  -10.8102
1.77667e+09   -1.71906  -1.98608 -0.945051 -0.777928   3.68211  -11.4319
1.77667e+09   -1.77019   -2.0255 -0.943986 -1.28956  3.56212 -12.4386
1.77667e+09   -1.81919  -2.05213 -0.942921 -1.19733  3.37689 -12.5386
1.77667e+09   -1.85648  -2.05852 -0.938659 -0.550335   3.20674  -11.8679
1.77667e+09   -1.88417     -2.05 -0.950377 -0.294715   3.20654  -11.4037
1.77667e+09   -1.91187  -2.04574 -0.957834 -0.388365   3.35264   -10.967
1.77667e+09   -1.95555     -2.05 -0.966356 -0.955335   3.71548   -11.732
1.77667e+09   -2.00775  -2.05852 -0.964226 -1.15455  3.60068 -12.1602
1.77667e+09   -2.93772  -1.87636 -0.681931 -1.26199  3.93778 -11.5667
1.77667e+09   -3.47035  -1.63774 -0.392179 -1.59444  4.40683 -11.7961
1.77667e+09   -3.90285   -1.3171 0.0488406 -2.32261   3.7432 -11.0522
1.77667e+09  -3.87515 -1.17329  0.30983  -2.4425  2.62066 -9.25663
1.77667e+09   -3.4629 -1.05185 0.517557 -3.15616  2.06977 -8.39864
1.77667e+09  -3.42668  -1.0625 0.534601  -3.4626  1.91383 -8.88345
1.77667e+09    -3.383 -1.06676 0.544188 -3.23585  1.68161 -8.70457
1.77667e+09  -3.32122 -1.05185 0.549515  -2.4814  1.74264 -7.74177
1.77667e+09  -3.26689 -1.03906 0.555906 -2.27572  1.81334 -7.19165
1.77667e+09  -3.22215 -1.03161 0.563363 -2.47636   1.8418 -6.99743
1.77667e+09   -3.1838 -1.03054 0.579342 -3.18665  1.90326 -8.12567
1.77667e+09  -3.13799 -1.02841  0.58893 -3.42181  1.76014 -8.53927
1.77667e+09  -3.07301 -1.01669 0.601713 -3.04684  1.34577 -8.12405
1.77667e+09   -3.00483 -0.997518    0.6113 -2.63469   1.3491 -7.46009
1.77667e+09   -2.94198 -0.979409  0.620888 -2.34943  1.85675 -6.49683
1.77667e+09   -2.89618 -0.980474  0.635801 -2.86689  2.32286 -6.95454
1.77667e+09   -2.85463 -0.993257  0.645389 -3.14311  2.36774 -7.58356
1.77667e+09  -2.80669 -1.00178 0.661368 -3.17141  1.94091 -8.33358
1.77667e+09   -2.74917 -0.982604  0.670955 -2.84508  1.65024 -8.11198
1.77667e+09   -2.68632 -0.955973  0.679477   -2.099  1.58859 -6.99824
1.77667e+09   -2.62986 -0.938929  0.678412  -2.1925  2.02276 -6.15455
1.77667e+09   -2.58299 -0.938929  0.677347 -2.55459  2.34877 -6.31167
1.77667e+09   -2.54464 -0.949581  0.689064 -3.24149  2.68917  -7.5486
1.77667e+09   -2.49777 -0.944255  0.700782 -3.06899  2.55002   -8.043
1.77667e+09   -2.45409 -0.927211  0.716761 -2.68401   2.5857 -7.72278
1.77667e+09   -2.40828 -0.899514  0.729545 -2.07827  2.91169  -6.7317
1.77667e+09   -2.37633 -0.877143  0.743393 -2.05036  2.98665 -6.42421
1.77667e+09    -2.1963 -0.719484  0.896791 -1.89516  3.43477 -7.15728
1.77667e+09   -2.34863 -0.492583   1.05125 -2.39593  4.58108 -7.22402
1.77667e+09    -3.02933 -0.0185402    1.42516 -1.54207  4.91232 -7.65927
1.77667e+09  -2.53718  0.12314  1.59774 -2.17138  4.90378 -5.55789
1.77667e+09   -1.20667 0.0293967   1.62543 -1.83326  2.74032  -5.5649
1.77667e+09   -1.07138 0.0155482   1.61265 -1.44976  2.63149 -5.05789
1.77667e+09  -0.916915 0.0304619   1.59241 -0.712364   2.51644  -3.60014
1.77667e+09  -0.763516 0.0464409   1.57323 -0.755641     2.642  -3.29251
1.77667e+09  -0.611184 0.0432451   1.55406 -1.10324  2.77202 -3.81411
1.77667e+09  -0.466308  0.014483   1.52743 -1.67152  2.61196 -5.02807
1.77667e+09   -0.320367 -0.0132139    1.50612  -1.1746  2.06444 -4.94947
1.77667e+09    -0.17336 -0.0323887    1.48375 -0.698741   1.89002  -4.39251
1.77667e+09  -0.0125051 -0.0366497    1.45712 -0.222947   1.99602  -3.37839
1.77667e+09    1.81868 -0.181526  0.943663 0.04298 1.54175 -4.5093
1.77667e+09    3.58383 -0.203896  0.197978 -0.610408   2.20461  -6.62141
1.77667e+09     5.11248 -0.0718034    -1.0569 -0.397229   4.87718   -8.1016
1.77667e+09      4.9463 -0.0686076   -1.62149 -1.25575  5.32419 -9.14477
1.77667e+09    4.90369 -0.256094  -1.94746 -2.12193  4.61284 -9.85369
1.77667e+09    4.91434 -0.278465  -1.96557 -1.91561  4.25041 -10.1611
1.77667e+09    4.94204 -0.289117   -1.9954 -1.60468  3.93567 -9.66723
1.77667e+09    4.97932 -0.283791  -2.01564 -1.08744  3.91791 -8.44513
1.77667e+09    5.01874 -0.284856  -2.03375  -1.4798  4.12715 -8.31516
1.77667e+09    5.05602 -0.300835  -2.04227 -1.87256   3.9494 -8.67772
1.77667e+09   5.08478 -0.33812 -2.04653 -2.29223  3.60133 -9.77705
1.77667e+09    5.11994 -0.371143  -2.05612 -1.90263  2.97732 -9.78354
1.77667e+09    5.16574 -0.395644   -2.0689 -1.54102  2.81129 -9.24037
1.77667e+09     5.2222 -0.406296  -2.09021 -1.19943  3.14059 -8.31961
1.77667e+09    5.28612 -0.412688  -2.11365 -1.41327  3.27754 -8.26184
1.77667e+09    5.34471 -0.427602  -2.13708 -2.09818  3.04895   -8.945
1.77667e+09    5.39904 -0.460625  -2.15732  -2.2614  2.76618 -9.70928
1.77667e+09    5.45869 -0.494713  -2.16478 -2.09148  2.52144 -9.64465
1.77667e+09    5.52367 -0.519214  -2.17117 -1.51003  2.20109 -8.86561
1.77667e+09    5.59185 -0.526671  -2.18076 -1.40305  2.35377 -8.56599
1.77667e+09    5.64831 -0.527737  -2.19674 -1.92242  2.58996 -8.85087
1.77667e+09    5.69199 -0.543716  -2.21485 -2.50635  2.22975 -9.99947
1.77667e+09    5.73779 -0.584196  -2.23722  -2.4915  2.05583 -10.4285
1.77667e+09    5.79958 -0.631067   -2.2532 -2.02272  1.66417 -10.2287
1.77667e+09    5.88054 -0.660895  -2.27024 -1.74638  1.53544   -9.764
1.77667e+09    5.96576 -0.659829  -2.28302 -1.66062  1.92747 -9.15018
1.77667e+09    6.04459 -0.656634  -2.29687 -2.35821  2.06142 -9.72021
1.77667e+09    6.11276 -0.670482  -2.30752 -2.65812  1.77738 -10.2332
1.77667e+09    6.17029 -0.699244  -2.31818 -2.62128  1.56975 -10.8698
1.77667e+09    6.22568 -0.720549  -2.33842 -2.35854  1.35894  -10.727
1.77667e+09    6.28321 -0.725876  -2.35333 -1.89025  1.20442 -10.0197
1.77667e+09    6.34286 -0.716288  -2.36824 -2.10142  1.77693 -10.0282
1.77667e+09    6.38973 -0.716288  -2.38209 -2.46451  1.75634 -10.4489
1.77667e+09    6.42915 -0.736528  -2.39275 -2.92051  1.32975 -11.5047
1.77667e+09   6.45685 -0.76529 -2.40233 -2.86906  1.36839 -11.8417
1.77667e+09    4.30288 -0.403101  -1.58847 -3.44681   4.2453 -11.6574
1.77667e+09    2.08074   -0.2007 -0.913093 -2.81707  4.10895  -10.106
1.77667e+09  -0.593074 0.0240704 -0.211084 -2.71119  4.05503 -9.81983
1.77667e+09  -3.16036 0.298909 0.661368 -2.91395  2.48556 -9.53304
1.77667e+09  -4.36837 0.449111  1.29946 -3.70175  1.25365 -10.9921
1.77667e+09  -4.43122  0.44485  1.33675 -3.46692  1.21341 -10.7711
1.77667e+09  -4.48448 0.453372  1.37829 -3.03365  1.35592 -9.79989
1.77667e+09  -4.53668 0.470416  1.41877 -3.04946  1.35874 -9.37015
1.77667e+09  -4.59527  0.48746  1.46138 -3.46845  1.76328 -9.48435
1.77667e+09  -5.99823 0.435262  2.21452 -2.78883  2.69817 -10.2149
1.77667e+09  -6.44777 0.275473  2.56286 -2.86655  1.31302 -10.6312
1.77667e+09  -4.49407 0.178534  2.27205 -2.99844 -1.09312 -9.48198
1.77667e+09    -1.56779 -0.0611508    1.49121 -1.06153 -3.88059 -7.89015
1.77667e+09    1.18592 -0.407362  0.420618  -1.0638 -3.94319 -7.35278
1.77667e+09    1.43306 -0.433993  0.313026 -0.664896  -3.81749  -6.78952
1.77667e+09    1.67487 -0.454233  0.199043 -0.316215  -3.41124  -5.73305
1.77667e+09    1.90284 -0.480865 0.0903859 -0.52893 -3.12375 -5.75468
1.77667e+09     2.12122  -0.527737 -0.0150753 -1.39497 -2.82505 -6.92611
1.77667e+09    2.33747 -0.585261 -0.117341 -1.67238  -3.2115 -7.89708
1.77667e+09   4.47865 -1.06143  -1.4894  -1.44349 -0.401759  -9.55695
1.77667e+09   5.09437 -1.27129 -2.34907  -1.8576  3.44547 -11.6548
1.77667e+09   4.33058 -1.24466   -2.854 -1.90871  6.80847  -12.091
1.77667e+09    1.70896 -0.869686  -2.62071 -2.52675  6.01949  -10.366
1.77667e+09  0.0844339 -0.652372  -2.24787 -3.66772  3.57699 -8.88218
1.77667e+09  0.0130612 -0.652372  -2.22869 -3.97454  3.46204 -9.19529
1.77667e+09  -0.060442 -0.654503    -2.201 -4.23957  2.95776 -9.81492
1.77667e+09  -0.116901 -0.649177  -2.16797 -3.79889  2.65898 -9.60818
1.77667e+09  -0.163773 -0.642785  -2.13389 -3.52213  2.55951 -9.21526
1.77667e+09  -0.209579 -0.636393  -2.11258  -3.3736  2.78516 -8.42918
1.77667e+09  -0.264973 -0.630002  -2.09128 -3.55858   3.0068 -8.31461
1.77667e+09  -0.323562 -0.627871  -2.06784  -4.1508  2.85386 -8.81951
1.77667e+09  -0.380021 -0.635328  -2.03375 -4.26497  2.40648 -9.56903
1.77667e+09  -0.424762 -0.640655  -2.00925  -4.0659  2.19815 -9.60495
1.77667e+09  -0.457786 -0.635328  -1.97623 -3.62602  1.91112 -9.15477
1.77667e+09  -0.488678 -0.620415   -1.9464 -3.59756  1.98065 -9.01197
1.77667e+09  -0.529158 -0.605501  -1.90592  -4.0668  2.21665 -9.32574
1.77667e+09  -0.57603 -0.60337  -1.8729 -4.51612  1.97105 -9.96702
1.77667e+09   -0.61864 -0.602305  -1.83987 -4.44551  1.75744 -10.0596
1.77667e+09  -0.641011 -0.591652  -1.81111 -3.88446  1.46833 -9.52405
1.77667e+09  -0.653794 -0.572478  -1.77702 -3.66426  1.46937 -9.14558
1.77667e+09  -0.669773 -0.554368   -1.7472 -3.86994  1.85467 -8.98146
1.77667e+09  -0.701731 -0.550107  -1.70991  -4.5954  1.98393 -9.75901
1.77667e+09  -0.743276 -0.555433  -1.66837 -4.80204  1.81929  -10.187
1.77667e+09  -0.779495 -0.554368  -1.61723 -4.47548  1.39597  -10.237
1.77667e+09   -0.79654 -0.533063  -1.57675 -4.10602  1.25995 -9.84435
1.77667e+09  -0.803997 -0.507497  -1.54266 -3.68661  1.41084 -8.98052
1.77667e+09  -0.817845 -0.477669  -1.50964 -4.09803  1.92173 -9.04507
1.77667e+09  -0.928632 -0.275269 -0.505097 -4.81795 0.798168 -9.33048
1.77667e+09   -0.513179 -0.0238665   0.742328 -4.33307 -1.64279 -8.84294
1.77667e+09  -0.17336 0.256298  1.18441  -3.24669 -0.881298  -7.67699
1.77667e+09  -0.552594  0.733536   1.84807 -3.29663  1.72801 -7.62311
1.77667e+09  -0.948872  0.863499   2.23796 -2.69782  2.36275 -8.20876
1.77667e+09  -1.77019 0.995591  2.82918 -2.98709   3.7717 -9.05104
1.77667e+09  -2.14943  1.28215  3.23611 -0.617835   3.01648  -9.27441
1.77667e+09  -0.865782   1.22462   2.90481 -0.724746  0.599199  -9.13496
1.77667e+09   0.45195 0.879478  1.91199  0.120749 -0.166167  -6.94459
1.77667e+09   1.43199 0.192382  0.55058 -0.498963   2.69274  -7.04649
1.77667e+09   1.46289 0.124205 0.466424 -0.783012   2.69366  -7.55355
1.77667e+09    1.50763 0.0570936  0.383334 -0.589082   2.71561  -7.79092
1.77667e+09     1.55769 0.00809139   0.293851 0.187478   2.9748  -6.7073
1.77667e+09      1.6035 -0.0259971   0.201173 0.401611  3.27364 -6.16534
1.77667e+09     1.63013 -0.0675424   0.117018 0.00580855    3.97057    -6.3095
1.77667e+09    1.64079 -0.126132 0.0371227 -0.433972   4.12459  -6.99546
1.77667e+09    1.64611 -0.194309  -0.03425 -0.880439    3.9222  -8.36739
1.77667e+09    1.65889 -0.250768 -0.105623 -0.259979   3.82131  -8.16235
1.77667e+09    1.68233 -0.291248 -0.180191 0.174357  3.95283 -7.50619
1.77667e+09    1.70257 -0.327467  -0.25476 0.459947   4.4965 -6.57889
1.77667e+09    1.70683 -0.373273 -0.333589 0.211938  4.75752 -6.76494
1.77667e+09    1.69405 -0.435059 -0.406027 -0.525775   4.85764  -8.15817
1.77667e+09    1.67807 -0.492583 -0.475269 -0.509425   4.69499  -8.98829
1.77667e+09    1.66529 -0.528802  -0.53812 -0.145419   4.76029  -8.75403
1.77667e+09    1.65144 -0.553303 -0.603101 0.630837  4.98353 -7.64161
1.77667e+09    1.63439    -0.581 -0.672343   0.7241  5.24323 -7.33522
1.77667e+09    1.60883 -0.630002 -0.736259 0.179048  5.69141 -8.10065
1.77667e+09   0.952624 -0.917623  -1.70458 -0.370023   6.21113  -11.6306
1.77667e+09   0.786443 -0.769552  -2.01564 -0.945046   4.37681  -11.5772
1.77667e+09    1.12626 -0.774878  -2.30326 -3.51673  2.88358 -10.2192
1.77667e+09   1.58752 -1.43641 -2.61965 -3.62021  1.85874 -6.86297
1.77667e+09   2.19579 -2.12137 -2.76559  -5.0707 0.898352 -8.44165
1.77667e+09   2.24266 -2.19061 -2.77198 -5.54081 0.395256 -9.66899
1.77667e+09   2.29273 -2.24494 -2.77837 -5.40538  0.23857 -9.81224
1.77667e+09   2.35877 -2.28116 -2.79435  -4.68118 -0.055622   -8.9409
1.77667e+09   2.43334 -2.30247 -2.81033  -4.41201 -0.156287   -8.4262
1.77667e+09   2.49726 -2.32377 -2.82631  -4.65335 0.0752574  -8.52623
1.77667e+09   2.54733 -2.36319 -2.83163   -5.47155 -0.0677365   -9.77483
1.77667e+09   2.59633  -2.4058 -2.84016 -5.65812   -0.468 -10.1876
1.77667e+09   2.65492 -2.44628 -2.84761  -5.28922 -0.858163  -10.0374
1.77667e+09   2.71777 -2.47611  -2.8572  -4.94116 -0.951798  -9.58759
1.77667e+09   2.77636 -2.50167 -2.87744 -4.60901 -1.11302 -8.79365
1.77667e+09   2.82642 -2.53576 -2.89448  -5.10605 -0.902589  -9.36498
1.77667e+09   2.87223 -2.58902 -2.90727 -5.46896  -1.0279      -10
1.77667e+09   2.92443 -2.63589 -2.91579 -5.69111 -1.60977 -10.7413
1.77667e+09   2.97556 -2.66466 -2.93603 -5.44855 -1.67645 -10.7279
1.77667e+09   3.03415 -2.66253 -2.95734 -4.79522 -1.99631 -10.0638
1.77667e+09   3.08209 -2.66253 -2.96692 -4.65325 -1.86714 -9.59237
1.77667e+09   3.13002 -2.68277 -2.97118 -4.86572  -1.6912 -9.85702
1.77667e+09   3.17903 -2.71579 -2.97864 -5.49272  -1.9393 -10.7767
1.77667e+09   3.87464 -2.73496 -2.91579   -5.436 -1.35886 -9.74101
1.77667e+09   3.59768 -2.05852 -1.55971  -6.33893 -0.570837  -5.82262
1.77667e+09    2.55478  -1.53228 -0.562621  -6.84247 -0.553725  -2.87693
1.77667e+09   0.159002 -0.410558   0.75085  -6.10472 -0.276696  -6.90634
1.77667e+09  -1.88417  1.83076  2.00254 -3.60244 -1.93968 -9.77627
1.77667e+09  -2.73958  4.34372  2.90268  -3.11234 -0.748165  -13.0706
1.77667e+09  -3.25517  5.69021  3.29151 -4.07619 0.112693 -11.9881
1.77667e+09  -3.1561  5.5464 3.22439  -2.89872 -0.147944  -7.91091
1.77667e+09  -1.79363  3.83133   2.1293 0.451297 -2.12733 -6.51557
1.77667e+09    1.38725  0.710101 -0.104557  1.15116 0.353764 -6.49349
1.77667e+09   2.98195 -2.05959 -1.50751  1.05628  5.62689 -13.6977
1.77667e+09  -1.48364 -2.59541 -1.58527 -4.49403  1.83177 -12.3656
1.77667e+09  -2.26234 -2.48889 -1.69287 -6.58092 -1.25377 -9.17007
1.77667e+09  -2.51694 -2.37597  -1.7163 -8.57149 -3.13144 -7.03992
1.77667e+09  -1.96833 -2.14907 -1.32002 -10.5873  -5.0198 -3.85689
1.77667e+09   -1.23649  -1.86251 -0.761826 -9.37888 -6.64252 -4.57939
1.77667e+09    0.75342 -0.433993  0.650715 -5.65222 -5.46304 -5.64816
1.77667e+09  1.85703 1.22995 1.71598 -2.51636  -4.0957 -7.08719
1.77667e+09  1.48419 2.88857 2.35194   -2.542 0.827845 -10.2155
1.77667e+09  0.595761  4.08699  2.88457 -0.431826    5.3911  -13.6177
1.77667e+09  0.487104  4.20736  2.95595 -0.459301   5.33842  -14.0113
1.77667e+09  0.374186  4.32028  3.02945 -0.20687  5.20928  -14.857
1.77667e+09  0.261268  4.43533  3.09443 0.0169281   5.39596  -15.1954
1.77667e+09  0.153676  4.55571   3.1445 0.183904  5.66839 -15.4982
1.77667e+09  0.0375623   4.68567    3.1935 -0.0623537     6.2922    -15.607
1.77667e+09  -0.0892042    4.80391     3.2457 -0.154208   6.45745   -15.643
1.77667e+09  -0.221297   4.92003    3.2979 0.0376479   6.22795  -15.6931
1.77667e+09  -0.35339  5.03081  3.35009  0.34489   6.2248 -15.6803
1.77667e+09  -0.478026   5.14693   3.40336 0.910204  6.49505 -15.4622
1.77667e+09  -0.5984 5.25878 3.45662 0.789417  6.87707 -15.0622
1.77667e+09  -0.723036   5.35252   3.50136 0.556238  7.26576 -15.1987
1.77667e+09  -0.845542   5.43135    3.5525 0.152494  7.36418 -16.0565
1.77667e+09  -0.963786   5.50699   3.60576 0.181589  7.18996 -16.4712
1.77667e+09  -1.07777  5.59221  3.65263 0.930877  6.97612 -16.4955
1.77667e+09  -1.18003  5.68915  3.69311  1.55053  7.16057 -15.6185
1.77667e+09  -1.2791 5.78182 3.73039  1.45701  7.30704 -15.2176
1.77667e+09  -1.37817  5.85213  3.77514 0.909368  7.71276  -15.324
1.77667e+09  -1.4815  5.9022 3.81775  0.70364  7.68402 -15.7955
1.77667e+09  -1.58164  5.95333   3.8561 0.860077  7.18216   -16.36
1.77667e+09  -1.66686  6.01405  3.89125  1.70517  6.92719 -15.2602
1.77667e+09  -1.73717   6.0801   3.9296  2.02456  7.07914 -14.4031
1.77667e+09  -1.80854  6.13123  3.96582  1.96447  7.13452 -13.5007
1.77667e+09  -1.87352  6.15573  4.00097  1.67881  6.99753 -13.7708
1.77667e+09  -1.99709  5.60499  3.74637  4.56599  0.40024 -10.0696
1.77667e+09   2.49406 -1.71764  -1.4926  1.41284  3.86335 -6.23721
1.77667e+09  0.868469 -4.37334  -2.6548 -0.474445   8.66026  -12.5784
1.77667e+09  -0.828498  -4.54804  -2.61858 -0.952837   4.31832   -13.489
1.77667e+09   -1.8373 -3.73631 -2.57597  -6.04912 -0.192332  -12.3352
1.77667e+09  -1.86074 -2.85427 -2.33416 -9.26129 -1.73415 -9.81373
1.77667e+09  -0.411979  -1.67929  -1.42868 -11.2593 -7.42594 -3.57148
1.77667e+09    1.22001 -0.721615 -0.422006 -10.6618 -7.07563 -4.22754
1.77667e+09  2.33108 1.08294 1.03101 -3.93398 -3.68955 -5.72842
1.77667e+09  0.0333012   4.65797   2.58204  0.36699  3.89914 -13.5009
1.77667e+09  -1.6594 5.35678 2.77485 3.09131 3.64613 -12.303
1.77667e+09   1.64931  2.11518 0.647519  8.68285  1.31642 -6.74938
1.77667e+09   2.18194 -1.85612  -1.3882 1.09852 7.48436 -8.6139
1.77667e+09   -3.7665 -4.17201 -2.32137 -9.10641  2.74573 -8.15017
1.77667e+09  -4.56971 -3.14403 -1.90698 -13.0411 -6.50504 -7.49807
1.77667e+09    -2.0919   -1.1669 -0.546642 -10.0978 -7.37111 -6.51354
1.77667e+09  3.16837 1.64221 2.29655 -1.78256 -2.91851 -10.6047
1.77667e+09  4.35827  4.3288 3.29044  1.56747  3.73861 -17.7098
1.77667e+09  3.11511 5.69554 3.15302  6.04316  6.99116 -13.1549
1.77667e+09  0.215461  3.65875  1.43795  10.8532  6.32897 -12.2807
1.77667e+09   -1.1289 -2.89795 -1.98688  3.79621  6.20592 -9.56716
1.77667e+09  -2.23039 -4.88893 -3.19276 -2.82706  2.97903 -9.07719
1.77667e+09  -2.79817 -5.12329 -3.54749 -10.0355  2.00395 -9.30265
1.77667e+09  -2.01627 -2.98104  -2.0444 -10.3795 -5.89134 -9.37564
1.77667e+09  -0.447133 -0.867556 -0.507227 -10.9574  -7.1936 -7.69166
1.77667e+09  1.40856 1.48774 1.23555 -6.66024 -5.46893  -7.5624
1.77667e+09  1.84745  4.5866  2.7674  1.77296  3.66383 -9.33182
1.77667e+09   1.86129  1.05738 0.684803  7.44088  4.40377 -8.35303
1.77667e+09   1.68446   -1.136 -0.51788  7.37389  6.24706 -10.7236
1.77667e+09  -3.17954 -2.30673  -2.9829  -10.787 -2.34551 -5.80054
1.77667e+09  3.35053 2.94289 3.56315 0.808486 -1.64189 -11.7184
1.77667e+09  2.72416 3.83772 3.15409  10.0458     5.51 -11.6073
1.77667e+09  1.11668 1.92237 1.53275   13.818  5.70232 -8.96986
1.77667e+09   0.334771 -0.124001  0.113822  10.1603  5.55928 -9.59579
1.77667e+09  -0.914784  -1.98928  -1.28594  4.15637  6.67357 -9.62815
1.77667e+09  -2.29856 -3.14722 -2.26811  1.10406  4.59052 -8.68786
1.77667e+09  -3.28393 -3.46787 -3.12778 -4.60184 0.878769 -7.68478
1.77667e+09   1.03358  1.38761 0.810505 -5.79765  -3.9839 -10.6378
1.77667e+09  3.35693 3.24117 3.17433 -0.445301  0.661124   -11.242
1.77667e+09  3.26425 3.61508 3.50882  5.68765  5.29625 -12.3155
1.77667e+09  2.32362 3.11973 3.01347 8.36956 3.76877 -11.241
1.77667e+09  0.136632 0.198774 0.470685   6.8881  4.32422 -9.78224
1.77667e+09  -1.61466 -2.00739 -1.45531  3.30453  5.18411 -9.56766
1.77667e+09  -2.62134 -2.76799   -2.299 0.479632  4.30709  -12.386
1.77667e+09  -2.27619 -2.07344 -2.61326 -2.65656 0.519642 -10.6362
1.77667e+09  -1.83624 -1.72296 -2.55467 -4.65767 0.110846  -11.262
1.77667e+09  -0.512114  -0.35836  -1.82283 -11.0933 -4.98405 -8.19428
1.77667e+09   -0.41411 0.0922473  -0.99938 -10.4801 -3.82862 -4.01274
1.77667e+09  -0.208514  0.845389  0.844593 -4.28495 -2.44846 -9.57029
1.77667e+09  0.716136  1.55272  2.01851 0.119629 -1.14511 -10.1631
1.77667e+09   1.8794 2.12584  2.7919  2.85894 0.411935 -12.3314
1.77667e+09  3.73616  2.8662 3.25635  5.86674  4.24342 -14.0808
1.77667e+09  3.83843 2.50507 2.72905  9.84758  3.00765 -10.0563
1.77667e+09  2.96704 1.34819 1.61371   9.7734  6.77253 -11.4107
1.77667e+09     1.18379 -0.0302581   0.256567   5.6697  4.15063 -9.08088
1.77667e+09  -0.767778   -1.3874 -0.971683  3.62507  4.38585 -8.52038
1.77667e+09  -2.19204 -2.33229 -1.86331  1.81523  5.29567 -8.60835
1.77667e+09  -3.12201 -2.93736  -2.6026 -0.927712   1.97382  -10.1852
1.77667e+09  -2.92068  -2.9086 -3.05321  -4.46562 -0.895623  -8.58042
1.77667e+09  -1.90122 -2.39514 -3.11713 -10.1028 -5.84314 -6.72753
1.77667e+09  -0.607988   -1.6697  -2.44068 -11.5618  -6.0069 -4.68587
1.77667e+09   0.358207 -0.908036  -1.12828 -7.33328 -3.80398 -6.60638
1.77667e+09   1.33399 0.478938 0.962837 -1.90717 -3.05191 -7.93955
1.77667e+09  2.28101 3.15382 3.03052  4.34297  2.69804 -10.0637
1.77667e+09  2.24372 2.89176 2.79935  6.42675   4.0431 -11.1108
1.77667e+09  1.29884 0.74632 1.19293  9.52475  3.85553 -10.3877
1.77667e+09   -0.85726  -1.46197 -0.962095  4.53112  5.08699 -10.9841
1.77667e+09  -2.53718 -2.55387 -2.75067 -2.46604  1.19835 -8.89255
1.77667e+09  -1.70628  -2.3291 -2.99782    -6.22 -1.63925 -8.77638
1.77667e+09  -0.466308  -1.82842  -2.79328 -9.38213  -5.1172  -7.2855
1.77667e+09   0.63198 -1.42895 -2.39168 -8.02542 -5.96781 -6.29323
1.77667e+09    1.21468 -0.978343   -1.8452 -7.15634 -5.84451 -7.31492
1.77667e+09     1.29457 -0.0270623  -0.663821 -4.03458 -4.77112 -9.26827
1.77667e+09  0.589369  1.60279   1.9269  -0.45226 -0.740765  -11.4868
1.77667e+09  2.00617 2.10773 2.58097  5.20911 0.310242 -8.18902
1.77667e+09  2.16276 1.06377 1.35912   5.6324  1.17314 -9.29751
1.77667e+09  -0.654859  -1.28407  -0.94079  2.65278  5.76805 -10.2615
1.77667e+09   -2.6501 -2.05959 -1.62256  2.73166  5.24891 -11.1478
1.77667e+09  -3.75371 -2.05533 -2.08275  1.83927  2.55985 -13.6172
1.77667e+09  -2.85783  -1.3906  -2.2532 -0.814465  -1.13005  -10.7315
1.77667e+09  -1.49961 -1.09552 -2.18502 -2.71125 -2.76059 -8.45957
1.77667e+09  -0.155251 -0.947451  -1.98794 -4.78184 -3.99668 -6.93323
1.77667e+09     0.5915 -0.910166  -1.75252 -8.28056 -4.92796 -5.26507
1.77667e+09   0.288965 -0.935733  -1.27422 -9.17684 -3.10492 -5.59047
1.77667e+09  -0.481221 -0.552238  -0.15569 -5.60362 -1.78628 -5.49894
1.77667e+09  -0.979765 0.0901167  0.863768  -3.3205 -2.71069 -7.88388
1.77667e+09  -0.85726   1.0872  1.78948 -1.91178 -3.91453  -9.9984
1.77667e+09  0.0918908   2.16845   2.37218 -0.372907  -3.81039  -10.4934
1.77667e+09  0.77366 2.60521 2.52451 0.126798 -2.33013 -10.0222
1.77667e+09  2.29166 3.09097 2.66939   2.1086  2.87415 -10.4975
1.77667e+09  3.34521 2.14927 2.24222  5.01522  3.50672 -8.93177
1.77667e+09   3.06398 0.688795  1.30692  5.96845  2.93005 -10.5955
1.77667e+09      1.677 -0.574608   0.12767  4.49817  5.14436 -11.6716
1.77667e+09  -0.152055  -1.38847 -0.773543  3.25829  5.66481 -11.8754
1.77667e+09  -2.05675 -1.91684 -1.55225  2.07596  5.44275 -11.3458
1.77667e+09  -2.99311 -2.08409 -1.95279  1.66102  4.14123 -11.2596
1.77667e+09  -3.16995 -1.88382 -2.24893 0.309149  2.11004 -12.1111
1.77667e+09  -1.73184 -1.45452 -2.41085 -2.06691 -1.29847 -10.4954
1.77667e+09  -0.0157009   -1.27236   -2.39914 -3.70141 -3.27439 -8.16612
1.77667e+09   1.55663 -1.29899   -2.348 -5.13242  -4.5767 -7.73117
1.77667e+09   1.68872 -1.29792 -2.35759 -4.96355 -4.41052 -6.73011
1.77667e+09   1.80377 -1.30005 -2.36718 -5.48352 -4.33742 -7.10024
1.77667e+09   1.90391 -1.31071 -2.36398 -5.81748 -4.37077 -7.69284
1.77667e+09   1.99552 -1.31923  -2.3544 -6.20881 -4.62161 -8.57071
1.77667e+09   2.09246 -1.32775 -2.34694 -6.13125 -4.78672 -8.53461
1.77667e+09   2.19046 -1.32242 -2.34587 -5.59215 -4.94379 -7.64861
1.77667e+09    2.2874 -1.31071 -2.33629 -5.40007  -4.6535 -6.94895
1.77667e+09   2.37049  -1.3139 -2.32776 -5.61323 -4.50058 -7.05596
1.77667e+09   2.44932 -1.33095 -2.32031 -6.17483 -4.51471 -7.91249
1.77667e+09   2.52282 -1.35119 -2.31498 -6.28828 -4.60925 -8.31257
1.77667e+09   2.60272 -1.35758 -2.31285 -5.98186 -4.72698 -8.24914
1.77667e+09   2.68901 -1.34692 -2.31392 -5.48545 -4.77788 -7.24879
1.77667e+09   2.75718 -1.33627 -2.31179 -5.42847 -4.54747 -6.83467
1.77667e+09   2.81151 -1.33734 -2.30007 -5.86179  -4.1289 -6.91305
1.77667e+09   2.84453 -1.35225 -2.28941 -6.13983  -4.2295 -7.26217
1.77667e+09   2.88395  -1.3693 -2.27344 -6.28756  -4.2354 -7.92741
1.77667e+09   2.92762 -1.37675 -2.26278 -5.83247 -4.44979 -7.62083
1.77667e+09   2.97876 -1.37249    -2.25 -5.55479 -4.37126 -7.20717
1.77667e+09   3.01391 -1.36397 -2.24893 -5.42418 -3.77757 -6.83072
1.77667e+09   3.03628 -1.35971 -2.23509 -5.61546 -3.60957 -7.03816
1.77667e+09   3.04587 -1.36716 -2.21804  -6.0421 -3.80273 -7.94474
1.77667e+09   3.06078 -1.37995 -2.19674  -5.8545 -3.81346 -8.46123
1.77667e+09   3.08422 -1.38314 -2.18076 -5.55585 -3.94693  -8.2473
1.77667e+09    3.1002 -1.37462 -2.16052 -4.96513 -3.74216 -7.24132
1.77667e+09   3.10872 -1.36503 -2.14241 -4.84974 -3.35442  -6.9284
1.77667e+09   3.09913 -1.35971 -2.12749  -5.1412 -3.18581 -7.09954
1.77667e+09   3.08422 -1.36823 -2.11152 -5.41645 -3.17323 -8.05068
1.77667e+09   3.07463 -1.37782 -2.07849 -5.29435 -3.27089 -8.37314
1.77667e+09   3.07144 -1.37675 -2.05186  -4.6888 -3.46462 -8.13899
1.77667e+09   3.06398 -1.36503 -2.02629 -4.39624 -3.32139 -7.79012
1.77667e+09   3.03948 -1.34586 -2.00925 -4.15146 -2.77843 -7.44268
1.77667e+09   2.99474 -1.33521 -1.98581 -4.43547 -2.84754 -8.07118
1.77667e+09   2.94573 -1.33095 -1.95812 -4.56182 -2.77664 -8.60079
1.77667e+09   2.90419 -1.31923 -1.91977 -4.26785 -2.95915  -9.1529
1.77667e+09    2.8701 -1.29153 -1.87929 -3.94776 -3.12789 -8.99623
1.77667e+09   2.83069 -1.25531 -1.84413 -3.48362 -2.83884 -8.43397
1.77667e+09   2.77529 -1.22442 -1.82283  -3.5958 -2.41063 -8.37074
1.77667e+09   2.70711 -1.21483 -1.78768 -3.75901 -2.42679 -8.72077
1.77667e+09   2.64213 -1.20951 -1.75252  -3.9267 -2.38614 -9.72985
1.77667e+09     2.591 -1.19033 -1.70991  -3.8048 -2.44229 -9.93074
1.77667e+09   2.55478 -1.15731 -1.67476 -3.27132  -2.6651 -9.57437
1.77667e+09   2.52282 -1.11896 -1.63108 -3.06303 -2.21514 -9.16191
1.77667e+09    2.07328 -0.578869   -1.1368 -2.86698 -3.01495 -11.2793
1.77667e+09    3.1215 0.377738 0.191586 -1.15237 -4.22459 -9.00543
1.77667e+09    3.0235 0.721819 0.494121 -0.798251    -2.975    -8.153
1.77667e+09   1.93373 0.811301 0.724218 -1.52464 -1.36172 -8.34947
1.77667e+09  0.453015 0.817692 0.767894  -1.52862 -0.756324  -8.28751
1.77667e+09  -0.832759  0.875217  0.763633  0.665313 -0.666046  -10.1248
1.77667e+09  -0.744342   1.03288  0.676281 0.242493  -1.9281 -11.7717
1.77667e+09  0.300683 0.769755 0.331136 0.317247 -3.15935 -8.61605
1.77667e+09       1.62268 -0.000430722    -0.299501 -0.633632  -3.90133  -7.67016
1.77667e+09    2.25651 -0.665156 -0.794849 -1.70912 -2.83521 -7.02478
1.77667e+09    2.26823 -0.728006 -0.830002 -2.39305  -2.8295 -7.61582
1.77667e+09    2.27249 -0.801509 -0.855569 -2.65461 -2.80473  -8.3809
1.77667e+09    2.28101 -0.866491 -0.884331 -2.49015 -2.78502 -8.37463
1.77667e+09    2.28953 -0.909101 -0.907767 -1.94238 -2.73437 -7.58979
1.77667e+09    2.29273 -0.930406 -0.936529 -1.77805 -2.46951 -7.16202
1.77667e+09    2.27462 -0.954908 -0.968487 -2.06802 -1.89675    -7.12
1.77667e+09    2.24799 -0.990061 -0.994053 -2.66572 -1.98174 -7.98322
1.77667e+09    2.2107 -1.04439 -1.01749 -2.71386 -1.91272 -8.40579
1.77667e+09   2.17768 -1.09765 -1.03134 -2.24206 -1.96603 -8.52247
1.77667e+09   2.14998 -1.14239 -1.05264 -1.93564 -1.92944 -8.21619
1.77667e+09   2.12228 -1.17222 -1.06223 -1.67717 -1.36025 -7.66124
1.77667e+09   2.08713 -1.19779 -1.07395 -2.08209 -1.13891 -7.99675
1.77667e+09   1.16248 -1.37569 -1.00364  -1.35269 -0.864664  -9.69154
1.77667e+09   0.967538 -0.917623 -0.486987 -2.51734 -4.09265 -10.8111
1.77667e+09    1.03252 -0.591652 -0.339981 -2.73123 -6.48665 -8.69467
1.77667e+09    1.32653  -0.42121 -0.290979 -3.60255 -7.68208 -6.72324
1.77667e+09    2.93402 -0.451038 -0.172734 -3.45576 -8.81478 -5.57346
1.77667e+09    3.16092 -0.428667 -0.157821 -3.59586 -8.19499 -5.39631
1.77667e+09    3.27277  -0.43932 -0.138646 -3.92035 -8.10952 -6.45493
1.77667e+09     3.3793 -0.467017 -0.119471 -3.87567 -8.03464 -6.84217
1.77667e+09    3.48902 -0.485126 -0.108819 -3.42093 -8.36229 -6.61389
1.77667e+09    3.60726 -0.475539 -0.104557 -3.12904 -8.28411 -6.17881
1.77667e+09     3.72125  -0.456364 -0.0992311 -3.04893  -7.7264  -5.7232
1.77667e+09     3.82671  -0.452103 -0.0939048 -3.53377 -7.90088 -6.31448
1.77667e+09    3.91193 -0.458494 -0.086448 -3.76071 -7.95681 -6.89319
1.77667e+09     3.99502  -0.464886 -0.0811216 -3.68951 -8.49846 -7.66471
1.77667e+09     4.08024  -0.448907 -0.0725995 -3.46289 -8.80124 -7.55715
1.77667e+09    4.44137 -0.208157 -0.130124 -1.54826 -6.47962 -7.74091
1.77667e+09    3.86825 0.0155482 -0.143972 -0.966025  -4.25292  -9.19958
1.77667e+09     2.36197   0.396913 -0.0768606 0.0260715  -2.14868  -9.54977
1.77667e+09   0.20907 0.791061 0.184129  0.502486 -0.912015  -8.94137
1.77667e+09   -2.0429  1.16177 0.562298 -0.435932 -0.488962   -9.6618
1.77667e+09  -2.19204  1.17136 0.596386 -0.508261 -0.834491  -9.96078
1.77667e+09  -2.33585   1.1884 0.614496 -0.125221  -1.16211   -9.6677
1.77667e+09  -2.47114  1.21823 0.637932 0.102117 -1.12609 -9.23213
1.77667e+09  -2.60536  1.24699 0.656041 0.0634881  -1.21818  -8.56556
1.77667e+09  -2.73852  1.26404 0.679477 -0.369278 -0.987441  -9.09432
1.77667e+09  -2.87487  1.26617 0.695456 -0.567413 -0.972876  -9.62334
1.77667e+09  -3.00803  1.26617 0.723153 -0.562074  -1.56038  -10.0363
1.77667e+09  -3.13906  1.27576  0.75298 -0.342407  -1.75028  -9.80742
1.77667e+09   -3.2541    1.296 0.776416 0.0756475  -1.81371  -8.89973
1.77667e+09  -3.36596  1.31624 0.795591 -0.104565   -1.8655  -8.54772
1.77667e+09  -3.47035  1.32156 0.817961 -0.318002  -1.91682  -8.89736
1.77667e+09  -3.57475  1.31837 0.847789 -0.69493 -2.12539 -9.73967
1.77667e+09  -3.67275  1.31624 0.866964 -0.704197  -2.53125  -9.78091
1.77667e+09  -3.75371  1.32263 0.881877 -0.388259  -3.18188  -9.21403
1.77667e+09  -3.81656  1.34074 0.897856 -0.261403  -3.27239  -8.85621
1.77667e+09  -3.87196  1.35246 0.910639 -0.404748  -3.37742   -8.9052
1.77667e+09  -3.92948  1.35778 0.928749 -0.868736  -3.61694  -9.43186
1.77667e+09  -3.98701  1.35032 0.944728 -1.16418 -4.22439 -9.70002
1.77667e+09  -4.03494   1.3418 0.961772 -1.08872 -4.64103  -9.4695
1.77667e+09  -4.06157  1.34287 0.976686 -0.743813  -5.03127  -8.60306
1.77667e+09   -4.0701  1.35139 0.985208 -0.681241  -5.06494   -8.1664
1.77667e+09  -4.06264  1.36311 0.995861 -0.912041  -5.24413  -7.85658
1.77667e+09  -4.05199  1.35459 0.994795 -1.36707   -5.233  -8.4989
1.77667e+09  -4.03281  1.33328 0.999056 -1.53909 -5.49935 -8.77624
1.77667e+09  -3.98914  1.31411  1.00225 -1.40744 -6.16489 -8.65955
1.77667e+09  -3.92842  1.31091  1.01184 -1.20125 -6.15592  -8.3455
1.77667e+09  -3.84852  1.31091   1.0193 -1.04021 -6.27922 -7.60818
1.77667e+09  -3.76543  1.30452  1.03421 -1.39043 -6.27596 -7.59214
1.77667e+09  -3.68128  1.28002   1.0438 -1.63226 -6.28437  -7.9275
1.77667e+09  -3.57901  1.25232  1.05338  -1.8913 -6.86217 -8.33918
1.77667e+09  -3.4597 1.23315 1.04912 -1.77913 -7.17816 -8.22384
1.77667e+09  -3.32228  1.22462  1.05871 -1.26691 -7.14068 -7.51039
1.77667e+09  -3.17314   1.2161  1.06297 -1.26306 -7.27642 -6.80088
1.77667e+09  -3.02507  1.20225  1.06404 -1.46964 -7.18833 -6.85036
1.77667e+09  -2.87167  1.17243  1.05552 -1.98303  -7.3975  -7.5058
1.77667e+09  -2.70975  1.14473  1.06084 -2.07776 -7.83677 -7.68255
1.77667e+09  -2.53825   1.1149   1.0651 -1.73803 -8.31955 -7.51035
1.77667e+09  -0.426893  0.816627  0.926618 -1.93065 -9.47366 -7.41152
1.77667e+09   1.41282 0.489591  0.55058 -1.67658 -8.06236 -8.30662
1.77667e+09   1.92628 0.347911 0.225674 -2.09169 -4.69447 -8.86996
1.77667e+09   1.14118 0.199839 0.148975 -1.37327 -1.40159 -8.77257
1.77667e+09  -0.633554  0.177468  0.320483 -0.99511 0.331658 -9.89161
1.77667e+09  -0.797605  0.187056  0.342854 -0.766521  0.490514   -9.6141
1.77667e+09  -0.95846 0.209426 0.369485 -0.524114   0.89342  -8.82207
1.77667e+09  -1.11825 0.228601 0.393986 -0.771998   1.30914  -8.80109
1.77667e+09   -1.2791 0.234993 0.412096 -0.963422   1.36448  -9.14412
1.77667e+09  -1.44955 0.229666 0.440858 -1.07693   1.1575 -9.70128
1.77667e+09   -1.6136 0.227536 0.479207 -0.91301  1.06344 -9.72318
1.77667e+09  -1.77126 0.238188 0.507969 -0.478376   1.09759  -9.30294
1.77667e+09  -1.91933 0.260559  0.53034 -0.394227   1.12023  -8.81648
1.77667e+09  -2.08977 0.273342 0.560167 -0.514551   1.27908  -8.89532
1.77667e+09  -2.28152 0.272277 0.598517 -0.861949   1.32548  -9.60277
1.77667e+09  -2.48498 0.272277  0.62941 -0.79935 0.821852 -9.90893
1.77667e+09  -2.68099 0.278669 0.647519 -0.55041 0.717824 -9.73785
1.77667e+09  -2.86954 0.293582 0.667759 -0.130517  0.799948  -9.11723
1.77667e+09  -3.05916  0.30317  0.69226 -0.152896  0.769415  -8.90215
1.77667e+09  -3.25624 0.302104 0.718892 -0.472441  0.876586  -9.30922
1.77667e+09   -3.4565 0.292517 0.746589 -0.797555  0.932202  -10.2388
1.77667e+09  -3.65571 0.291452 0.775351 -0.790867  0.713347  -10.4528
1.77667e+09  -3.84639 0.310626 0.794526 -0.321818  0.420685  -10.1746
1.77667e+09  -4.03601 0.340454 0.817961 -0.0797823   0.478775   -9.81795
1.77667e+09   -4.2235 0.367085  0.83394 -0.0650022   0.816768   -9.42555
1.77667e+09  -4.42376 0.370281 0.850985 -0.43975  1.07042 -10.1552
1.77667e+09  -4.63043 0.362824 0.865898 -0.616633   1.04215  -10.6985
1.77667e+09  -4.84135 0.362824 0.891465 -0.55929 0.775493 -11.1631
1.77667e+09  -5.04055  0.38413 0.917031 -0.359847  0.729581  -11.0494
1.77667e+09  -5.22378 0.423544 0.943663 -0.0675079   0.928288   -10.5503
1.77667e+09  -5.40168 0.455502 0.961772 -0.345197    1.0672  -10.6211
1.77667e+09  -5.58171 0.472547 0.990534 -0.60715  1.21711 -11.0788
1.77667e+09  -5.77026 0.474677  1.00651 -0.976482  0.974676     -12.1
1.77667e+09  -5.95029  0.48746  1.03208 -0.891965  0.647595  -12.2638
1.77667e+09  -6.12712 0.515157  1.05658 -0.457859  0.518887  -11.9503
1.77667e+09  -6.28372 0.556703  1.09067 -0.217441  0.530271  -11.2139
1.77667e+09  -6.43498 0.597183  1.11943 -0.331563  0.616196  -11.1421
1.77667e+09  -6.59158 0.623814  1.14287 -0.85636 0.766148 -12.0425
1.77667e+09  -6.74817 0.624879   1.1695 -1.13378  0.66028 -12.5706
1.77667e+09  -6.90477  0.62701  1.19187  -1.10807 0.0063985    -12.79
1.77667e+09  -7.04431 0.641924  1.20678  -0.688525 -0.0106958   -12.2263
1.77667e+09   -7.1796 0.683469  1.22809 -0.583408  -0.10887  -11.7967
1.77667e+09  -7.30957 0.727145  1.25579  -0.86165 0.0775779  -11.6386
1.77667e+09  -7.44379 0.751646  1.28668  -1.14601 0.0495352  -12.1025
1.77667e+09   -7.5631 0.767625  1.30479  -1.56082 -0.627818  -13.0788
1.77667e+09  -7.68028 0.779343   1.3197  -1.29042 -0.998595  -13.3292
1.77667e+09  -7.78254  0.80704  1.33355 -1.01984 -1.01104 -13.0727
1.77667e+09  -7.87948  0.84752  1.34953 -0.772996  -1.07896  -12.2572
1.77667e+09  -7.97642 0.877347  1.36657 -0.894291 -0.993042  -12.1782
1.77667e+09   -8.0691 0.897587  1.38788  -1.38515 -0.939753  -12.7274
1.77667e+09  -8.15112 0.912501  1.40066  -1.5163 -1.57005 -13.0106
1.77667e+09  -8.21291 0.935937  1.40705 -1.33126 -1.65823 -12.9324
1.77667e+09  -8.25445 0.977482  1.41451 -0.912677  -1.76926  -12.2465
1.77667e+09  -8.30133  1.01796  1.42623 -0.928615  -1.82994   -11.881
1.77667e+09  -8.36631  1.03607  1.43049 -1.28447 -1.64689 -12.0089
1.77667e+09  -8.43342  1.03501  1.43688 -1.74877 -1.94344 -12.5353
1.77667e+09  -8.4952 1.02755 1.45605 -1.79289 -2.22716 -12.6342
1.77667e+09  -8.52823  1.03181  1.47203 -1.39471 -2.36309 -12.2775
1.77667e+09  -8.54527  1.05844  1.47416 -1.11816 -2.46316 -11.8273
1.77667e+09  -8.54634  1.08188  1.45819 -1.10576 -2.45467 -11.2831
1.77667e+09  -8.55805  1.09786  1.45392 -1.66647  -2.2137 -11.9903
1.77667e+09  -8.5751 1.09679 1.45392 -1.94509  -2.4773 -12.4319
1.77667e+09  -8.60067  1.09786  1.45819  -1.9388 -2.88672 -12.8312
1.77667e+09  -8.61025  1.10744  1.45819 -1.67498 -2.87697 -12.6464
1.77667e+09  -8.59747  1.12662  1.45712 -1.22212 -3.05563 -11.6596
1.77667e+09  -8.57403  1.13621  1.44327 -1.40714 -2.72185 -11.3593
1.77667e+09  -8.55379   1.1394  1.43475 -1.70537 -2.57315 -11.6664
1.77667e+09  -8.53568  1.13514  1.42516  -2.1627 -3.05967 -12.4427
1.77667e+09  -8.51864  1.13408  1.41557 -2.09174 -3.26526 -12.6212
1.77667e+09  -8.49414  1.13408  1.39853 -1.48623 -3.31878 -12.1585
1.77667e+09  -8.46857  1.14153  1.38575 -1.16057 -3.33073  -11.315
1.77667e+09  -8.44301  1.15325  1.37616 -1.28099   -3.102 -11.2581
1.77667e+09  -8.4217 1.15858 1.36231 -1.88518 -2.93249 -11.9075
1.77667e+09  -7.74632  1.17349  1.07682 -2.03945  -3.2727  -11.268
1.77667e+09   -6.8302  1.05312 0.766829 -2.04032  -2.7841 -10.2603
1.77667e+09  -3.97422 0.743124 0.167085 -1.80583 -4.80947 -9.04992
1.77667e+09    2.47063 -0.141046 -0.463552  -1.2261 -6.38231  -5.7449
1.77667e+09      7.096 -0.937863  -1.11762 -1.59655 -2.77943 -10.4415
1.77667e+09    7.24088 -0.957038  -1.13999 -1.19225 -1.78945 -10.0394
1.77667e+09    7.36125 -0.973017  -1.15704 -1.56026 -1.38971 -10.4259
1.77667e+09   7.46352 -1.00284 -1.17941 -1.86512 -1.35873 -11.0619
1.77667e+09   7.54661  -1.0348 -1.19858 -2.14486 -1.03685 -12.2721
1.77667e+09   7.62651 -1.04865 -1.21243 -1.97988 -1.04373  -12.452
1.77667e+09   7.69468 -1.04972 -1.21776  -1.36491 -0.760975  -12.1124
1.77667e+09   7.80227   -1.087 -1.24759 -2.02481 0.612307 -13.2893
1.77667e+09    4.44563 -0.394579 -0.714954 -0.829052  0.152477  -10.6436
1.77667e+09    2.12122 -0.184721  0.346049  -1.52883 -0.631225  -10.0354
1.77667e+09   0.0833687 -0.0792603   0.678412 -0.635359   1.31026  -9.03809
1.77667e+09    -3.7665 0.0645504  0.959642 -0.92506  2.46545 -10.1586
1.77667e+09  -7.44485 0.337258  1.00438 0.144555  2.06188 -12.1244
1.77667e+09  -9.67658 0.709035  1.04273 -0.258271 -0.473698   -13.358
1.77667e+09  -8.99588 0.964699 0.693326 -1.83927 -2.74825 -10.4691
1.77667e+09  -7.47681 0.825149 0.172411 -1.80075 -3.50475 -10.4303
1.77667e+09   -2.95583  0.559898 -0.367678 -2.38796 -6.03269 -6.04857
1.77667e+09    7.02783 -0.777008   -1.0601 -1.98514 -4.83766 -8.91286
1.77667e+09     10.67 -1.00497 -1.20284 -2.01464 -1.63692 -13.6524
1.77667e+09    9.92428 -0.856903  -1.09738 -2.37634 0.162851 -13.6151
1.77667e+09    6.90639 -0.582065  -0.76076 -2.35644  3.01295 -10.7267
1.77667e+09   0.691635 -0.470212  0.126605 -0.204653    5.2665  -9.38603
1.77667e+09    -4.98303 -0.0813908   0.862703 -0.11047  4.34962 -13.1782
1.77667e+09  -8.45899 0.393717  1.18441 0.249217  3.51164 -13.1478
1.77667e+09  -10.0324 0.974286 0.784938 -1.32176 -8.00341  -9.5117
1.77667e+09    2.82749 -0.407362 -0.701106 -2.30768 -6.21809 -6.80729
1.77667e+09    6.63687 -0.738659 -0.873678  -2.7387 -3.74564 -8.31929
1.77667e+09    8.80149 -0.644916  -0.61695 -1.91923 0.711902 -12.6815
1.77667e+09    6.20225  -0.15809 -0.345307 -1.63581  2.16839 -9.71704
1.77667e+09    1.62587 0.0592241  0.207565 -0.896135   3.63712  -10.4214
1.77667e+09  -6.11327 0.459763 0.869094 0.0170656   4.96961  -11.8995
1.77667e+09  -13.5382   1.2438 0.860572  -1.98552 -0.256015  -19.6451
1.77667e+09  -8.83396  1.38335  0.53034 -2.08092 -11.0781 -5.86445
1.77667e+09   -3.33613  0.717557 0.0893207 -2.38089 -12.2725 -1.78326
1.77667e+09     7.0225 -0.674743 -0.580731 -3.52578 -11.2852 -5.84216
1.77667e+09   14.2045 -1.50245 -1.06649 -4.02392 -6.48698 -12.9349
1.77667e+09   15.0866 -1.46623 -1.37116 -3.40116 -1.72958 -15.7793
1.77667e+09   10.2407 -1.01776 -1.31896 -3.33257  8.03687 -13.7004
1.77667e+09   0.282573 -0.149568  0.140453 -1.26333  13.2878 -12.5722
1.77667e+09  -9.49016 0.637663  1.51038 0.377092  10.1126 -16.6132
1.77667e+09  -14.4479  1.32902  2.06645 0.582134  4.95614 -20.0589
1.77667e+09  -16.3483  1.92663  2.10374 -1.99915  -3.1221 -20.3135
1.77667e+09  -9.65634   1.9245  1.23981 -1.56806 -18.5067 -5.00546
1.77667e+09    3.40912  0.122075 -0.167408  -2.94635  -17.9281 -0.382059
1.77667e+09   14.0234 -1.29579 -1.28487  -4.4596   -10.71 -11.6119
1.77667e+09   17.3588 -1.63348 -1.75572 -2.61799 -1.12944 -18.0128
1.77667e+09   12.6503 -1.13387 -1.52669 -2.53359  8.66227 -16.3208
1.77667e+09    4.49782 -0.326402  -0.39857 -1.58424  15.0946 -13.9388
1.77667e+09    3.87358 -0.266747 -0.299501 -1.62618  15.1539 -14.1107
1.77667e+09   3.25679 -0.19857 -0.19404 -1.23514  14.8917  -13.954
1.77667e+09     2.63681  -0.120806 -0.0896438 -0.703298   14.6362  -13.1893
1.77667e+09      2.0115 -0.0515634  0.0158174 -0.632413   14.7742  -12.8106
1.77667e+09     1.37447 0.00702613   0.117018 -0.819907   14.6799  -12.4871
1.77667e+09   0.736376 0.0560283  0.209696 -0.977578   14.5188  -12.6145
1.77667e+09   0.10787 0.103965 0.302374 -1.07276  13.9801 -12.8195
1.77667e+09  -0.498266  0.162555   0.39079 -0.685211   13.3783  -12.2174
1.77667e+09  -1.09375 0.228601 0.478142 -0.45895  13.2358 -11.7596
1.77667e+09  -1.67219 0.290386 0.558037 -0.433233    13.066  -11.2219
1.77667e+09  -10.5213  0.86989  1.57856 -0.991268   3.86139  -15.4491
1.77667e+09   -13.34 1.53462 1.44647 -0.708535  -3.87133  -16.6645
1.77667e+09  -4.83922  1.56657 0.300243 -0.719631  -16.8726  -3.88493
1.77667e+09    15.3305 -0.895253  -1.16769 -2.92529 -7.76593 -14.3888
1.77667e+09    14.4133 -0.918689  -1.33174 -1.45762   5.9571 -15.6632
1.77667e+09    7.83104 -0.588457    -0.781 -1.51069  13.0666 -13.6944
1.77667e+09  -1.10866 0.122075 0.297047 -1.27389  13.7616 -12.8749
1.77667e+09  -12.9107  1.00731  1.52104 -0.160285  0.605047  -17.0939
1.77667e+09  -11.6569  1.78495 0.699717 -0.0689163   -12.3079   -10.8535
1.77667e+09    10.2417 -0.353033 -0.977009 -2.07859 -9.06683 -9.37467
1.77667e+09     13.363 -0.782335 -0.530663 -1.41807  4.21498 -15.4556
1.77667e+09  -12.5709  1.01157 0.451511  0.30884 -1.42603 -15.5553
1.77667e+09   -10.1538   1.51544 -0.119471 -0.448703  -10.8836  -10.3419
1.77667e+09  -0.679361  0.862433  -0.59671 0.0685923  -12.9882 -0.395892
1.77667e+09    12.3446 -0.840924 -0.562621  -1.54062 -0.877109  -13.1208
1.77667e+09    10.7712 -0.663025 -0.191909 -0.898288   4.05072   -13.173
1.77667e+09     4.33058  -0.219875 -0.0683385 -1.26152  6.82067 -13.1899
1.77667e+09  -1.57312 0.230732 0.212891 -1.02142  7.37836 -11.5105
1.77667e+09  -5.74682 0.380934  0.52821 -0.766764   4.27578  -11.6278
1.77667e+09  -9.57645 0.778278 0.549515 -0.0649095  0.0587655   -12.6378
1.77667e+09  -9.89496  0.97109 0.216087 0.264336 -5.00575 -12.6972
1.77667e+09   -6.52766  0.974286 -0.225998 0.557007 -9.18717 -7.13849
1.77667e+09    0.39123  0.297843 -0.434789 -0.249909  -11.3014  -4.62647
1.77667e+09    8.15168 -0.544781 -0.366612 -0.819786  -6.76864  -8.05839
1.77667e+09     13.0423   -1.07528 0.00623003 -0.683116  -1.04699  -13.3606
1.77667e+09    13.1925  -1.08167 0.0360574 -0.274528 -0.970242   -13.585
1.77667e+09    13.3022  -1.07528 0.0658848 -0.136495 -0.551229  -13.5587
1.77667e+09    13.3768  -1.06463 0.0967775 -0.175547  0.168661  -13.5042
1.77667e+09   13.4066 -1.05504 0.113822 -0.339091  0.193652  -13.6969
1.77667e+09   13.3917 -1.05398 0.131931 -0.677003  0.639521  -14.4347
1.77667e+09   13.3416 -1.04759 0.154302 -0.562445  0.603947  -14.5497
1.77667e+09   13.2628 -1.03906 0.180933 -0.334898  0.549366  -14.3143
1.77667e+09   13.1542 -1.01563 0.195847 -0.0956241    1.51801   -13.7609
1.77667e+09    13.0125 -0.987931  0.199043 -0.179933   1.84568  -13.6544
1.77667e+09    12.8346 -0.969821  0.203304 -0.669149   2.12815  -14.3048
1.77667e+09   12.6205 -0.96556 0.210761 -1.00482  2.81894 -15.2872
1.77667e+09    12.3786 -0.959169  0.219283 -0.975369   2.86321  -15.4594
1.77667e+09    12.1113 -0.931472  0.225674 -0.632244   3.11973  -15.0826
1.77667e+09    11.8141 -0.886731  0.229936 -0.466056   3.71262  -14.6633
1.77667e+09    11.4849 -0.838794  0.231001 -0.572386   4.25632  -14.0563
1.77667e+09   11.1238 -0.80364  0.22887 -1.10528  4.57902 -14.4203
1.77667e+09    10.7318 -0.772747  0.233131 -1.30336  4.83227 -14.5922
1.77667e+09   10.3152 -0.74292 0.240588 -1.30456  4.70959 -14.4485
1.77667e+09   9.87208 -0.70457 0.243784 -1.17024  4.66201 -14.1124
1.77667e+09    9.40443 -0.669417  0.238458 -0.961388   5.56254  -13.1504
1.77667e+09    8.90802 -0.632132  0.231001 -1.30307   6.0117 -12.8283
1.77667e+09    8.38071 -0.608697  0.227805 -1.62305  6.13164 -13.0922
1.77667e+09   7.83423 -0.58313 0.218218 -2.02582  6.64676 -13.5721
1.77667e+09    7.26751 -0.558629  0.209696 -1.95396  6.76645 -13.4942
1.77667e+09    6.68481 -0.526671  0.200108 -1.49951  6.78874 -12.6372
1.77667e+09    6.09146 -0.487257  0.199043 -1.36962   7.6189 -11.6888
1.77667e+09    5.47254 -0.451038  0.191586   -1.547  7.89088 -11.6246
1.77667e+09  -5.37718 0.108226  0.30983 -0.698415   6.90983  -10.6365
1.77667e+09  -11.4939 0.913566 0.311961  0.877871 -0.288706  -13.0206
1.77667e+09     -10.1687     1.32476 -0.00122682 0.787176 -7.33488 -10.6563
1.77667e+09   -3.42135  0.951916 -0.425202 -0.181515  -11.5213  -4.11028
1.77667e+09    7.87045 -0.519214 -0.403897 -0.67824  -5.7427 -6.06535
1.77667e+09    8.42332 -0.599109 -0.377265 -1.13591 -5.38893 -7.43236
1.77667e+09    8.93785 -0.677939  -0.35809 -1.18222 -5.11828 -8.04913
1.77667e+09    9.41295 -0.741855 -0.333589 -0.912204   -4.5226  -8.68312
1.77667e+09    9.84971 -0.789792 -0.304827 -0.541972  -3.67486  -8.96774
1.77667e+09    10.2524 -0.828141 -0.280326 -0.551634  -3.05819  -9.29967
1.77667e+09    10.6135 -0.867556 -0.255825 -0.864929  -2.27374  -10.3971
1.77667e+09     10.931 -0.909101 -0.225998 -1.02565 -2.02322 -11.0275
1.77667e+09     11.209 -0.937863 -0.189779 -0.927139  -1.58019  -11.9035
1.77667e+09    11.4465 -0.952777 -0.159951 -0.430539 -0.964665  -11.9157
1.77667e+09    11.6415 -0.959169 -0.134385 -0.200012 -0.596834  -11.8539
1.77667e+09    11.7949 -0.968756 -0.110949 -0.19991 0.455181 -12.2378
1.77667e+09     11.9057  -0.980474 -0.0811216 -0.396982  0.732346  -12.6533
1.77667e+09    10.5389 -0.805771  0.132996 -0.591835   3.88397  -13.1953
1.77667e+09    0.414666 -0.0718034   0.238458 -0.85333  7.91354 -11.7141
1.77667e+09  -6.43392 0.225405 0.499447 0.0882635   3.76911  -11.7015
1.77667e+09  -9.65847 0.658968   0.3077 0.513874 -1.15314 -12.5067
1.77667e+09  -5.41766 0.739928 -0.13545  1.16256 -5.96555 -5.56503
1.77667e+09   -3.23493  0.503439 -0.239846  1.11071 -5.81592 -4.82062
1.77667e+09     2.9223 -0.131458 -0.483792  0.221894 -0.423589  -7.65299
1.77667e+09       1.7047   -0.208157 -0.00442261 -0.603163   5.25356  -11.8833
1.77667e+09  -1.84369 0.154033 0.189455 -0.304733   3.40187  -10.2944
1.77667e+09  -3.31589 0.223275 0.192651 -0.607505   1.28625  -10.8714
1.77667e+09  -2.42746 0.149772 0.134062 0.0588631  0.521296  -8.55126
1.77667e+09  -2.16753 0.115683 0.137258 -0.737954  0.455107  -9.66423
1.77667e+09    1.75157 -0.813227 -0.101362 -1.18426  2.63083 -9.36312
1.77667e+09   0.799226  -1.18927 -0.431594 -0.807806   4.02246   -10.538
1.77667e+09  -0.580291  -1.50032 -0.695779 -1.42282  4.16755  -10.199
1.77667e+09   -1.74782   -1.9456 -0.872613 -0.698913   3.98476  -9.07035
1.77667e+09   -1.61573  -2.28755 -0.745847 -0.900498   3.27391  -9.76821
1.77667e+09   -1.55288  -2.29181 -0.737324 -0.75896  3.27557 -9.37505
1.77667e+09  -1.48896 -2.29821 -0.72028 -1.10183  3.29339 -9.39492
1.77667e+09   -1.42398  -2.32377 -0.702171 -1.75701  3.21512 -10.1648
1.77667e+09   -1.35261  -2.35467 -0.676604 -1.87893  2.99759 -10.3853
1.77667e+09   -1.26206  -2.37597 -0.653169 -1.53315  2.49759 -9.93375
1.77667e+09   -1.15766  -2.38769 -0.635059 -1.20627  2.48206 -9.43401
1.77667e+09   -1.05007  -2.39195 -0.615884 -0.980217   2.56355  -8.56894
1.77667e+09  -0.948872   -2.4058  -0.59671 -1.55729  2.68652 -8.88171
1.77667e+09  -0.847672  -2.43136 -0.572209 -1.94913  2.62365 -9.32352
1.77667e+09    0.67246  -2.79568 -0.359156 -2.31168  1.21674 -8.06268
1.77667e+09    2.71883  -2.98956 -0.442246  -1.91997 -0.383441  -10.1849
1.77667e+09    2.26396  -2.58902 -0.627602 -2.32693  1.99867 -10.5723
1.77667e+09    1.24664  -1.71764 -0.473139 -1.62576  2.54142  -9.9478
1.77667e+09    1.10176 -0.602305 0.0658848 -1.30802  1.55275 -8.41275
1.77667e+09    1.13265 -0.530932  0.103169 -1.71305  1.69663 -8.84103
1.77667e+09    1.16248 -0.464886  0.142584 -1.90594  1.46717 -9.21868
1.77667e+09     1.2019 -0.392448  0.183064 -1.70072 0.806939 -9.68243
1.77667e+09    1.26262 -0.305096  0.216087 -1.37981 0.710679 -9.64064
1.77667e+09    1.33399 -0.211353   0.24911 -0.873247  0.794562   -9.2711
1.77667e+09    1.40536 -0.116545  0.274677 -0.843785  0.937093  -9.29332
1.77667e+09     1.46502 -0.0313234   0.308765 -0.956865  0.948821  -9.62939
1.77667e+09   2.29699  1.37589 0.709304 -1.50797 0.144421 -12.6597
1.77667e+09   2.58887  3.27526 0.612365 -0.821089 0.0424894  -11.0442
1.77667e+09   0.845033   5.53255 0.0925164 -2.11237  2.13097 -8.41119
1.77667e+09  -0.643142   4.46409  -0.31761 -3.92048 0.255961 -5.33666
1.77667e+09   0.016257   1.73169 -0.714954  -3.36425 0.0448998   -1.3282
1.77667e+09   0.132371   1.49307 -0.747977  -3.09917  0.458137 -0.865739
1.77667e+09   0.254876   1.24699 -0.774609 -3.63107 0.678414  -1.6661
1.77667e+09   0.378447  0.986004 -0.792718 -3.97832 0.711221 -2.43794
1.77667e+09   0.499887  0.712231 -0.793783 -4.28982 0.526227  -3.5528
1.77667e+09   0.623458  0.448046 -0.807632 -4.15401 0.461852 -3.66062
1.77667e+09   0.747028  0.203035 -0.826807 -3.54652 0.701606 -3.29222
1.77667e+09    0.871664 -0.0259971   -0.83959  -3.3887 0.940322 -3.08631
1.77667e+09   0.985648 -0.247572 -0.850242 -3.59493  0.91716 -3.40746
1.77667e+09    1.09111 -0.476604 -0.860895  -4.1769 0.822145 -4.69323
1.77667e+09    1.18805 -0.712027  -0.86196 -4.31819 0.758026 -5.25085
1.77667e+09    1.28073 -0.948516 -0.855569 -3.96146 0.549424 -5.40928
1.77667e+09     1.3734  -1.17222 -0.857699 -3.21296 0.684119 -4.66875
1.77667e+09    1.46289  -1.38527 -0.872613 -3.04106 0.865958 -4.49132
1.77667e+09    1.54278  -1.60578 -0.883266 -3.34402  1.08475 -5.36441
1.77667e+09    1.60883  -1.83801 -0.886461 -3.61985  1.06762 -6.20085
1.77667e+09    1.66635   -2.0713 -0.886461 -3.66597 0.924903 -7.51771
1.77667e+09   1.72281 -2.28542  -0.8822 -2.84307  1.05324 -7.60823
1.77667e+09    1.77927  -2.47504 -0.871548 -2.34997  1.18873 -7.38921
1.77667e+09    1.55237  -4.87615 -0.580731 -1.00848    2.318 -13.0436
1.77667e+09    -0.730493    -5.30225 -0.00548788      -4 2.65685 -13.331
1.77667e+09  -2.01414 -4.52248 0.964968 -4.56069  1.31478  -8.5175
1.77667e+09  -1.56353 -3.66174  1.37296  -5.0991 -2.54364 -7.87582
1.77667e+09    0.3124 -2.10752  1.26431 -2.40707 -7.12725 -8.41432
1.77667e+09  0.480712 -1.97223  1.22276 -2.12146 -7.13776 -8.35839
1.77667e+09  0.645828 -1.82736  1.18761 -2.27553 -6.55897 -8.33855
1.77667e+09  0.813075 -1.69314  1.15565 -2.55332 -6.53963 -8.56642
1.77667e+09  0.972864 -1.55998  1.12795 -2.92891   -6.569 -9.50258
1.77667e+09   1.14118 -1.41617  1.09067  -2.7689 -6.47838 -10.1411
1.77667e+09   1.30629 -1.24999  1.05978  -2.5335 -6.50296 -10.0562
1.77667e+09   1.46928 -1.06783  1.01823 -2.09227  -6.3161 -9.24278
1.77667e+09   1.61948 -0.88247 0.974555 -2.07694 -5.99757  -9.0365
1.77667e+09    1.76116 -0.707766   0.93301 -2.53274 -6.03776 -9.54254
1.77667e+09    1.89538 -0.543716  0.893595 -2.60949 -6.35442 -10.5578
1.77667e+09    2.02961 -0.373273  0.856311 -2.35911 -6.44731 -10.7734
1.77667e+09    2.15957 -0.191113  0.815831 -1.75314 -6.59774 -10.5896
1.77667e+09      2.28634 -0.00256125    0.767894 -1.57229 -6.10213 -10.4278
1.77667e+09   2.40245 0.188121 0.715696 -1.72048 -5.85679 -10.5713
1.77667e+09   2.51111 0.371347 0.657107 -2.16925 -5.93945 -11.1131
1.77667e+09   2.60591 0.554572 0.602778  -2.2397  -5.8587 -11.2706
1.77667e+09   2.69007 0.735667 0.547384  -1.8542 -5.66016 -10.8436
1.77667e+09   2.77529 0.927415 0.485599 -1.37629  -5.3096 -10.0382
1.77667e+09   2.85199  1.12662 0.430205 -1.39587 -4.87613 -9.88237
1.77667e+09    2.02428   5.68915 -0.382591 -0.830996   4.43039  -13.4113
1.77667e+09   -1.38883   6.27398 -0.712823   2.12531 -0.623252  -4.63947
1.77667e+09  -0.729428   1.13408  -1.37329 -4.20238  2.23436 -3.35264
1.77667e+09  -0.297996  -3.40608  -1.27102 -4.27428  2.66758 -6.55517
1.77667e+09   -1.00107  -5.93821 -0.676604   -4.64934 -0.0548099   -13.8537
1.77667e+09  -1.09481 -5.11476 0.409965  -5.5862 -0.50947 -10.3811
1.77667e+09  0.116392 -3.09396  1.15885  -5.0559 -4.50568 -5.03204
1.77667e+09   1.53958 0.233927  1.21104 -2.84141 -4.07555 -10.0934
1.77667e+09   1.72707  2.64142 0.969229  -2.1372 -2.78812 -11.1549
1.77667e+09   1.13585  6.08116 0.762568 -0.891765   2.22425  -17.8561
1.77667e+09  0.199482  8.46949 0.637932 -2.56457  1.31352 -17.1423
1.77667e+09  -0.450329   8.24152 -0.304827 0.970035 -4.22963 -2.97174
1.77667e+09   1.08685  1.45046 -1.74187 -5.37802  3.78522 -1.92103
1.77667e+09  -0.982961  -6.42291 -0.533859 -2.82403  1.63249 -16.0324
1.77667e+09    -1.28763   -6.02237 0.00303424  -5.40563 -0.534433  -12.9528
1.77667e+09  -0.0647031   -4.47667   0.610235  -5.5349 -3.71001 -7.73994
1.77667e+09   1.53426  3.96661 0.896791   -1.9676 -0.538074  -13.0986
1.77667e+09  -0.110509   6.86094   0.62941 -3.51453  1.97726 -14.2544
1.77667e+09  -2.29324  7.95709 0.504774 -0.778709   1.16312  -9.15135
1.77667e+09   -5.31326   4.21482 -0.749042 -1.09061  1.58973 -1.19541
1.77667e+09  -7.25311 0.297843  -1.5693 -0.299736   5.47926  -6.44316
1.77667e+09  -4.98729 -2.05959 -1.27422    0.423  2.13678 -7.92956
1.77667e+09   0.908949   -2.9576 -0.779935 -2.30696 -1.18955 -11.1464
1.77667e+09    4.68211  -1.39912 -0.151429  -4.77887 -0.826022  -8.80833
1.77667e+09    8.05687 -0.370077  0.255502 -3.02288 -7.86838 -9.23892
1.77667e+09      11.8641    0.897587 0.000903707  -0.480036 -0.0384245    -16.617
1.77667e+09    5.52687   2.44648 -0.395375  1.71636  7.03806 -12.2172
1.77667e+09   -2.37207   2.27178 -0.179126 1.44729 6.83855 -9.2288
1.77667e+09   -6.44883   1.72104 0.0456448 0.144449 0.890597 -11.9262
1.77667e+09   -7.25843   1.12236 0.0594932 -0.392964  -1.16902  -8.74971
1.77667e+09    -6.69384  0.0805294 -0.0757953 -0.916677  0.176048  -10.0847
1.77667e+09   -7.22221 -0.216679 -0.190844 0.0867829   2.04028  -9.98995
1.77667e+09   -7.80385    0.1029 -0.126928 -0.46695 0.940758 -12.7469
1.77667e+09  -0.199992  0.234993  0.078668 -2.96322  -8.2044 -6.45925
1.77667e+09   8.39137 -0.66409  0.20863 -2.56854 -5.88267 -7.28004
1.77667e+09     11.1397  -0.775943 -0.0257279  -2.12299 -0.524297  -13.5921
1.77667e+09    8.96448 -0.382861 -0.147168 -1.52346  3.67514 -12.8032
1.77667e+09    2.75399  0.108226 0.0733417 -0.901771   7.70808  -12.4792
1.77667e+09  -1.59016 0.376673 0.417422 0.685153  8.86543 -10.7731
1.77667e+09  -8.94155 0.815562 0.659237  1.70944   5.5088 -16.6723
1.77667e+09  -10.1442  1.81265  -0.3762 -0.805038  -11.4871  -9.56425
1.77667e+09   8.60016 -1.07209 -1.35198 -3.58797 -9.42004 -5.52017
1.77667e+09    15.583 -2.10007 -1.14106  -3.14605 -0.398891  -15.0914
1.77667e+09    9.82095  -1.30218 -0.430528 -2.32528  7.13512 -15.0049
1.77667e+09   0.761942 -0.191113  0.664563 -1.84356  8.53482 -13.6238
1.77667e+09  -8.54314  0.72821  1.57749 0.715734  3.71567 -15.3853
1.77667e+09  -11.773 1.59214 1.20039  1.02207 -2.03272 -14.1026
1.77667e+09  -8.81798  1.79028  0.24698 -0.0389398   -10.0873   -7.76918
1.77667e+09   4.12392 0.286125 -1.11869 -1.98463 -12.9191 -1.68943
1.77667e+09   15.5148 -1.75173 -0.99938 -3.36158 0.252365 -13.7539
1.77667e+09      7.39854    -1.09872 -0.00868367 -1.95904  7.77564 -12.4958
1.77667e+09  -8.17136  0.38413  1.39001 0.733825  6.53837 -16.0344
1.77667e+09  -13.5701  1.44087  1.38149 0.733948  2.05763 -17.0757
1.77667e+09  -13.9004  2.26432 0.765763 -0.694537  -7.98098  -15.0076
1.77667e+09   -3.27967   1.76578 -0.627602 -1.12732 -17.2186   1.6685
1.77667e+09    12.6492 -0.961299  -1.65452 -3.53107  -3.7775  -8.6232
1.77667e+09    11.3826  -1.23827 -0.816154 -1.22824  7.37339 -15.6415
1.77667e+09    4.09302 -0.345576 -0.109884 -1.95424  8.57446 -14.5902
1.77667e+09  -3.06768 0.583334 0.784938 -0.438639   7.08986  -11.0539
1.77667e+09  -8.82118 0.999853  1.14926 -0.415198   2.85922  -14.2304
1.77667e+09  -10.7482  1.27682 0.920227  0.470565 -0.396879  -13.2043
1.77667e+09  -10.1027  1.46218 0.505839 0.293216 -5.51671 -11.5781
1.77667e+09    -5.93857    1.27256 -0.0427721 -0.00423175    -11.1277    -5.10821
1.77667e+09     4.32632 -0.0686076  -0.600971 0.506947 -9.73861 0.010992
1.77667e+09    12.3424  -1.25744 -0.645712 -2.10789  -3.3125  -12.177
1.77667e+09      12.76   -1.2649 -0.567947 -1.18386  2.52495 -15.6431
1.77667e+09    5.35856  -0.50217 -0.400701 -1.71121  8.77509 -16.2895
1.77667e+09   -3.5609 0.351106 0.556972 -0.0341157    7.56893     -9.511
1.77667e+09  -8.46857 0.706905 0.822222 0.179188  2.20513 -13.5932
1.77667e+09      -10.1922       1.2438 -0.000161557 0.150577  -4.1547 -13.5309
1.77667e+09     3.58276 0.00383034  -0.851308     1.0354   -8.56683 -0.0465956
1.77667e+09    13.8881  -1.39806 -0.526402  -1.52723 -0.726078  -14.6325
1.77667e+09     13.723  -1.30005 -0.280326  -1.5511  1.73483 -16.1035
1.77667e+09    10.0958 -0.928276 -0.247303 -2.16158  5.42745 -15.4856
1.77667e+09    1.41069 -0.250768  0.360963 -1.88818   8.1807  -9.6906
1.77667e+09   -5.37505 -0.229463   1.01397 -0.856303   4.07641  -10.8818
1.77667e+09  -10.3349 0.417153 0.788134 -0.122942  0.995743   -14.933
1.77667e+09  -11.2244  1.09466 0.293851 0.852607 -2.63495 -13.6194
1.77667e+09   -6.67573   1.52077 -0.440116 0.101465 -10.2924 -7.38231
1.77667e+09     5.0965  0.370281 -0.931203 -0.48513 -7.84637 -1.39558
1.77667e+09     5.8358  0.240319 -0.931203 -0.888197  -7.64079  -2.27529
1.77667e+09    6.55272  0.113553 -0.924811 -1.13106 -7.27389 -3.73652
1.77667e+09       7.2494 -0.00362651   -0.906702 -0.965018  -7.18653  -4.06711
1.77667e+09    7.92904 -0.100566 -0.890723 -0.561309  -6.68232  -4.25738
1.77667e+09    8.58418 -0.196439 -0.870483 -0.790834  -5.88333  -4.77518
1.77667e+09    9.22121 -0.290183 -0.847047 -1.14489 -5.69516 -5.39725
1.77667e+09    14.3174  -1.12109 -0.425202 -1.51436  1.26092 -15.1278
1.77667e+09    9.85504 -0.814293 -0.218541 -1.46057  5.61954  -13.363
1.77667e+09    1.85916 -0.324271  0.293851 -2.26011  9.92144 -12.8828
1.77667e+09    -7.67069 -0.0164097    1.06723 -0.278857   4.79516  -13.3582
1.77667e+09  -12.3046 0.662164 0.824353  0.553252 -0.231681  -14.0862
1.77667e+09  -12.3621 0.678143 0.798787  0.791072 -0.697741  -13.3693
1.77667e+09  -12.3866 0.700513 0.761502   1.56462 -0.903149  -12.1692
1.77667e+09  -12.3983  0.72821 0.724218   1.44522 -0.839889  -12.6558
1.77667e+09  -12.3887 0.740993 0.691195   1.02585 -0.955584  -13.4769
1.77667e+09  -12.3962 0.737797 0.668824  0.217776 -0.991941  -15.3919
1.77667e+09  -12.3717 0.739928 0.643258 0.122606 -1.61486 -15.7326
1.77667e+09  -12.3429 0.774016 0.608104 0.514826 -2.67278 -15.1501
1.77667e+09  -12.2822 0.840063 0.566559  1.07242 -3.30149 -14.1763
1.77667e+09  -12.2002 0.922088 0.523948  1.04045 -3.74583 -13.9237
1.77667e+09  -12.1001 0.986004 0.477077 0.497104 -4.20418 -14.5851
1.77667e+09  -11.9776  1.03607 0.430205 0.154398 -4.43143 -15.0336
1.77667e+09   -11.822  1.07123 0.389725 -0.0958863    -5.6285   -14.8627
1.77667e+09  -11.6377  1.10744 0.344984 0.303801 -6.32779 -13.8091
1.77667e+09  -11.4183  1.14473 0.299178 0.578339 -6.60898 -13.0788
1.77667e+09  -11.1711  1.18095 0.245915 0.676968 -7.21674 -11.6302
1.77667e+09  -10.9006  1.20758 0.190521 0.195652 -7.42268 -11.2546
1.77667e+09  -10.6044  1.21077 0.139388 -0.0574806     -7.962   -11.2583
1.77667e+09   -10.2763   1.20651 0.0967775 -0.235948  -9.04651  -11.0094
1.77667e+09   -9.91627   1.20012 0.0541669 -0.0818934   -9.39381    -10.665
1.77667e+09    0.63198  0.513027 -0.649973 -0.426571  -11.3349  -1.23818
1.77667e+09   13.4887 -1.06783 -0.61695  -1.41231 -0.703909  -12.7569
1.77667e+09    12.1635 -0.868621 -0.499771  -2.0809  4.10024 -16.1394
1.77667e+09    2.89354 -0.041976 -0.107753  -1.2827   9.9353 -12.3935
1.77667e+09  -5.14495 0.229666 0.841397 -1.56147  4.14605   -11.43
1.77667e+09   -5.4379 0.219014 0.860572 -1.44132   3.7552 -11.6653
1.77667e+09  -5.71487 0.219014 0.878681 -0.843975   3.38315   -11.416
1.77667e+09  -5.98331 0.231797 0.884008 -0.583282   3.04023  -10.9074
1.77667e+09  -6.23791 0.253102 0.887204 -0.696918   3.07142  -11.0574
1.77667e+09   -6.4957 0.261624 0.886138 -1.17941  2.99482 -12.1504
1.77667e+09  -6.74071 0.258429 0.889334 -1.29408  2.63723  -12.621
1.77667e+09  -6.98146 0.250972 0.891465 -1.05881  2.29658 -12.9931
1.77667e+09   -9.4891  0.54605 0.582538 0.479802 0.359665 -12.6059
1.77667e+09    -8.82757    0.92848 -0.0917743  1.18504 -5.26303   -10.76
1.77667e+09     3.3761   0.10503 -0.810828 0.490914 -7.61313 -4.17993
1.77667e+09    10.3706 -0.657699 -0.892853  -1.57136 -0.882984  -12.5263
1.77667e+09    8.49576 -0.473408 -0.733063  -1.4786  4.45149 -14.1458
1.77667e+09     8.1634 -0.430798 -0.727737 -1.27907  4.73555 -13.5392
1.77667e+09    7.82038 -0.379665 -0.721346 -1.24993  5.41034 -12.6399
1.77667e+09    7.46672 -0.333858 -0.704301 -1.47068  5.54804 -12.6465
1.77667e+09    7.10985 -0.309357 -0.686192 -1.89281  6.22362 -13.4565
1.77667e+09    6.75405 -0.294444 -0.671278 -1.77659  6.29803 -13.8655
1.77667e+09    1.58752  0.195578 -0.180191 -1.13526  6.30815 -11.3265
1.77667e+09  -2.45622 0.265885 0.533536 -1.56585  2.23357 -9.19489
1.77667e+09  -4.44294 0.187056 0.632605 -0.769973  0.620382  -10.4453
1.77667e+09   -5.7628 0.188121 0.521818 -0.516323   2.01005  -9.25641
1.77667e+09  -7.33939 0.139119 0.276807 -0.285071   2.75117  -10.8146
1.77667e+09  -7.47362 0.134858  0.24698 0.159302  2.06364 -10.2482
1.77667e+09   -7.5908 0.133793 0.220348 0.536201  1.86523 -10.0344
1.77667e+09  -7.69519 0.126336 0.194782  0.78277  2.29404 -10.3668
1.77667e+09  -7.79533 0.109292  0.16602 0.288141  2.42016  -11.747
1.77667e+09   -7.88587 0.0975736  0.138323 0.0274341   2.55959  -12.5699
1.77667e+09  -7.98707 0.100769 0.106365 -0.064681   2.33123  -13.1485
1.77667e+09   -8.08082  0.128466 0.0850596 0.303133  1.92392  -12.719
1.77667e+09  -8.16817 0.164685 0.062689   1.1911  1.68955 -11.5837
1.77667e+09    -8.2438  0.194513 0.0339269  1.34745  1.82586 -11.1267
1.77667e+09     -8.31518    0.216883 -0.00442261  1.12656  1.75969 -11.4118
1.77667e+09    -8.38442    0.22434 -0.0438374 0.581261  1.75819 -12.8128
1.77667e+09    -8.43661   0.237123 -0.0725995 0.439164  1.65672 -13.2055
1.77667e+09    -8.47177   0.263755 -0.0949701 0.977129  1.06846 -12.6758
1.77667e+09   -8.49947  0.302104 -0.119471 1.74577 1.07997 -11.763
1.77667e+09   -8.51225  0.337258 -0.147168 1.85823 1.00334 -11.355
1.77667e+09   -8.51758   0.36389 -0.189779  1.46459 0.788011 -11.5312
1.77667e+09    -8.5229  0.371347 -0.231324  1.14461 0.676469 -12.1594
1.77667e+09   -8.51118   0.38626 -0.266478   0.771888 -0.0667256   -13.0138
1.77667e+09   -8.48668  0.410761 -0.299501   1.22484 -0.827413  -12.9628
1.77667e+09   -8.42809  0.452307 -0.333589   1.53082 -0.932368  -12.7561
1.77667e+09   -8.34713  0.499178 -0.374069  1.67577  -1.4325 -12.1031
1.77667e+09   -8.25978  0.533267 -0.404962  1.48898 -1.62994 -12.1372
1.77667e+09   -8.15858  0.559898 -0.440116 0.852397 -2.07432 -12.6836
1.77667e+09   -8.03288  0.583334 -0.473139 0.630741 -3.14526 -12.3272
1.77667e+09   -7.87948  0.607835 -0.506162 0.812888 -3.49425 -11.8468
1.77667e+09  -7.68028 0.636597 -0.53812  1.17737 -3.92509  -10.522
1.77667e+09   -7.45125  0.658968 -0.570078  1.08042 -4.25844 -9.91143
1.77667e+09   -7.19026  0.669621 -0.609493 0.427823 -4.59535 -9.80657
1.77667e+09   -6.89944  0.677077 -0.641451 -0.204396  -5.25819  -9.91529
1.77667e+09   -6.56601    0.6856 -0.663821 -0.272056  -5.66698  -9.61965
1.77667e+09    3.91406 -0.136785 -0.618015 0.0127752  -6.99622  -3.40671
1.77667e+09    14.0053 -0.873947 -0.299501  -1.56122 -0.623144  -16.9602
1.77667e+09    6.79134 0.0230051 -0.303762 -1.46296  6.93106 -12.6451
1.77667e+09   2.00297 0.215818 0.503708 -2.47316  4.86579 -9.16553
1.77667e+09  -0.381087 0.0400493   1.02143 -2.10693  1.35431 -9.14561
1.77667e+09   -0.531289 0.00915666    1.05445 -2.27099  1.02706 -9.74499
1.77667e+09    -0.672969 -0.00682231     1.08215 -1.80259 0.367747 -9.85914
1.77667e+09   -0.803997 -0.0100181    1.10878 -1.38312 0.224178  -9.4739
1.77667e+09   -0.925437 -0.0153444    1.12902 -0.928545  0.232806  -8.67411
1.77667e+09    -1.04262 -0.0366497    1.15245 -1.28422 0.374266 -8.91643
1.77667e+09   -1.15766 -0.073934   1.17056 -1.57585 0.310869  -9.4017
1.77667e+09   -1.26952 -0.109088   1.18974  -1.76825 0.0056551  -10.0368
1.77667e+09   -1.37178 -0.125067   1.20359  -1.56954 -0.161604  -9.90822
1.77667e+09   -1.46126 -0.125067   1.21531 -0.965787 -0.269249  -9.03707
1.77667e+09   -1.55288 -0.125067   1.22276 -0.917211 -0.126544  -8.40771
1.77667e+09   -1.65301 -0.147437   1.22596   -1.15937 -0.0657331   -8.54284
1.77667e+09   -1.76273 -0.183656   1.22489  -1.70758 -0.229857  -9.38449
1.77667e+09   -1.87778 -0.210288   1.21957  -1.79333 -0.397383  -9.64834
1.77667e+09   -1.99816 -0.223071   1.21104  -1.40163 -0.482231  -9.39927
1.77667e+09   -2.12279 -0.223071   1.19507 -0.854067 -0.446213  -8.57857
1.77667e+09    -2.2485 -0.226267   1.18548 -0.776127 -0.406797  -8.32847
1.77667e+09  -2.38378 -0.23905  1.17483    -1.1226 -0.0350432   -8.78663
1.77667e+09   -2.52972 -0.274204   1.15352  -1.60543 -0.112611  -9.78651
1.77667e+09   -2.68312 -0.309357   1.13221 -1.57709 -0.30301  -10.015
1.77667e+09   -6.06214 -0.335989  0.601713 0.346814  2.66943  -11.777
1.77667e+09  -9.58177  1.36524 -0.43905  1.38884 -5.26143 -11.7922
1.77667e+09    -4.9287   1.38335 -0.458225 -0.00385659    -7.76803    -5.96001
1.77667e+09     5.3021  0.188121 -0.410288 -2.09367 -7.88975 -5.31187
1.77667e+09    13.7262 -0.988996  -0.03425 -3.37124  -3.7786 -9.35443
1.77667e+09    5.32766 -0.800444  0.398247 -3.09782  7.95494 -11.5242
1.77667e+09  -12.9427  1.18308  1.50612  2.01065  3.69953 -17.7978
1.77667e+09  -14.6365  2.52744  1.04593 -0.0867188   -3.84148   -14.6339
1.77667e+09   -11.381  2.62864 0.520753 -0.808191  -10.1076  -8.52441
1.77667e+09   -1.65088   1.55805 -0.574339 -0.793109  -13.1174   2.55217
1.77667e+09    12.972 -1.24572 -1.05584  -3.7312 -4.28657 -5.41185
1.77667e+09    18.0821  -2.29394 -0.627602 -2.36252  -1.1511 -17.5413
1.77667e+09    12.8559  -1.45558 -0.575404 -1.36402  7.41619 -17.5746
1.77667e+09    2.84027 -0.558629  0.344984 -1.19099  12.6021 -13.8874
1.77667e+09  -12.5741  1.06909  1.78948  1.15247  3.15249 -16.4879
1.77667e+09  -13.7022  1.98096  1.14819   1.2335 -3.55859 -15.6584
1.77667e+09    -7.6611    2.1269 0.0562975 -0.600909  -13.2998  -7.52394
1.77667e+09    9.16475 -0.242246  -1.36796 -2.79071 -7.17136 -3.12007
1.77667e+09   15.9153 -1.70592 -1.35944 -3.50893 0.527593 -16.0889
1.77667e+09  -0.0316799  -0.210288   0.342854 -0.661595   12.2764  -12.5495
1.77667e+09   -6.6033 0.372412  1.27603 -0.638618   6.53032  -13.9652
1.77667e+09  -10.1602  0.95085  1.34527 0.0212854 -0.544149  -13.7028
1.77667e+09  -8.2225  1.3908 0.48986 0.178352 -9.19841 -11.1899
1.77667e+09   -2.04396    1.0169 -0.241977 0.291799 -13.4288 -5.55128
1.77667e+09    13.3821  -1.24253 -0.869417 -1.65909  2.92566  -16.022
1.77667e+09    6.93728 -0.762095 -0.771413 -1.84724  8.76869 -16.2315
1.77667e+09    0.237832 -0.0792603  -0.176995 -1.50457  10.5182 -13.3902
1.77667e+09   -0.264973 -0.0270623  -0.108819 -0.940299   10.1897  -11.8162
1.77667e+09  -9.24728 0.883739 0.783873 0.0211381  -1.92542  -11.8208
1.77667e+09    -7.11888     1.0904 -0.0321195 0.813433 -7.73406 -8.62816
1.77667e+09  -0.812519  0.702644 -0.709628 0.213711 -9.74524 -5.93856
1.77667e+09    6.34925 0.0240704  -1.02708 0.190123 -3.91027 -6.21328
1.77667e+09    10.7531 -0.614023 -0.625472 -0.481064 -0.726482  -9.40279
1.77667e+09    10.5325 -0.654503 -0.246238 -0.537913  0.697338  -13.2683
1.77667e+09    5.25097 -0.277399 -0.281391 -1.44531  4.71777 -13.0442
1.77667e+09   -0.0125051  0.00702613 0.000903707 -1.47451  5.84579  -11.108
1.77667e+09   -4.02003 0.0570936  0.409965 -1.66003  3.77305 -10.4325
1.77667e+09  -7.04218 0.165751 0.461098 -0.791494   1.84687  -12.5056
1.77667e+09  -9.18656 0.356433 0.399313 0.379549 0.872187 -11.7482
1.77667e+09    -10.1389   0.633402 -0.0438374  1.26177 -2.04443 -13.2014
1.77667e+09    -10.0835   0.653642 -0.0800564  1.29425 -2.48902 -12.9848
1.77667e+09   -10.0207  0.676012 -0.109884  1.07766 -3.08952 -13.3107
1.77667e+09   -9.94183  0.700513 -0.147168 0.953644 -3.50243 -13.2511
1.77667e+09   -9.83744  0.740993 -0.183387  1.31551 -4.64228 -12.3029
1.77667e+09   -9.71387  0.781473 -0.225998  1.63402 -4.94885 -11.9165
1.77667e+09   -9.56366   0.82728 -0.267543  1.77436 -5.14703  -11.501
1.77667e+09   -9.40281  0.856042 -0.322937  1.24469 -5.50207 -11.8263
1.77667e+09     3.2014  0.362824 -0.886461 -0.0607008   -6.01969   -3.31731
1.77667e+09    9.77727 -0.418014 -0.490183 -1.32907  2.35907 -13.2642
1.77667e+09    5.87947 0.0379188 -0.443312 -0.577703   4.71821  -11.8454
1.77667e+09    1.48419  0.478938 -0.220671 -0.649363   6.24712  -11.4002
1.77667e+09  -3.01549 0.656837 0.349245 -0.561812   1.82764  -8.81143
1.77667e+09  -3.33506 0.633402 0.386529 -1.13916  1.41663 -9.88108
1.77667e+09  -3.47461 0.612096 0.398247 -1.17522  1.10737 -10.2735
1.77667e+09  -3.59499 0.603574   0.4089 -0.671307  0.573369  -10.1305
1.77667e+09  -3.69725  0.60677 0.419553 -0.19562 0.468609 -9.41631
1.77667e+09  -3.69725  0.60677 0.419553 -0.189771   0.38767  -9.17968
1.77667e+09  -3.88474  0.58866 0.439793 -0.638651  0.311693  -9.67844
1.77667e+09  -3.97742 0.570551 0.448315   -0.909 0.156443 -10.2637
1.77667e+09  -4.05199 0.550311 0.445119 -0.982113 -0.507015  -10.8406
1.77667e+09  -4.11058 0.541789 0.452576 -0.420915 -0.802732  -10.3552
1.77667e+09  -4.11058 0.541789 0.452576 -0.201215 -0.845208  -9.90496
1.77667e+09  -4.24374 0.533267 0.439793 -0.516455 -0.893532  -9.75998
1.77667e+09  -3.92416 0.309561 0.150041 0.837501 -1.44391 -9.52804
1.77667e+09    -1.57631 -0.0387802  -0.127993  0.570288 -0.797472  -9.73708
1.77667e+09     1.40217  -0.321075 -0.0608816 -0.213552  0.268355  -10.7116
1.77667e+09     1.33186   -0.15809 -0.0150753 -0.56298  1.45189 -11.0728
1.77667e+09      0.184569 -0.000430722  -0.00655314 -0.0604514    1.70668   -9.30753
1.77667e+09  -0.411979 0.0485714 0.0147521 0.547001 0.628023 -8.99094
1.77667e+09    0.196287  0.0592241 0.00516476 -0.00935263    0.229589    -9.91752
1.77667e+09     1.15929  0.0815946 -0.0118795   0.802813 -0.0591367   -9.65535
1.77667e+09     1.44052   0.147641 -0.0587511 0.518725 0.418721 -9.40529
1.77667e+09     1.44158   0.159359 -0.0608816 -0.156844  0.399772  -10.3758
1.77667e+09     1.44052   0.152967 -0.0640774 -0.341668  0.257055  -10.8756
1.77667e+09     1.43732   0.144445 -0.0683385  -0.0285102 -0.00222098     -10.919
1.77667e+09     1.43838   0.135923 -0.0779259   0.319942 -0.0385985   -10.4909
1.77667e+09    1.38938  0.140184 -0.101362 -0.0626392   0.128976   -11.1629
1.77667e+09   0.801357  0.248841 -0.227063 0.0641696  0.655691  -9.82655
1.77667e+09  0.0578023  0.219014 -0.245172 -0.493753   0.47026  -9.98059
1.77667e+09  -0.0114399  0.0432451  -0.179126 -0.0772967   0.121657   -9.07171
1.77667e+09     0.17072 -0.0590203   -0.13545 -0.410734 -0.366205  -10.5218
1.77667e+09    0.540367 -0.0803256 -0.0672732  0.698454 -0.512427  -9.15883
1.77667e+09    0.970734  -0.094174 0.00942582 -0.204554 -0.644861  -10.6577
1.77667e+09     1.16994 -0.0473024  0.0467101 -0.012691 -0.727017  -10.4793
1.77667e+09    0.810944 -0.0728687  0.0286006   0.257787 0.00386982    -9.0299
1.77667e+09   0.242093 -0.133589 0.0413838   0.364961 -0.0603752   -9.12326
1.77667e+09  -0.282017 -0.203896 0.0499059 0.400857  -0.5794 -9.98064
1.77667e+09  -0.602662  -0.17833 0.0147521  -0.20416 -0.615676  -10.7223
1.77667e+09    -0.659121   -0.138915 -0.00548788 0.0874896 -0.138319  -9.59422
1.77667e+09   -0.936089  -0.127197 -0.0875132 -0.0116737  -0.120787    -9.8158
1.77667e+09    -1.11079 -0.0696729  -0.182322  0.421411 -0.203297  -9.14443
1.77667e+09    -1.15021 -0.0249318  -0.190844   0.393412 0.00210199   -8.98759
1.77667e+09    -1.13742 -0.0249318  -0.187648 -0.402636  -0.14608   -10.444
1.77667e+09   -0.99894 0.0048956 -0.139711 0.529574 -0.15949 -9.34566
1.77667e+09  -0.977635 0.0134177 -0.139711  0.38705 0.228903 -8.85244
1.77667e+09   -0.965917 0.00809139  -0.134385 0.0670089  0.320628  -9.14486
1.77667e+09   -0.966982 -0.0100181   -0.13332 -0.473466  0.123011  -10.2012
1.77667e+09   -0.962721 -0.0249318  -0.130124 -0.252606 -0.182745  -10.4875
1.77667e+09  -0.948872 -0.021736 -0.127993 0.0818517 -0.225148  -10.1524
1.77667e+09    -0.937155 -0.00682231   -0.124797  0.472898 0.0389104  -9.17433
1.77667e+09  -0.929698 0.0048956 -0.126928 0.394599 0.222964 -8.97419
1.77667e+09   -0.927567 0.00169981  -0.124797 -0.124822  0.248533  -9.57329
1.77667e+09   -0.919045 -0.0142792  -0.121602  -0.373177 -0.0316218    -10.509
1.77667e+09   -0.903066 -0.0185402  -0.110949 -0.194991 -0.168005  -10.5881
1.77667e+09    -0.880696 -0.00682231   -0.103492  0.381329 -0.187891  -9.90339
1.77667e+09   -0.856194 0.00702613 -0.0981659   0.523325 -0.0586451   -9.43914
1.77667e+09   -0.829563  0.0102219 -0.0992311  0.27425 0.290536 -9.18872
1.77667e+09    -0.808258 -0.00682231  -0.0971006 -0.237886  0.190153  -10.0237
1.77667e+09   -0.783756 -0.0164097 -0.0939048  -0.344756 0.00270858   -10.4091
1.77667e+09   -0.750733 -0.0121486 -0.0875132  0.054114 -0.201406  -10.3529
1.77667e+09    -0.71558  0.0048956 -0.0779259  0.381459 -0.187521   -9.9392
1.77667e+09   -0.686817   0.018744 -0.0662079    0.615288 0.000907145    -9.08178
1.77667e+09   -0.669773   0.018744 -0.0608816 0.152924 0.243074 -9.30967
1.77667e+09   -0.630358 -0.0110834  -0.050229 -0.274309  -0.21135  -10.4586
1.77667e+09     0.032236 -0.00682231   0.0136869  0.137717 -0.559154  -10.3088
1.77667e+09   0.434906 0.0357883 0.0467101 -0.344185 0.0955385  -10.4238
1.77667e+09    0.267659 0.00702613  0.0882554 -0.663741  0.511359  -10.3451
1.77667e+09   0.0237139 -0.0100181   0.109561 -0.17892 0.299947 -10.3538
1.77667e+09    -0.179752 -0.00256125    0.106365    0.35358 -0.0519327    -9.9253
1.77667e+09  -0.114771 0.0251356 0.0594932 0.444759 0.173757 -9.08882
1.77667e+09   0.0759118 -0.0196055  0.0552322 0.0968963 0.0504592  -9.93162
1.77667e+09    0.167525 0.00596086  0.0467101 -0.442662  0.381614  -10.4173
1.77667e+09   0.178177 0.0219398 0.0403185 -0.0436679   0.135761   -10.4612
1.77667e+09   0.145154 0.0592241 0.0275353 0.0560312  0.140803  -10.3543
1.77667e+09    0.14835 0.0730725 0.0275353 0.517399 0.218506 -9.34716
1.77667e+09   0.139828 0.0837252 0.0254048 0.503065 0.393914 -9.06137
1.77667e+09   0.122783 0.0847904 0.0264701 -0.00205683    0.566688    -9.43199
1.77667e+09   0.111066 0.0677462 0.0211437 -0.407951   0.23103  -10.3667
1.77667e+09   0.114261  0.054963 0.0232743 -0.314986  0.118057  -10.5601
1.77667e+09   0.129175 0.0517672 0.0190132  0.261526 0.0776716  -9.96119
1.77667e+09   0.136632 0.0677462 0.0168827 0.545663  0.34359 -9.06137
1.77667e+09    0.131306  0.0805294 0.00623003 0.418045 0.558206 -9.01151
1.77667e+09    0.112131  0.0858557 0.00196897 -0.10061 0.578944 -9.83258
1.77667e+09    0.088695  0.0762683 0.00516476 -0.292729  0.400798  -10.3465
1.77667e+09  0.0823034 0.0730725 0.0040995 -0.0577425   0.115476   -10.5542
1.77667e+09    0.0833687   0.0794641 0.000903707 0.510697 0.142673  -9.5903
1.77667e+09     0.088695    0.091182 -0.00229209 0.603068   0.3437 -9.12611
1.77667e+09     0.0748466    0.0933125 -0.000161557 0.226068 0.661083 -9.12557
1.77667e+09    0.0599329   0.0869209 -0.00229209 -0.0655625   0.611722   -9.58941
1.77667e+09    0.0450192   0.0794641 -0.00761841 -0.313973  0.303346  -10.5537
1.77667e+09    0.0428886   0.0815946 -0.00868367 0.205589 0.074732 -10.3118
1.77667e+09    0.0492802   0.0922473 -0.00761841   0.48968 0.0949781  -9.78335
1.77667e+09     0.052476    0.106096 -0.00761841 0.567535 0.470894 -8.98323
1.77667e+09    0.0439539    0.108226 -0.00868367 0.311431 0.631063 -9.06141
1.77667e+09    0.0258444    0.101835 -0.00974894 -0.293168  0.518809  -10.0391
1.77667e+09    0.016257  0.0890515 -0.0108142 -0.285675  0.197017  -10.6393
1.77667e+09  0.0183875 0.0922473  -0.01401 -0.00821187     0.11358    -10.4183
1.77667e+09  -0.0657683   0.114618   -0.03425 -0.208453  0.500972  -9.77444
1.77667e+09  -0.0465936    0.12527 -0.0427721 0.154084 0.463862  -9.2891
1.77667e+09   0.0183875  0.0965083 -0.0310542    0.374727 -0.00386709    -9.76806
1.77667e+09  0.0599329 0.0783988  -0.03425 0.410215 0.016135 -9.66806
1.77667e+09   0.0482149  0.0496367 -0.0310542 0.389103 0.129524 -9.58249
1.77667e+09   0.0503455  0.0570936 -0.0257279 0.324527 0.431079 -9.03916
1.77667e+09   0.0492802   0.054963 -0.0204016 0.0759413  0.557162  -9.27478
1.77667e+09  0.0439539  0.034723  -0.01401 -0.414689  0.372575  -10.2599
1.77667e+09  0.0439539  0.034723  -0.01401 -0.200963 0.0599077  -10.5604
1.77667e+09    0.0450192   0.0272662 -0.00655314  0.133416 0.0172814  -10.2038
1.77667e+09   0.0482149  0.0453756 -0.0182711 0.531116 0.188663 -9.23253
1.77667e+09   0.0439539   0.054963 -0.0267932 0.431151 0.337204 -9.02497
1.77667e+09   0.0375623  0.0528325 -0.0225321 -0.109191  0.441628  -9.64578
1.77667e+09   0.0375623  0.0528325 -0.0225321 -0.428922  0.141374  -10.6384
1.77667e+09    0.0215833   0.0325925 -0.00442261   -0.300722 -0.00142834    -10.7387
1.77667e+09    0.0247791   0.0336577 -0.00974894  0.332165 -0.065686  -9.95378
1.77667e+09   0.0354318  0.0411146 -0.0172058  0.531165 0.0695396  -9.43255
1.77667e+09   0.0375623  0.0368535 -0.0193363 0.317637 0.403817  -9.1536
1.77667e+09   0.0375623  0.0368535 -0.0193363 -0.251132  0.340602  -10.0815
1.77667e+09   0.0258444 0.00596086 -0.0108142 -0.378917  0.182922  -10.5672
1.77667e+09   0.0311707 0.00809139 -0.0129447 -0.0229331 -0.0769203   -10.5965
1.77667e+09   0.0343665  0.0283314 -0.0129447   0.325627 -0.0849287   -10.1542
1.77667e+09   0.036497 0.0496367  -0.01401 0.631722 0.273463 -9.25486
1.77667e+09   0.036497 0.0496367  -0.01401 0.161974  0.48696 -9.46111
1.77667e+09  -0.000787216    0.0315272 -0.000161557  0.474482 0.0293963  -9.63262
1.77667e+09  0.0247791 0.0315272 0.0179479 0.246653 0.398867 -9.29645
1.77667e+09   0.0514107  0.0219398 0.00623003 0.324884 0.375971 -9.22513
1.77667e+09  0.0450192 0.0230051 0.0317964 0.289706 0.539257 -9.12537
1.77667e+09    0.0311707 -0.00362651   0.0317964  -0.37238 0.0969291  -10.5311
1.77667e+09   0.0290402 -0.0100181  0.0307311   0.118874 -0.0955371   -10.3107
1.77667e+09    0.0354318 -0.00362651    0.022209   0.424454 -0.0893879   -9.81808
1.77667e+09   0.0428886 0.00809139  0.0147521 0.530626 0.215327  -9.0536
1.77667e+09  0.0471497 0.0048956 0.0168827 -0.00303317    0.360455    -9.48126
1.77667e+09    0.0396928 -0.00575704   0.0254048 -0.287829  0.218936   -10.002
1.77667e+09  0.0269097 -0.021736 0.0296658  -0.287325 -0.0883061   -10.6238
1.77667e+09   0.0205181 -0.0206707  0.0254048 0.00457323  -0.178493    -10.453
1.77667e+09   0.0311707 -0.0132139  0.0211437   0.551881 -0.0870704   -9.47497
1.77667e+09    0.0514107 0.000634542   0.0179479 0.395294 0.274056 -9.08899
1.77667e+09    0.0641939 0.000634542   0.0136869 0.0964922  0.329925  -9.38136
1.77667e+09   0.0578023 -0.0110834  0.0179479 -0.365804  0.109265  -10.3521
1.77667e+09   0.0439539 -0.0366497  0.0190132  -0.308722 -0.0669315   -10.6023
1.77667e+09   0.0418234 -0.0409108  0.0179479  0.288982 -0.206447  -10.0891
1.77667e+09   0.0503455 -0.0185402 0.00836056  0.644468 0.0794964  -9.12521
1.77667e+09   0.0588676  0.0123524 0.00196897 0.509314 0.293069 -8.96789
1.77667e+09   0.0535413  0.0208746 0.00196897 -0.110042  0.298892  -9.63086
1.77667e+09   0.0386276 0.00383034 0.00303424 -0.323534  0.128159  -10.1519
1.77667e+09   0.0311707 -0.0164097 0.00303424 -0.123772 -0.148351  -10.4883
1.77667e+09     0.0354318   -0.0270623 -0.000161557  0.480866 -0.134204  -9.67494
1.77667e+09   0.0482149  -0.017475 -0.0118795 0.594596 0.052356 -9.21079
1.77667e+09    0.0567371 -0.00682231  -0.0161405 0.281739 0.424738 -9.07473
1.77667e+09   0.0588676 0.00169981   -0.01401 -0.00971418    0.439022    -9.48871
1.77667e+09    0.0492802  -0.0110834 -0.00335735 -0.322572  0.130902  -10.4169
1.77667e+09    0.0396928   -0.021736 -0.00442261  0.0975571 -0.0599038   -10.2892
1.77667e+09   -0.0274188  -0.0345192 -0.00335735 0.0340329 0.0412012  -10.3538
1.77667e+09    -0.0231578   -0.0281276 -0.000161557 -0.0605229   0.212779   -9.62359
1.77667e+09    0.052476 -0.0515634 0.00623003 0.594761 0.214181 -9.00379
1.77667e+09   0.0482149 -0.0611508   0.022209   -0.115514 -0.00494388    -10.5749
1.77667e+09    0.0620634 -0.00362651   0.0179479 0.510319 0.422213  -9.0472
1.77667e+09     0.0237139 -0.000430722    0.0275353 0.310259 0.417256 -9.06768
1.77667e+09   0.0354318 -0.0121486  0.0115564 0.430242 0.243411 -8.91716
1.77667e+09    0.106804 -0.0302581  0.0286006   0.317353 -0.0670294   -9.81048
1.77667e+09    0.103609 -0.0302581  0.0317964   0.382485 0.00482361   -9.92568
1.77667e+09   0.0183875 0.00276507  0.0349922   0.15476 -0.109477  -10.3752
1.77667e+09    -0.024223   0.0304619 -0.00442261 -0.336974 0.0886361  -10.4524
1.77667e+09   -0.019962  0.0251356 -0.0193363   0.351683 -0.0573446    -9.4025
1.77667e+09   0.0673897  0.0411146 -0.0267932 -0.31677 -0.10451 -10.4088
1.77667e+09    0.204809  0.0283314 -0.0289237 0.315341 0.144714 -8.91619
1.77667e+09    0.301748 0.00809139 -0.0108142   0.29406 -0.324664  -9.69472
1.77667e+09    0.318792  0.0166135 -0.0150753    0.49303 -0.0211506   -8.90205
1.77667e+09     0.33051  0.0240704 -0.0246626 0.322751 0.173458 -8.94499
1.77667e+09    0.336902  0.0176788 -0.0204016  -0.21776 0.0879836  -9.81565
1.77667e+09    0.340097 0.00383034 -0.0172058 -0.295524 -0.189456  -10.4873
1.77667e+09     0.352881 -0.00469178 -0.00655314 -0.0603597  -0.214699   -10.3379
1.77667e+09     0.373121 -0.00362651  -0.0108142  0.472506 -0.172672  -9.39545
1.77667e+09      0.388034 -0.000430722   -0.0150753   0.536364 -0.0132528   -9.01688
1.77667e+09     0.394426 -0.00682231  -0.0172058 0.131295 0.277818 -9.20229
1.77667e+09     0.386969  -0.0132139 -0.00442261 -0.359653 0.0502328  -10.1657
1.77667e+09     0.379512  -0.0185402 -0.00122682 -0.323734 -0.103922  -10.4588
1.77667e+09     0.383773  -0.0100181 -0.00229209  0.231691 -0.227278  -10.0887
1.77667e+09    0.399752 0.00596086 -0.0150753  0.501793 -0.170949  -9.58896
1.77667e+09    0.412535  0.0240704 -0.0172058 0.508607  0.15776 -8.98164
1.77667e+09    0.416796  0.0304619 -0.0108142 -0.0247214   0.247707    -9.5881
1.77667e+09      0.410405    0.0166135 -0.000161557 -0.266361  0.141639  -10.1307
1.77667e+09     0.407209 -0.00682231  0.00942582 -0.159074 -0.139762  -10.5956
1.77667e+09    0.410405 -0.0142792  0.0136869  0.146727 -0.231199  -10.3174
1.77667e+09    0.419992 0.00169981  0.0126216  0.601306 -0.103299  -9.33192
1.77667e+09   0.427449 0.0251356 0.0126216 0.330751 0.238961 -9.08136
1.77667e+09    0.424253  0.0325925 0.00942582 0.0247832  0.245736  -9.44511
1.77667e+09    0.413601  0.0198093 0.00836056  -0.337719 -0.0397665   -10.4447
1.77667e+09    0.402948  0.0134177 0.00303424 0.0753877 -0.272241  -10.4171
1.77667e+09   0.402948  0.018744 0.0040995  0.416683 -0.287532  -9.95328
1.77667e+09    0.40934  0.034723 0.0115564    0.672329 -2.0586e-05    -9.04625
1.77667e+09   0.412535 0.0400493 0.0136869 0.480219 0.179649 -9.00308
1.77667e+09   0.405079 0.0304619 0.0115564 -0.117048  0.187116   -9.8452
1.77667e+09    0.392295 0.00915666  0.0126216  -0.20187 -0.111049   -10.574
1.77667e+09   0.324118 0.0517672 0.0211437  -0.266322 -0.0476663   -10.4379
1.77667e+09   0.204809 0.0411146 0.0243395 0.216333 0.253889  -9.0379
1.77667e+09   0.101478 0.0485714 0.0115564 -0.275335 0.0803734  -9.71508
1.77667e+09  0.0780423 0.0453756 0.0179479  0.258047 0.0958101  -8.95867
1.77667e+09  0.0737813 0.0293967 0.0264701  0.207295 -0.572244  -9.80068
1.77667e+09  0.0769771  0.034723 0.0179479  0.640607 -0.422598   -8.8295
1.77667e+09  0.0812381 0.0389841 0.0136869 0.562531 -0.21686  -8.6581
1.77667e+09  0.0854992  0.034723 0.0104911 0.0078676 -0.126408   -9.2931
1.77667e+09  0.0854992 0.0240704 0.0158174 -0.290997 -0.442538  -10.1497
1.77667e+09   0.088695 0.0208746 0.0158174 -0.148262 -0.514631  -10.2074
1.77667e+09  0.0993476 0.0357883 0.0168827  0.442023 -0.556638  -9.46532
1.77667e+09   0.112131 0.0560283 0.0104911  0.633647 -0.485136  -8.97959
1.77667e+09    0.119588  0.0634851 0.00836056   0.456708 -0.0575612    -8.7943
1.77667e+09    0.114261  0.0517672 0.00303424 -0.105148 -0.121513  -9.65779
1.77667e+09   0.115327 0.0400493 0.0115564 -0.240566 -0.315586  -10.0645
1.77667e+09   0.122783 0.0400493 0.0115564  0.080034 -0.503935  -10.0796
1.77667e+09   0.140893 0.0560283 0.0158174  0.378634 -0.518288  -9.66568
1.77667e+09   0.154741  0.070942 0.0104911  0.647899 -0.401206  -8.83679
1.77667e+09   0.154741 0.0730725 0.0115564   0.271665 -0.0886546   -9.05823
1.77667e+09   0.149415 0.0592241 0.0115564 0.0014352 -0.131318  -9.50072
1.77667e+09   0.149415 0.0517672 0.0158174 -0.198152   -0.4857  -10.2001
1.77667e+09   0.162198 0.0592241 0.0115564  0.300144 -0.587333  -9.80824
1.77667e+09    0.184569  0.0794641 0.00516476  0.570138 -0.559374  -9.32272
1.77667e+09     0.201613   0.0943778 -0.00335735   0.60531 -0.280701  -8.72966
1.77667e+09      0.2112  0.0922473 0.00196897  0.378011 -0.127199  -8.87956
1.77667e+09    0.214396  0.0783988 0.00729529 -0.169755 -0.240973  -9.76439
1.77667e+09   0.217592 0.0634851 0.0158174 -0.0988064  -0.593912   -10.1715
1.77667e+09   0.230375 0.0602893 0.0168827  0.214167 -0.685345  -9.90051
1.77667e+09   0.252746  0.070942 0.0168827  0.697631 -0.549853   -8.9868
1.77667e+09   0.275116 0.0890515 0.0115564  0.661973 -0.380921  -8.74384
1.77667e+09   0.285769 0.0997041 0.0126216  0.143071 -0.171471  -9.20048
1.77667e+09   0.287899 0.0943778 0.0158174 -0.254958  -0.37887  -10.1358
1.77667e+09   0.293226 0.0869209 0.0179479 -0.162666 -0.570933  -10.2644
1.77667e+09   0.311335 0.0879862 0.0115564  0.427226 -0.733324  -9.60058
1.77667e+09    0.335836   0.100769 0.00836056   0.67609 -0.627103  -9.07947
1.77667e+09    0.357142   0.108226 0.00942582  0.583678 -0.259994   -8.6437
1.77667e+09   0.366729  0.109292 0.0158174 -0.0211787  -0.267753   -9.38547
1.77667e+09   0.365664 0.0997041 0.0211437 -0.220584 -0.425182  -9.82783
1.77667e+09   0.365664  0.101835 0.0254048 -0.0150865  -0.761911   -9.86325
1.77667e+09     0.49243   0.142315 0.00836056  0.484031 -0.264888  -8.76493
1.77667e+09    0.590434   0.173207 0.00836056 0.370193 -0.76745 -9.69325
1.77667e+09   0.624523  0.275473 0.0286006   0.36355 -0.892224  -10.0293
1.77667e+09   0.630915  0.511961 0.0190132  0.359859 -0.418684  -8.25523
1.77667e+09   0.606413   0.44485 0.0307311 -0.159213 -0.595567  -9.26885
1.77667e+09   0.607479  0.431001 0.0328616 0.0466597 -0.847039  -9.27598
1.77667e+09   0.618131   0.42461 0.0307311  0.330817 -0.910789  -8.89756
1.77667e+09    0.63198  0.422479 0.0349922  0.693121 -0.752131  -8.04065
1.77667e+09   0.638371  0.415022 0.0328616  0.615201 -0.545948  -7.91222
1.77667e+09   0.629849  0.397978 0.0339269  0.124923 -0.434883   -8.5333
1.77667e+09    0.61174  0.371347 0.0349922 -0.102779  -0.75958  -9.31857
1.77667e+09   0.600022  0.352172 0.0307311  0.039384 -0.938539  -9.38298
1.77667e+09   0.601087  0.344715 0.0211437 0.579723 -1.07104 -8.80503
1.77667e+09    0.610675   0.355368 0.00942582  0.721898 -0.969343  -8.43376
1.77667e+09   0.609609  0.359629 0.0040995 0.501782 -0.64042 -8.31946
1.77667e+09    0.603218   0.358563 0.00836056 -0.0099147  -0.662379   -9.15472
1.77667e+09   0.594696  0.347911 0.0179479 -0.102464 -0.835853  -9.52594
1.77667e+09   0.597891   0.34365 0.0264701 0.245579 -1.21014 -9.51177
1.77667e+09   0.610675   0.34365 0.0243395 0.551437 -1.25932 -9.18365
1.77667e+09   0.620262   0.34365 0.0147521  0.780218 -0.924529  -8.68488
1.77667e+09    0.620262   0.341519 0.00196897  0.397713 -0.574334  -9.09264
1.77667e+09     0.607479    0.330866 -0.00229209 0.170721 -0.55325 -9.53561
1.77667e+09       0.59363     0.320214 -0.000161557   0.14238 -0.769756  -9.94277
1.77667e+09     0.5915  0.309561 0.0040995  0.376527 -0.917162  -9.69983
1.77667e+09   0.598957  0.315953 0.0040995  0.908481 -0.982965  -8.67095
1.77667e+09    0.607479   0.321279 0.00516476  0.780036 -0.637415  -8.18478
1.77667e+09    0.606413   0.321279 0.00623003   0.48138 -0.560083  -8.48441
1.77667e+09    0.600022     0.3053 0.00942582 0.0201653 -0.756612  -9.72022
1.77667e+09    0.595761   0.290386 0.00729529 0.0563525 -0.945079  -10.1421
1.77667e+09    0.596826   0.288256 0.00729529  0.61858 -1.21681 -9.90745
1.77667e+09   0.601087  0.296778 0.0115564  1.10217 -1.00379 -8.90814
1.77667e+09   0.604283  0.311692 0.0126216   1.05237 -0.771144  -8.60808
1.77667e+09   0.603218  0.313822 0.0104911  0.554755 -0.548312  -9.00043
1.77667e+09   0.633045  0.297843 0.0403185 0.315308 -1.25847 -11.1017
1.77667e+09    1.00056  0.346845 0.0296658 0.203332 -1.25061 -11.7529
1.77667e+09     1.18592   0.187056 0.00729529 0.741501 -1.18585 -10.2591
1.77667e+09   0.902557 -0.105892  0.111691 0.695279 0.129763 -11.2669
1.77667e+09  0.355011 -0.27953 0.292786 0.972784 0.642758 -10.1246
1.77667e+09   0.301748 -0.286987  0.300243 0.468732 0.846644  -10.746
1.77667e+09   0.252746 -0.294444  0.313026 0.170271 0.735116 -11.3957
1.77667e+09   0.219722 -0.302966  0.335397 0.0721571  0.341727  -12.5537
1.77667e+09   0.206939 -0.305096  0.352441  0.271426 0.0638083  -12.7541
1.77667e+09   0.199482 -0.297639  0.366289   0.77402 -0.445899   -12.203
1.77667e+09   0.187765 -0.280595  0.373746  0.843854 -0.198687  -11.3594
1.77667e+09   0.159002 -0.268877  0.381203  0.665194 -0.105747  -11.2156
1.77667e+09   0.124914 -0.266747   0.39079  0.250846 -0.213554   -11.428
1.77667e+09   0.100413 -0.275269  0.399313  0.257915 -0.305045  -11.5494
1.77667e+09  0.0897603 -0.274204  0.403574 0.634422  -0.5186 -11.2496
1.77667e+09  0.0791076 -0.272073  0.407835 0.882211  -0.5768 -10.6848
1.77667e+09  0.0609981 -0.262486  0.416357   0.79683 -0.490708  -10.6561
1.77667e+09  0.0301055 -0.253964  0.424879 0.470061 -0.47489 -11.1845
1.77667e+09  0.00347384  -0.244376   0.419553  0.363304 -0.591857  -11.4914
1.77667e+09  -0.0188967   -0.23905   0.417422  0.683012 -0.944106   -11.513
1.77667e+09  -0.0295494  -0.230528   0.417422  1.23582  -1.2924 -10.7624
1.77667e+09  -0.0455283  -0.224136   0.421683  1.32753 -1.28268  -10.412
1.77667e+09  -0.0647031  -0.223071   0.421683 0.949287 -1.12318 -10.3105
1.77667e+09  -0.0881389  -0.235854   0.420618 0.664051 -1.16073 -10.5453
1.77667e+09  -0.103053 -0.245442  0.413161 0.413287 -1.48283 -10.8721
1.77667e+09  -0.110509 -0.243311  0.403574 0.809922 -1.78452 -10.3429
1.77667e+09  -0.115836 -0.223071  0.399313  1.03672 -1.79914 -9.83548
1.77667e+09  -0.117966 -0.210288  0.403574  1.04285  -1.5285 -9.12767
1.77667e+09  -0.122227 -0.213484  0.403574 0.807881 -1.40449 -9.17715
1.77667e+09  -0.129684 -0.236919  0.395052 0.252296 -1.59728 -9.99717
1.77667e+09  -0.138206 -0.251833  0.383334 0.258744 -2.05535 -10.5181
1.77667e+09  -0.144598 -0.252898  0.384399 0.514285  -2.2522 -10.3395
1.77667e+09  -0.0689641  -0.290183   0.314091 0.557907 -2.03302 -10.2045
1.77667e+09   0.197352 -0.134654  0.204369 0.983433 -2.28501 -9.68282
1.77667e+09    0.355011   0.457633 -0.0747301 0.531077  -3.3741 -10.7932
1.77667e+09   0.617066  0.777212 -0.364482   0.9779 -2.75679 -8.87161
1.77667e+09  0.876991 0.914631 -0.45716  1.01747 -2.12181 -8.95321
1.77667e+09   0.934515  0.961503 -0.481661  1.19504 -1.71976 -8.01763
1.77667e+09   0.952624   0.96896 -0.489118  1.09525 -1.57776 -7.86734
1.77667e+09   0.963277  0.958307 -0.493379 0.703784 -1.64657 -8.42371
1.77667e+09   0.977125  0.944459 -0.494444  0.58291 -1.81902 -8.86639
1.77667e+09   0.977125  0.944459 -0.494444 0.632876  -2.0582 -9.22371
1.77667e+09    1.03039  0.952981 -0.500836 0.339629 -1.47376  -8.2436
1.77667e+09     1.0485  0.988135 -0.499771 -0.273949 -0.630058  -7.21285
1.77667e+09    1.03465   1.01796 -0.501901 -2.41401  2.09574 -4.04834
1.77667e+09   0.960081   1.01264 -0.501901 -3.62754  3.80218 -1.77216
1.77667e+09   0.960081   1.01264 -0.501901 -5.18054  7.24847  4.22949
1.77667e+09   0.519062  0.824084 -0.465682 -5.03581  9.81346  9.73949
1.77667e+09   0.146219  0.587595 -0.411354 -4.54402   10.282  10.8451
1.77667e+09  -0.268169  0.236058 -0.322937 -3.6589 8.98596 7.11512
1.77667e+09  -0.662316 -0.193244 -0.201497 -3.49188  7.52512  2.08598
1.77667e+09  -0.662316 -0.193244 -0.201497 -3.53635  3.99684   -10.99
1.77667e+09   -1.17577 -0.889926 0.0488406 -2.95637  0.52756 -20.7249
1.77667e+09   -1.26206 -0.991127  0.150041 -2.24214 -0.70123  -22.528
1.77667e+09  -1.26419 -0.94319 0.221413 -0.360846  -1.75853  -20.6638
1.77667e+09   -1.21519 -0.818554  0.261893 0.444035 -2.01892 -18.3178
1.77667e+09   -1.21519 -0.818554  0.261893  1.18543 -2.67561  -14.824
1.77667e+09   -1.0522 -0.62148 0.281068 0.840365  -3.2323 -15.1279
1.77667e+09  -0.954199 -0.561825  0.277872 0.556513 -3.60264 -16.2708
1.77667e+09  -0.850868 -0.490452  0.261893 0.216843 -4.15096 -18.0715
1.77667e+09  -0.748603 -0.391383  0.243784 0.723278 -4.03176  -15.611
1.77667e+09  0.0737813  0.250972 -0.123732 0.782666 -3.39221 -7.22808
1.77667e+09   -0.372564  -0.341315 -0.0811216 0.711261  -1.6042 -10.4506
1.77667e+09   -0.345933 -0.0963045  -0.101362 0.847509 -1.22535 -9.98732
1.77667e+09   -0.668708 -0.0654119  0.0254048   1.00475 -0.721728  -9.20244
1.77667e+09   -0.912653 -0.0462371   0.109561     1.04981 -0.00734372    -8.69717
1.77667e+09   -0.937155 -0.0387802   0.126605  0.943086 -0.187363  -9.11125
1.77667e+09   -0.961656 -0.0345192   0.139388   1.00834 -0.501026  -9.86221
1.77667e+09   -0.981896 -0.0259971   0.146845   1.25861 -0.439892   -9.8064
1.77667e+09    -1.00001 -0.0153444   0.155367   1.36425 -0.480439  -9.43437
1.77667e+09     -1.01385 -0.00256125    0.163889   1.27176 -0.169697  -9.06281
1.77667e+09    -1.03409 0.00383034   0.172411    1.09447 -0.0728277   -9.29867
1.77667e+09     -1.06392 -0.00682231    0.179868 0.823768 -0.47464 -10.1693
1.77667e+09    -1.09055 -0.0164097   0.189455   0.91708 -0.712902  -10.6558
1.77667e+09    -1.11186 -0.0153444   0.201173  1.01684 -0.63753 -10.4561
1.77667e+09    -1.11825 0.00276507   0.203304   1.15504 -0.792704  -9.37475
1.77667e+09   -1.12997 0.0219398  0.211826  1.09697 -0.72456 -9.01669
1.77667e+09   -1.14382 0.0336577  0.218218  0.684074 -0.582691   -9.2444
1.77667e+09   -1.16086 0.0379188  0.231001  0.40523 -1.10652 -10.0286
1.77667e+09   -1.17577 0.0304619  0.239523 0.419899  -1.2038 -10.2861
1.77667e+09   -1.18003 0.0219398  0.236327   0.58439 -0.959511    -9.937
1.77667e+09    -1.1811 0.0219398  0.235262  0.618805 -0.893458  -9.46479
1.77667e+09   -1.18536 0.0293967  0.229936  0.545989 -0.805418  -8.94919
1.77667e+09   -1.20134 0.0368535  0.236327  0.297352 -0.861882  -9.45618
1.77667e+09   -1.22051 0.0336577  0.244849 0.247054 -1.15682 -9.84142
1.77667e+09   -1.23862 0.0240704   0.24911 0.411003 -1.46128  -10.199
1.77667e+09    -1.24608 0.00915666   0.250176 0.539351 -1.37215 -9.97803
1.77667e+09    -1.25034 0.00276507   0.244849 0.602972 -1.04504 -9.27073
1.77667e+09    -1.25567 0.00809139   0.243784  0.403433 -0.943277  -9.27017
1.77667e+09   -1.26526 0.0240704  0.238458  0.275978 -0.959705  -9.62754
1.77667e+09   -1.27804 0.0400493  0.242719 0.241035 -1.27982 -10.3493
1.77667e+09   -1.27484 0.0475062  0.244849 0.376133 -1.43041 -10.3923
1.77667e+09   -1.26419 0.0560283   0.24698 0.702829 -1.31315 -9.63534
1.77667e+09    -1.19601 -0.0366497   0.219283 0.599315 -1.18174 -8.46092
1.77667e+09   -1.01492 -0.399905  0.098908   0.54559 -0.967911  -9.09174
1.77667e+09    -1.1566 -0.457429 0.0957122  0.492509 -0.415502  -9.37306
1.77667e+09    -1.3867 -0.465951  0.104234  0.359432 -0.595287  -8.41205
1.77667e+09    -1.5614 -0.531998 0.0978428 0.354951   0.1911 -7.92832
1.77667e+09    -1.5891 -0.529867 0.0999733   0.283381 -0.0189706   -8.22787
1.77667e+09   -1.61466 -0.533063  0.108495   0.306799 -0.0907078   -8.89369
1.77667e+09   -1.62851 -0.549042  0.115952  0.408066 0.0801633  -8.96651
1.77667e+09    -1.6349 -0.566086  0.108495 0.577179 0.106725 -8.25132
1.77667e+09    -1.6381 -0.576739  0.102104 0.575936 0.327674 -7.55759
1.77667e+09   -1.65301 -0.579934  0.104234 0.526678 0.428565 -7.61505
1.77667e+09   -1.67858 -0.588457  0.115952 0.335364 0.147483 -8.51527
1.77667e+09   -1.71373 -0.610827  0.129801 0.352498 0.211569 -9.21026
1.77667e+09   -1.74569 -0.626806   0.12767 0.452261 0.300978 -8.98912
1.77667e+09   -1.7606 -0.62361 0.124474 0.290779 0.304388 -7.79241
1.77667e+09   -1.78297 -0.614023  0.115952 -0.155332  0.145706  -7.19517
1.77667e+09   -1.79682 -0.606566  0.122344  -1.7673 -1.15442 -6.11482
1.77667e+09   -1.79256 -0.611892  0.137258 -3.18644 -4.20241 -3.73198
1.77667e+09   -1.70414 -0.635328   0.14578 -3.15955 -5.70062   -1.599
1.77667e+09   -1.48896 -0.696048   0.14578 -1.24952 -7.55633  2.97535
1.77667e+09  -1.12997 -0.82175 0.138323 0.169835 -7.70438  3.53472
1.77667e+09  -0.667643  -1.02735  0.119148  1.89786 -6.40929 -4.03429
1.77667e+09   -0.17123  -1.31816 0.0871901  1.02742 -4.55825 -23.5522
1.77667e+09  0.301748 -1.62815 0.038188 0.0519834  -3.66506   -35.181
1.77667e+09     0.720397    -1.83269 -0.00974894 -1.17518 -1.84333 -52.9138
1.77667e+09     1.06767   -1.80286 -0.0534248 -0.825149 -0.964394  -55.4972
1.77667e+09     1.31694   -1.49713 -0.0843174 1.94091 1.22852 -46.153
1.77667e+09  -0.525963  0.165751 -0.112014 -1.01086 0.615279 -9.04052
1.77667e+09   0.0546065  0.0357883 -0.0363805 0.191796  1.94942 -7.51945
1.77667e+09   -0.024223  0.0251356 -0.0246626 0.911527 0.694802 -8.89992
1.77667e+09    0.0226486 -0.00469178  0.00303424 -0.164115 -0.330121  -11.4828
1.77667e+09   -0.0103746  -0.0228013 0.000903707 0.201316 0.181211 -10.9496
1.77667e+09   0.00560437  -0.0185402 -0.00442261 0.618569 0.536425 -9.16279
1.77667e+09    0.0109307  0.00809139 -0.00761841  0.84342 0.439081 -8.23969
1.77667e+09   0.00240858   0.0251356 -0.00761841 0.722977 0.288904 -8.76841
1.77667e+09  -0.00185248   0.0134177 0.000903707   0.185171 -0.0624568   -10.8124
1.77667e+09  -0.00185248  -0.0164097  0.00729529  0.0515303 -0.0901085   -11.4562
1.77667e+09    0.011996 -0.0281276 0.00942582 0.158759 0.343899 -10.7853
1.77667e+09   0.0173223 0.00915666  0.0040995  0.115323 -0.323145  -9.67236
1.77667e+09  -0.00291774  0.00169981 -0.00229209  0.47952 0.388118 -8.48117
1.77667e+09  -0.00185248  0.00169981 -0.00548788 0.494138 0.395923 -8.56005
1.77667e+09  -0.0167662 -0.0142792 0.00196897 -0.021107 -0.120821  -11.1764
1.77667e+09  -0.00611354  -0.0121486  0.00196897 -0.254161  0.134934  -11.5559
1.77667e+09   0.00880016 -0.00575704  0.00623003 -0.113156   0.23329  -10.8623
1.77667e+09   0.0183875  0.0112872 0.00516476 0.352574 0.485389  -8.8032
1.77667e+09   0.0194528  0.0208746 0.00836056 0.479351 0.289419 -8.58818
1.77667e+09   0.0130612  0.0123524 0.00196897   0.279927 -0.0995727   -9.38765
1.77667e+09   0.00560437 -0.00575704 -0.00335735 -0.108897  -0.45551  -11.1316
1.77667e+09     0.011996  -0.0185402 -0.00868367 -0.107394 -0.296885  -11.3041
1.77667e+09    0.0151917 -0.00682231 -0.00442261  0.168066 0.0840011  -9.79605
1.77667e+09   0.0183875   0.014483 0.00623003 0.563379 0.290671 -8.10163
1.77667e+09  0.0109307  0.034723 0.0126216 0.606238 0.241089 -8.17325
1.77667e+09  -0.00185248   0.0230051  0.00729529  0.188095 -0.249953  -9.92367
1.77667e+09   -0.0146357 -0.00575704  0.00303424 -0.00230351   -0.395133    -10.8674
1.77667e+09   -0.0157009  -0.0259971 -0.00122682  0.0432337 -0.0442107   -11.0624
1.77667e+09  -0.00824407  -0.0153444 -0.00122682 0.354232 0.448024 -9.32583
1.77667e+09    0.00134331   0.00809139 -0.000161557 0.515963 0.459953 -8.56758
1.77667e+09  0.00134331  0.0208746 0.00516476 0.465618 0.206971 -8.87422
1.77667e+09  -0.00504827  0.00702613   0.0115564  0.203662 0.0411733  -9.82469
1.77667e+09  -0.00185248  -0.0153444  0.00516476 -0.120428  -0.11777  -11.3764
1.77667e+09  0.00666963  -0.021736  0.0040995 0.094017 0.378393 -10.6133
1.77667e+09    0.0226486 -0.00788757 -0.00335735 0.277847 0.658581 -9.61994
1.77667e+09    0.0247791   0.0112872 -0.00335735 0.530075  0.56453 -8.35324
1.77667e+09    0.0141265   0.0155482 -0.00442261  0.47237 0.268916 -8.66683
1.77667e+09  -0.0103746 0.00383034 0.00516476 0.0408307 -0.135249  -10.5321
1.77667e+09  -0.0210272 -0.0100181 0.00836056 -0.0494864  -0.133986    -11.255
1.77667e+09   0.00560437 -0.00256125 -0.00761841  0.41659 0.371656 -8.89614
1.77667e+09  0.0226486 0.0176788 0.0040995 0.614232 0.460918 -8.06678
1.77667e+09   -0.0210272  -0.0302581 0.000903707 0.0502696  0.292146  -10.5053
1.77667e+09   0.00880016 -0.00362651 -0.00868367 0.0349643  0.106996  -10.5116
1.77667e+09  0.00560437  0.0176788  0.0040995 0.522425 0.493009 -8.32426
1.77667e+09  -0.0178314 -0.0110834 0.00623003 -0.113253 -0.194928  -11.5051
1.77667e+09  -0.00611354  -0.0185402  0.00196897 -0.177772 -0.243985   -11.526
1.77667e+09  0.00347384 0.00276507 0.00303424 0.0822195 -0.196038  -10.2098
1.77667e+09   0.00134331   0.0048956 -0.00548788 0.458876 0.502841 -8.52451
1.77667e+09     0.0258444    0.0155482 -0.000161557 0.450738 0.380822 -8.43803
1.77667e+09   0.00986543   0.0304619 -0.00761841 0.529459 0.240064 -8.68848
1.77667e+09  -0.00398301  0.00276507 -0.00442261 0.628575  0.44689  -8.1026
1.77667e+09    -0.0114399    0.0048956 -0.000161557 -0.0300223  -0.231028   -10.8536
1.77667e+09   0.00347384   0.0219398 -0.00442261 0.621155 0.439163 -8.03808
1.77667e+09  -0.00291774   0.0102219  0.00196897  0.137408 -0.349573  -9.89436
1.77667e+09   0.00240858 -0.00788757  0.00942582 -0.0952037  -0.471391   -10.9884
1.77667e+09   0.0183875 -0.0100181 0.00623003  -0.155325 0.00422188   -11.4197
1.77667e+09     0.032236  0.00915666 0.000903707 0.295601 0.219923 -9.27447
1.77667e+09    0.0333012   0.0219398 -0.00335735 0.557678 0.407109 -8.32408
1.77667e+09    0.0173223   0.0240704 -0.00122682 0.544069 0.374122 -8.56736
1.77667e+09  -0.00185248  0.00702613 -0.00229209   0.245295 -0.0399656   -9.60256
1.77667e+09    -0.0103746  -0.00575704 -0.000161557 -0.192716 -0.350934  -11.5112
1.77667e+09  -0.00185248  -0.0110834  0.00303424 -0.0127758   0.282369   -10.8773
1.77667e+09   0.00986543 -0.00149599  0.00303424 0.212218 0.374849 -9.69721
1.77667e+09      0.016257   0.00809139 -0.000161557 0.628074 0.389337 -8.05223
1.77667e+09    0.0077349  0.00915666 -0.00761841 0.607451 0.370826 -8.30985
1.77667e+09  -0.00504827  -0.0100181 -0.00761841 0.0682711 -0.244025  -10.3814
1.77667e+09  -0.00611354  -0.0270623 -0.00442261  -0.14227 -0.308126  -11.5617
1.77667e+09   -0.00504827   -0.0259971 -0.000161557 -0.0205383  0.0491718   -11.0697
1.77667e+09   -0.0114399  -0.0164097 0.000903707 -0.0441052  -0.216259   -10.8894
1.77667e+09   -0.0146357  -0.0164097 -0.00442261 -0.0936897  -0.228548   -11.0324
1.77667e+09  -0.0157009  -0.017475 0.00196897 -0.177291 -0.144396  -11.5049
1.77667e+09   0.00134331  0.00809139 -0.00122682   0.330566 -0.0772635   -9.52405
1.77667e+09  0.00347384 -0.0164097  0.0040995 0.161964 0.311543 -9.73251
1.77667e+09   0.0130612 0.00383034  0.0040995 0.423342 0.433601 -8.68876
1.77667e+09  0.00666963 0.00915666 0.00303424 0.578104 0.221611 -8.33058
1.77667e+09    0.00240858 -0.000430722  -0.00122682   0.365223 -0.0455975   -9.17345
1.77667e+09   0.00134331  -0.0164097 -0.00229209 -0.0864089  -0.291373   -11.1682
1.77667e+09    0.0109307   -0.021736 -0.00335735 -0.0423452  0.0202701   -11.0122
1.77667e+09    0.0173223 -0.00469178 -0.00229209 0.155669  0.27195 -10.0331
1.77667e+09     0.016257   0.0166135 -0.00335735 0.629295  0.48402 -8.24598
1.77667e+09     0.016257   0.0166135 -0.00335735 0.649907 0.327113 -8.25975
1.77667e+09   0.00560437  0.00383034 0.000903707 0.160441 -0.18388 -10.0814
1.77667e+09  0.00453911  -0.017475 0.00303424 -0.163296 -0.229569  -11.5548
1.77667e+09   0.00560437  -0.0142792 -0.00122682  -0.113246 -0.0475841   -11.2765
1.77667e+09   0.00666963  0.00596086 -0.00122682 0.296236 0.397119 -9.17495
1.77667e+09   0.00666963  0.00596086 -0.00122682 0.550647 0.491693 -8.22414
1.77667e+09  -0.00611354    0.014483 -0.00655314 0.535373 0.152292 -8.48046
1.77667e+09  -0.00398301 -0.00469178 -0.00655314 -0.0162654  -0.253741    -10.739
1.77667e+09   0.00453911  -0.0206707 -0.00122682 -0.178144 -0.301168  -11.5115
1.77667e+09    0.0205181  -0.0121486 -0.00229209 -0.0429932  0.0324531   -10.8117
1.77667e+09    0.0205181  -0.0121486 -0.00229209 0.472853  0.47374 -8.48149
1.77667e+09   0.0215833  0.0315272 0.00303424 0.635099 0.459078 -7.90933
1.77667e+09  0.00560437   0.034723  0.0136869   0.393643 -0.0253034    -9.0949
1.77667e+09  -0.0103746  0.0198093  0.0168827  0.089688 -0.216235  -10.3315
1.77667e+09  -0.0146357 0.00169981  0.0115564 -0.205374 -0.177763   -11.698
1.77667e+09  -0.0146357 0.00169981  0.0115564 0.0840485  0.166966   -10.154
1.77667e+09  0.000278048    0.014483 -0.00442261 0.352391 0.379634 -8.91735
1.77667e+09   0.00347384    0.018744 -0.00868367 0.613225 0.317737 -8.00889
1.77667e+09  -0.00504827  0.00383034 -0.00442261  0.464102 0.0412906  -8.70881
1.77667e+09  -0.0135704 -0.0185402 0.00196897 -0.0939572  -0.285434   -11.0464
1.77667e+09  -0.0135704 -0.0185402 0.00196897  -0.212178 -0.0434215    -11.584
1.77667e+09  -0.0146357 -0.0100181 0.00196897 -0.0428899   0.123949   -10.6975
1.77667e+09   -0.0125051   0.0155482 -0.00122682 0.522445 0.450974  -8.3957
1.77667e+09   -0.0146357   0.0272662 -0.00229209 0.671145 0.473656 -7.97401
1.77667e+09   -0.0220925   0.0155482 -0.00122682   0.351844 -0.0147909   -9.38119
1.77667e+09   -0.0220925   0.0155482 -0.00122682 -0.170914 -0.258906  -11.4687
1.77667e+09   -0.0178314  -0.0238665 -0.00868367 -0.205211 -0.121173  -11.6553
1.77667e+09  0.000278048   -0.021736 -0.00335735 0.140787 0.235331 -9.92545
1.77667e+09  -0.0188967  -0.021736 0.00623003 -0.0919765  -0.146492   -11.3836
1.77667e+09   0.0109307 -0.0228013 0.00729529 0.458274 0.473063 -8.40264
1.77667e+09   0.00880016 -0.00362651 -0.00868367 0.499853  0.37774 -8.18761
1.77667e+09  -0.0178314 -0.0323887 0.00729529 -0.127147 -0.123495  -11.5053
1.77667e+09  -0.00930933  -0.0238665  0.00196897 -0.00649229    0.146545    -10.8482
1.77667e+09  -0.00185248   -0.021736  0.00196897 0.0714246  0.305158  -10.4052
1.77667e+09    0.0141265   0.0304619 0.000903707 0.627656 0.282915 -8.10191
1.77667e+09    0.0109307  -0.0206707 -0.00442261   0.358469 -0.0303795   -9.25942
1.77667e+09  0.000278048   0.0262009 -0.00122682 0.0679991 -0.237785  -10.2955
1.77667e+09    0.0109307 -0.00256125 -0.00335735 0.578719 0.440841 -8.15962
1.77667e+09   0.0077349  0.0048956 0.00196897   0.42914 0.0648802  -8.88777
1.77667e+09  -0.000787216  -0.00682231  -0.00335735  0.145411 -0.255998  -9.98788
1.77667e+09  -0.00504827  -0.0291929 -0.00122682 -0.149015 -0.222727  -11.5406
1.77667e+09  -0.00185248   -0.041976 -0.00442261 0.056437 0.163007 -10.4332
1.77667e+09   0.00666963  -0.0302581 -0.00655314 0.310333 0.298207 -9.27486
1.77667e+09   0.0109307 0.00383034   -0.01401 0.642906 0.439844 -8.12412
1.77667e+09   0.00666963   0.0230051 -0.00868367  0.51533 0.296793 -8.64567
1.77667e+09   -0.00824407    0.0176788 -0.000161557 -0.0303222  -0.238898    -10.782
1.77667e+09  -0.0210272 -0.0100181 0.00942582  -0.133918 -0.0381701    -11.477
1.77667e+09  -0.0210272 -0.0238665 0.00836056 0.0148884  0.195278  -10.7554
1.77667e+09    -0.0125051   -0.0196055 -0.000161557 0.551407 0.444753  -8.5104
1.77667e+09  -0.00611354 -0.00149599 -0.00868367  0.70645 0.387903 -7.98815
1.77667e+09  -0.00398301  0.00169981  -0.0118795    0.387188 -0.00221475    -9.25251
1.77667e+09   -0.0103746  -0.0121486 -0.00229209 -0.114256 -0.310036  -11.4043
1.77667e+09  -0.0103746 -0.0270623  0.0040995 -0.155945 -0.257118   -11.655
1.77667e+09  -0.00611354  -0.0238665  0.00623003 0.155458 0.243284 -10.0186
1.77667e+09  0.00347384 0.00276507 0.00196897 0.416706  0.45617 -8.79624
1.77667e+09  0.00240858  0.0251356 0.00196897 0.613159 0.310534  -8.0017
1.77667e+09  -0.00398301   0.0304619  0.00303424 0.0961178 -0.134163  -10.0025
1.77667e+09    -0.0114399    0.0112872 -0.000161557 -0.129149 -0.234439  -11.1181
1.77667e+09  -0.00824407  -0.0100181 -0.00655314 -0.141815 -0.117413  -11.3907
1.77667e+09   0.00347384  -0.0164097 -0.00868367 0.0848887  0.134285  -10.4404
1.77667e+09     0.0130612  -0.00256125 -0.000161557 0.658205 0.582885 -8.18208
1.77667e+09   0.0109307  0.0134177 0.00836056  0.64943 0.164398 -8.38082
1.77667e+09  -0.00504827  0.00915666   0.0147521  0.344581 -0.113272  -9.50249
1.77667e+09  -0.0231578 -0.0121486 0.00623003 -0.169743 -0.150335  -11.6267
1.77667e+09  -0.0071788 -0.0110834 0.00836056 -0.0985686  -0.179919   -11.5911
1.77667e+09  -0.0146357  0.0102219  0.0115564 -0.00799924   -0.236587    -11.0256
1.77667e+09  0.0173223 0.0240704 0.0040995 0.592807 0.271748 -8.36666
1.77667e+09  -0.00824407  -0.0153444  0.00196897 -0.14237 -0.28035 -11.4902
1.77667e+09    -0.0071788   -0.0334539 -0.000161557 0.000156339    0.116995     -10.755
1.77667e+09    0.0151917 -0.00895284  0.00303424 0.558021 0.450181 -8.35291
1.77667e+09     0.0215833    0.0219398 -0.000161557 0.678111 0.487103 -7.90249
1.77667e+09  0.00453911  0.0251356 0.00516476   0.336918 -0.0866124   -9.31637
1.77667e+09  -0.0178314 0.00702613 0.00836056 0.0256155 -0.327158  -10.5742
1.77667e+09   -0.024223  -0.017475 0.00836056  -0.22646 -0.155499  -11.7625
1.77667e+09   -0.0103746  -0.0196055 -0.00122682 0.183529 0.192433 -9.95412
1.77667e+09    0.0109307 -0.00149599 -0.00761841 0.473179 0.390485 -8.70315
1.77667e+09     0.011996   0.0176788 -0.00761841 0.642712 0.446306  -8.0597
1.77667e+09  0.000278048    0.014483 -0.00761841 0.443684 0.100536 -8.90231
1.77667e+09   -0.0135704  -0.0132139 -0.00868367 -0.0725593  -0.398008   -11.2108
1.77667e+09   -0.0146357  -0.0302581 -0.00229209 -0.133384 0.0615668  -11.4702
1.77667e+09   -0.00398301   -0.0185402 -0.000161557 0.0710334  0.198811   -10.462
1.77667e+09   0.00666963   0.0155482 -0.00335735 0.585847 0.405644 -8.20963
1.77667e+09   0.00986543   0.0389841 -0.00442261 0.649798 0.481142 -7.98826
1.77667e+09   0.00240858   0.0240704 -0.00548788  0.223848 -0.095902  -9.68816
1.77667e+09  -0.00291774 -0.00682231   0.0040995 -0.185126 -0.335707  -11.6115
1.77667e+09  -0.0071788 -0.0249318 0.00836056  -0.169062 -0.0150994   -11.6058
1.77667e+09  -0.00291774 -0.00895284   0.0040995 0.211682 0.352275 -9.58254
1.77667e+09  0.000278048   0.0198093 -0.00655314 0.649256 0.416459 -7.93786
1.77667e+09   0.00347384   0.0421799 -0.00974894 0.614429 0.377293 -8.25263
1.77667e+09   0.00453911   0.0336577 -0.00868367 0.0539327 -0.293124  -10.4456
1.77667e+09    0.00880016   0.00383034 -0.000161557 -0.129466 -0.459836  -11.3821
1.77667e+09   0.0151917 -0.0228013  0.0104911 -0.0201389   0.120465     -11.07
1.77667e+09  0.00560437  0.0421799 0.00516476  0.344316 -0.050887  -9.33087
1.77667e+09  -0.0146357 0.00809139  0.0040995 0.0611564 -0.201772  -10.3243
1.77667e+09  -0.00185248  -0.0270623 -0.00122682 -0.141168 -0.038397  -11.4483
1.77667e+09  -0.00398301  -0.0259971 -0.00229209 -0.0632312  -0.118253   -11.3839
1.77667e+09  0.00880016  0.0176788 0.00196897  0.55814 0.562768 -8.21015
1.77667e+09    0.0269097   0.0208746 -0.00548788 0.458244 0.444917 -8.43833
1.77667e+09  -0.00930933  -0.0398455   0.0136869   -0.11281 -0.0884328   -11.4625
1.77667e+09    0.0215833   0.0325925 -0.00761841 0.550082 0.349773   -8.288
1.77667e+09  -0.00930933   -0.017475  0.00303424 -0.171173 -0.350847  -11.5399
1.77667e+09  0.00134331 -0.0206707 0.00623003 -0.0494395   0.020488   -11.0265
1.77667e+09  0.000278048  -0.0409108 -0.00229209 0.197333 0.324193   -9.611
1.77667e+09  -0.00185248  0.00169981  0.00516476 0.557207 0.286503 -8.38087
1.77667e+09  -0.0178314 -0.0313234 0.00623003 0.0505664  0.180745  -10.7626
1.77667e+09  -0.00291774  0.00596086 0.000903707 0.727633 0.415026 -7.87379
1.77667e+09    0.0194528  0.00702613 -0.00229209  0.224317 -0.185767  -9.95992
1.77667e+09   0.00240858  -0.0153444 0.000903707 -0.148511 -0.242336  -11.7124
1.77667e+09  -0.00291774  -0.0228013  0.00623003 -0.0911871 -0.0740864   -11.4913
1.77667e+09   0.00347384 -0.00895284  0.00836056 0.317626 0.319599 -9.28215
1.77667e+09  0.00880016 0.00276507 0.00303424 0.699083 0.394361 -7.91653
1.77667e+09    0.00240858  -0.00575704 -0.000161557  0.59955 0.172312 -8.40925
1.77667e+09   -0.00930933   -0.0270623 -0.000161557 -0.00935864   -0.296587    -10.7389
1.77667e+09   -0.0157009  -0.0387802 -0.00122682 -0.163695 -0.300862  -11.5545
1.77667e+09  -0.00930933  -0.0238665 0.000903707 0.0220234  0.110991   -10.884
1.77667e+09    0.0077349 -0.00362651  0.00196897 0.0711691  0.241291  -10.4336
1.77667e+09  -0.0157009 -0.0185402 0.00942582 -0.177146 -0.228169  -11.6765
1.77667e+09   0.00986543  -0.0110834 -0.00122682 0.013945 0.136464 -10.5832
1.77667e+09   0.00666963   -0.021736 -0.00229209 -0.0782571  0.0341357   -10.9404
1.77667e+09   -0.0146357  -0.0121486 -0.00335735 -0.107818 -0.263017  -11.1324
1.77667e+09   -0.0135704  -0.0281276 -0.00335735 -0.212698 -0.241338  -11.7479
1.77667e+09  -0.00291774   -0.017475  0.00196897 0.0278801 0.0861969  -10.5616
1.77667e+09  0.00453911  0.0134177 0.00623003  0.31755 0.333413 -9.23924
1.77667e+09   0.0077349   0.034723 0.00942582 0.706295 0.492694 -7.78091
1.77667e+09  0.00240858  0.0304619  0.0040995  0.386713 -0.150893  -9.35215
1.77667e+09  -0.00398301   0.0048956  0.00623003  0.104541 -0.298961  -10.6177
1.77667e+09  -0.00824407  -0.0153444   0.0115564  -0.176126 -0.0779337   -11.7272
1.77667e+09  0.000278048 -0.00788757  0.00729529 -0.0562961  0.0494458   -11.0623
1.77667e+09   0.00666963   0.0112872 -0.00122682 0.508839 0.432024 -8.61756
1.77667e+09  0.00347384  0.0198093 -0.0108142 0.635749 0.460931 -8.08837
1.77667e+09   -0.0125051  0.00276507 -0.00655314  0.407815 0.0443682  -8.95203
1.77667e+09   -0.0231578  -0.0238665 -0.00442261 -0.136695 -0.396862  -11.2606
1.77667e+09   -0.0220925  -0.0398455 -0.00122682 -0.248044 -0.176752  -11.7551
1.77667e+09  -0.0071788 -0.0238665 0.00942582 0.034724 0.155419 -10.3686
1.77667e+09   0.0077349  0.0048956 0.00729529 0.61448 0.46864 -8.1241
1.77667e+09   0.0077349  0.0166135 0.00303424 0.692998 0.551795 -7.96728
1.77667e+09  0.000278048  0.00596086 -0.00868367  0.216656 -0.145071  -9.75237
1.77667e+09  -0.00930933  -0.0121486 -0.00761841 -0.206539 -0.335424  -11.6186
1.77667e+09   0.00134331  -0.0121486 -0.00761841  -0.16907 0.0199543  -11.5486
1.77667e+09     0.011996  0.00383034 -0.00229209 0.239534 0.307812 -9.44643
1.77667e+09     0.0183875    0.0251356 -0.000161557 0.507304 0.322414 -8.35929
1.77667e+09  0.00986543   0.034723 0.00729529 0.600155 0.321361 -8.34542
1.77667e+09  0.000278048   0.0198093  0.00623003 0.0182276 -0.383901  -10.5954
1.77667e+09  -0.00398301 -0.00469178  0.00942582 -0.172274 -0.515341  -11.4891
1.77667e+09  0.00134331 -0.0142792  0.0040995 -0.0272954   0.141552   -11.0342
1.77667e+09  -0.0103746 0.00915666 0.00303424  0.216624 -0.187254  -9.80948
1.77667e+09  -0.000787216   -0.0313234  -0.00761841 0.000146184    0.138012    -10.7192
1.77667e+09   0.00134331  -0.0302581 -0.00122682 -0.0218426   0.108591   -10.6116
1.77667e+09   -0.0114399  -0.0185402 -0.00335735 -0.205262  -0.21252  -11.7838
1.77667e+09   0.00666963   0.0048956 -0.00655314 0.563497 0.101589 -8.43026
1.77667e+09  -0.00185248  -0.0313234 -0.00655314 0.459796 0.484418 -8.81089
1.77667e+09  0.00347384 -0.0132139 0.00196897 0.542591 0.397969 -8.11629
1.77667e+09   0.00453911  0.00596086 -0.00442261 0.528444  0.41957 -8.12348
1.77667e+09   0.00453911  -0.0132139 -0.00442261 -0.0640589   0.103881   -10.8047
1.77667e+09   0.00347384   0.0432451 -0.00761841      0.274 -0.0188561   -9.60279
1.77667e+09  -0.00504827   0.0198093 -0.00974894 -0.163593 -0.314602  -11.6046
1.77667e+09  -0.00504827  -0.0121486 -0.00548788 -0.162862 -0.193255  -11.6194
1.77667e+09   0.00453911   -0.017475 -0.00122682 0.219182 0.374261 -9.64712
1.77667e+09    0.0183875 -0.00256125 -0.00442261 0.480241 0.530482 -8.46028
1.77667e+09    0.0226486   0.0219398 -0.00335735  0.61319 0.247482 -8.10886
1.77667e+09     0.016257   0.0198093 -0.00122682 0.0757649 -0.172949  -10.3674
1.77667e+09  -0.000787216  -0.00362651    0.0040995 -0.178042 -0.223709  -11.4187
1.77667e+09  -0.00930933  -0.0259971  0.00836056 -0.177244 0.0100774  -11.2764
1.77667e+09  -0.0114399 -0.0185402 0.00729529 0.084356 0.230982   -10.14
1.77667e+09  -0.00398301  0.00809139  0.00516476 0.643035 0.531414 -8.01708
1.77667e+09  -0.00504827   0.0293967 -0.00335735  0.543095 0.0907267  -8.73805
1.77667e+09  -0.00611354   0.0230051 -0.00442261  0.266875 -0.243219  -9.95989
1.77667e+09  -0.00930933 -0.00895284 -0.00335735 -0.148334 -0.283926  -11.8268
1.77667e+09  -0.00291774  -0.0441066 -0.00122682   -0.14063 -0.0929854   -11.6844
1.77667e+09   0.00986543  -0.0504981 0.000903707  0.31051 0.256617 -9.38927
1.77667e+09    0.0194528  -0.0206707 0.000903707 0.664088 0.558165 -7.86691
1.77667e+09    0.0141265   0.0112872 -0.00122682 0.543173 0.378582 -8.30957
1.77667e+09  -0.00185248   0.0112872 -0.00335735 -0.00282604   -0.319453    -10.6028
1.77667e+09   -0.0167662  -0.0142792 -0.00229209 -0.178078 -0.293964  -11.5186
1.77667e+09  -0.0146357  -0.037715 0.00303424 -0.0910313   0.213992   -11.0843
1.77667e+09  -0.00291774  -0.0302581  0.00303424 0.451267 0.347251 -8.63841
1.77667e+09    0.0130612 -0.00256125 -0.00122682 0.649402 0.437921 -7.94511
1.77667e+09     0.0130612    0.0219398 -0.000161557 0.422505 0.101486 -8.97383
1.77667e+09   0.00347384   0.0208746 0.000903707 0.0958211 -0.310395  -10.1951
1.77667e+09  -0.00504827 -0.00256125  0.00516476 -0.220214 -0.284416  -11.7118
1.77667e+09  -0.00291774   0.0230051  0.00196897   0.309216 0.00738569   -9.41688
1.77667e+09   0.0141265  0.0283314 0.00516476 0.599801  0.49574 -7.97375
1.77667e+09  -0.0114399 -0.0153444 -0.0118795 -0.0866587  -0.313132   -11.1323
1.77667e+09    0.0109307 -0.00682231 -0.00974894 0.331686 0.424028 -9.05349
1.77667e+09   0.0151917  0.0208746 0.00516476 0.634423 0.260716 -8.03024
1.77667e+09   0.0151917  0.0198093 0.00942582   0.393282 0.00173131   -8.95179
1.77667e+09  0.000278048 -0.00575704   0.0126216 -0.156773 -0.231418  -11.3829
1.77667e+09  -0.0135704 -0.0313234 0.00303424 -0.241117 -0.261632  -11.8264
1.77667e+09   -0.0114399  -0.0323887 -0.00335735 0.0917789  0.161547  -10.3259
1.77667e+09  -0.00291774 -0.00575704 -0.00548788 0.636392 0.603074 -8.04599
1.77667e+09  0.000278048   0.0240704  0.00303424 0.677596 0.422494 -7.85925
1.77667e+09   -0.0103746   0.0251356 -0.00229209  0.187739 -0.194846   -9.7377
1.77667e+09   -0.0263536 0.000634542  0.00623003 -0.0868331  -0.257505   -10.9965
1.77667e+09  -0.0284841 -0.0270623 0.00623003  -0.233546 -0.0991354   -11.6911
1.77667e+09  -0.0125051 -0.0270623  0.0104911 0.232715 0.329862 -9.50377
1.77667e+09   0.00666963 -0.00469178  0.00196897 0.523034 0.578932 -8.36043
1.77667e+09     0.016257   0.0198093 -0.00229209 0.592247 0.263135  -8.2234
1.77667e+09    0.0077349   0.0198093 -0.00974894  0.329404 -0.115653  -9.25892
1.77667e+09  -0.00185248 0.000634542  -0.0118795 -0.170668  -0.26522  -11.5474
1.77667e+09   -0.0071788  -0.0196055 -0.00761841 -0.105737 0.0445831   -11.234
1.77667e+09  0.00134331 -0.0132139 0.00729529 0.112312 0.186816 -10.0325
1.77667e+09    0.016257   0.014483 0.00623003 0.600109 0.559756  -7.9597
1.77667e+09     0.0173223    0.0389841 -0.000161557 0.614146 0.495749 -7.98815
1.77667e+09   0.00240858   0.0368535 -0.00655314 0.0888357 -0.176573  -10.0309
1.77667e+09   -0.0167662  0.00596086 0.000903707  -0.21259 -0.212969  -11.7337
1.77667e+09   -0.024223  -0.021736 0.00623003 -0.119345 0.0115962  -11.4772
1.77667e+09  -0.0114399 -0.0206707 0.00196897 0.331766 0.347088  -9.1964
1.77667e+09  0.000278048 0.000634542 -0.00442261 0.585809 0.412551 -8.18818
1.77667e+09   0.00347384   0.0176788 -0.00335735 0.571518 0.230292  -8.4738
1.77667e+09   -0.0103746  0.00809139 -0.00442261 -0.0375662  -0.288215   -10.8319
1.77667e+09   0.00240858 0.000634542 -0.00229209 0.417654 0.648292 -8.76123
1.77667e+09  -0.00185248   0.0251356 -0.00442261 0.528326 0.124585 -8.55193
1.77667e+09   0.00453911    0.014483 -0.00229209 0.620991 0.382573 -8.08081
1.77667e+09    0.0173223   0.0262009 -0.00974894 0.528973   0.2948  -8.4667
1.77667e+09   0.00134331  -0.0100181 -0.00122682 0.479666  0.40958 -8.48842
1.77667e+09   0.0077349  0.0155482 0.00303424 0.649584 0.529639  -7.8524
1.77667e+09  0.00240858  0.0208746  0.0126216  0.372331 0.0524388  -9.00918
1.77667e+09  -0.00504827  0.00169981   0.0179479 -0.193474 -0.381157  -11.3463
1.77667e+09  -0.00291774  -0.0185402   0.0179479 -0.290753 -0.168834  -11.7907
1.77667e+09   0.0077349 -0.0164097 0.00623003 0.0421176  0.254271  -10.2831
1.77667e+09    0.0183875   0.0102219 -0.00761841 0.352559 0.373098 -8.97461
1.77667e+09   0.0141265  0.0304619 -0.0118795 0.699864  0.50182 -7.96711
1.77667e+09    0.0077349   0.0272662 -0.00974894  0.231049 -0.172986  -9.82394
1.77667e+09    -0.0220925   -0.0185402 -0.000161557 -0.169956 -0.284236  -11.7765
1.77667e+09   0.0151917 0.00809139  0.0104911 0.591883 0.262098 -8.12313
1.77667e+09  -0.0103746  -0.041976 0.00303424  -0.099622 0.00649431   -11.0047
1.77667e+09  -0.00611354 -0.00788757  0.00836056 0.182135 0.258611 -9.46026
1.77667e+09  -0.000787216    0.0176788   -0.0108142 0.692151 0.437133 -7.90951
1.77667e+09  -0.00185248   0.0166135 -0.00548788 0.315749 -0.10668  -9.4236
1.77667e+09    -0.0114399  0.000634542 -0.000161557 0.0113691 -0.368979  -10.6528
1.77667e+09   -0.0114399  -0.0142792 -0.00229209  -0.24829 -0.170438  -11.6764
1.77667e+09   -0.00611354   -0.0142792 -0.000161557 0.0836877    0.2852  -9.86808
1.77667e+09  0.00880016  0.0048956  0.0040995 0.401785 0.426458 -8.66714
1.77667e+09    0.011996  0.0230051 0.00303424  0.64248 0.368476 -8.11666
1.77667e+09  0.00453911  0.0240704  0.0040995 0.422701  0.10906 -9.01683
1.77667e+09  -0.0167662 0.00276507 0.00516476 -0.0933948  -0.353985   -11.3111
1.77667e+09  -0.0220925 -0.0206707 0.00623003 -0.0914237 0.00240902   -11.3055
1.77667e+09   -0.0114399  -0.0164097 -0.00548788 0.0992784  0.274731  -10.2477
1.77667e+09  0.000278048  0.00383034 -0.00974894 0.621367 0.467829 -8.05252
1.77667e+09   0.00453911   0.0219398 -0.00868367 0.670364 0.366196 -7.92344
1.77667e+09  -0.00824407    0.014483 -0.00229209  0.160167 -0.100477  -9.87402
1.77667e+09   -0.0146357 -0.00682231 -0.00122682 -0.22738 -0.33351 -11.7832
1.77667e+09  -0.0114399 -0.0185402 0.00942582 -0.177077 -0.192893  -11.6408
1.77667e+09  0.000278048  -0.0132139  0.00836056 0.275667 0.392793 -9.42547
1.77667e+09   0.0077349 0.00915666  0.0040995 0.677718 0.457919 -7.83792
1.77667e+09   0.00347384   0.0112872 -0.00122682 0.592269 0.235137 -8.27341
1.77667e+09  -0.00291774 -0.00362651  0.00196897 -0.00882356   -0.182814    -10.7107
1.77667e+09  -0.00185248  -0.0249318  0.00303424 -0.220104  -0.24201  -11.6762
1.77667e+09   0.00453911  -0.0270623 -0.00761841  -0.120557 -0.0129056   -11.1764
1.77667e+09   0.00986543 -0.00682231 -0.00548788 0.451999 0.482635 -8.63181
1.77667e+09   0.00666963   0.0166135 -0.00229209 0.656754 0.515607 -7.88102
1.77667e+09  -0.00398301   0.0251356   0.0040995  0.457156 -0.014192  -8.85178
1.77667e+09  -0.00930933  0.00596086  0.00516476  0.153249 -0.233048  -10.1456
1.77667e+09  -0.0114399 -0.0206707 0.00942582 -0.219119  -0.16203  -11.8269
1.77667e+09  -0.000787216   -0.0323887   0.00942582 0.0632955  0.148085  -10.3759
1.77667e+09    0.00880016   -0.0132139 -0.000161557 0.367086 0.373626 -9.03913
1.77667e+09    0.0130612   0.0123524 -0.00548788  0.69962 0.522171 -7.86694
1.77667e+09   -0.0167662  -0.0196055 -0.00442261 -0.000175241    0.0669407     -10.7404
1.77667e+09  -0.00185248    0.014483  0.00942582  0.294682 -0.140486   -9.5809
1.77667e+09   -0.0071788  -0.0238665 -0.00655314 -0.0416078  0.0925275   -11.1056
1.77667e+09  -0.00291774  -0.0249318   0.0115564 0.233059 0.372935  -9.5326
1.77667e+09    0.0173223   0.0357883 -0.00335735  0.64317 0.468658 -8.15289
1.77667e+09    0.0183875   0.0432451 -0.00122682 0.635689 0.299402 -8.32402
1.77667e+09    0.011996  0.0262009 0.00196897 0.0187095 -0.375511  -10.7172
1.77667e+09    0.00134331  -0.00575704 -0.000161557 -0.177754 -0.300056  -11.6189
1.77667e+09  -0.00398301   -0.017475 -0.00122682 -0.0555372   0.184904   -11.0629
1.77667e+09    -0.0125051  -0.00362651 -0.000161557 0.204768 0.247776 -9.81123
1.77667e+09   -0.0178314   0.0198093 0.000903707 0.706827 0.487195 -7.93844
1.77667e+09   -0.0295494   0.0240704 0.000903707  0.444242 0.0951117    -9.067
1.77667e+09    0.0130612    0.014483 -0.00229209 0.670581 0.240537 -8.18072
1.77667e+09  -0.00185248  -0.0249318 0.000903707 -0.078207 0.0202476  -10.9762
1.77667e+09   -0.0125051 -0.00788757  0.00942582 -0.112932 -0.123857  -11.4839
1.77667e+09  -0.0178314 0.00276507 0.00303424 0.0400692 -0.193544  -10.4101
1.77667e+09   0.00986543   0.0112872 -0.00548788 0.635035 0.465911 -7.88071
1.77667e+09  -0.00185248  0.00915666  0.00196897 -0.00933902   -0.247423    -10.6675
1.77667e+09  0.00240858  0.0155482 0.00836056 0.621346 0.509864 -7.98108
1.77667e+09  -0.00824407  -0.0313234  0.00196897 -0.241534  -0.17162   -11.569
1.77667e+09    0.0269097 -0.00469178 -0.00548788 0.628799 0.468575 -8.13133
1.77667e+09    0.0194528   0.0198093 -0.00335735 0.691663 0.386634 -7.85201
1.77667e+09    0.0109307   0.0112872 -0.00122682 0.556718 0.130769 -8.48764
1.77667e+09  -0.00185248   -0.017475  0.00303424 -0.0297782  -0.251378   -10.9538
1.77667e+09  -0.00504827  -0.0345192   0.0040995 -0.212684 -0.234283  -11.7407
1.77667e+09  0.000278048  -0.0196055 -0.00442261  -0.04969 0.0899282  -10.8477
1.77667e+09    0.0109307    0.014483 -0.00655314 0.529715 0.500365 -8.35298
1.77667e+09    0.00666963    0.0293967 -0.000161557 0.677987 0.528842 -7.80241
1.77667e+09  -0.00398301    0.014483  0.00303424   0.350641 -0.0743463   -9.13745
1.77667e+09  -0.00930933   -0.021736   0.0040995 0.0465606 -0.328775  -10.4383
1.77667e+09  -0.00291774  -0.0441066 -0.00122682 -0.233308 -0.161595  -11.8555
1.77667e+09    0.00880016   -0.0302581 -0.000161557 0.133823  0.14472 -10.1184
1.77667e+09   0.0141265 0.00596086  0.0040995 0.444666 0.348877 -8.78877
1.77667e+09  0.00666963  0.0325925 0.00303424 0.685244 0.479978 -7.90966
1.77667e+09   -0.00291774    0.0304619 -0.000161557 0.471861 0.155217 -8.70216
1.77667e+09   -0.00824407    0.0048956 -0.000161557 -0.130202 -0.426858  -11.1245
1.77667e+09  -0.00185248  -0.0142792   0.0040995 -0.211804  0.027798  -11.5771
1.77667e+09  0.00560437 -0.0110834  0.0115564 -0.0141631   0.208259   -10.6049
1.77667e+09  0.00986543 0.00702613  0.0104911 0.557629 0.435033 -8.26691
1.77667e+09  0.00134331  0.0208746 0.00623003 0.685374 0.480349 -7.94547
1.77667e+09  -0.00398301   0.0123524 -0.00122682   0.323561 -0.0838042   -9.57412
1.77667e+09  -0.000787216   -0.0110834   0.00196897 -0.106993 -0.407989  -11.5901
1.77667e+09     0.0173223   -0.0206707 -0.000161557 -0.0910007  -0.136694   -11.6415
1.77667e+09    0.0269097 -0.00682231 -0.00122682 0.248165 0.431239 -9.66898
1.77667e+09   0.0205181  0.0155482 -0.0118795 0.515757 0.473396 -8.48886
1.77667e+09   0.00666963   0.0240704 -0.00229209 0.663914 0.326159 -8.18104
1.77667e+09  -0.0135704 0.00383034 0.00303424 0.0902237 -0.193661  -10.4462
1.77667e+09   -0.019962 -0.0206707  0.0115564 -0.129136 -0.423818  -11.4181
1.77667e+09  -0.0157009 -0.0291929 0.00623003 -0.0636098 -0.0351473   -11.1479
1.77667e+09  -0.00291774  -0.0110834  0.00623003 0.381226 0.492314 -8.81054
1.77667e+09  0.000278048   0.0123524 0.000903707 0.592757  0.48207 -8.02379
1.77667e+09    0.00666963    0.0123524 -0.000161557  0.210284 -0.184886  -10.0315
1.77667e+09  0.000278048   0.0230051  0.00196897 0.613608 0.262704 -8.20202
1.77667e+09   -0.0071788 0.000634542   0.0168827 0.0402658 -0.277169   -10.596
1.77667e+09  0.00134331 0.00915666  0.0158174   0.259336 -0.0758999   -9.58816
1.77667e+09   0.0109307 -0.0291929 0.00196897 0.183279 0.261873 -9.77538
1.77667e+09     0.016257  0.00169981 -0.00442261 0.685569 0.579122 -7.84562
1.77667e+09   0.00986543   0.0315272 -0.00868367   0.429184 0.00888321    -8.9878
1.77667e+09  -0.00185248   0.0379188 0.000903707  0.117958 -0.245476  -10.2886
1.77667e+09  -0.0146357   0.014483  0.0115564  -0.211388 -0.0622148   -11.8345
1.77667e+09   -0.0146357 -0.00895284  0.00942582 -0.133325   0.11786  -11.3988
1.77667e+09  -0.00185248  -0.0121486 -0.00335735 0.381294 0.422354 -8.93915
1.77667e+09   0.00986543   0.0048956 -0.00655314 0.671123 0.501654   -7.924
1.77667e+09   0.00986543   0.0155482 -0.00335735 0.492948 0.146989  -8.6163
1.77667e+09  -0.00504827   0.0123524  0.00516476 -0.0950718  -0.456984   -11.0028
1.77667e+09  -0.0125051 -0.0100181 0.00836056 -0.227612 -0.320141  -11.6973
1.77667e+09  -0.0114399 -0.0249318  0.0115564 -7.90134e-06     0.151603     -10.6549
1.77667e+09  0.00240858 -0.0164097  0.0040995 0.571846 0.448708 -8.22407
1.77667e+09     0.0109307    0.0102219 -0.000161557 0.713945 0.564214 -7.80989
1.77667e+09   0.00986543   0.0283314 -0.00122682    0.3593 0.0631918  -9.34574
1.77667e+09  -0.00611354   0.0219398  0.00303424 0.0400642 -0.326852  -10.6173
1.77667e+09    -0.019962  0.00383034 -0.00122682 -0.169592 -0.191999  -11.7339
1.77667e+09   -0.0157009 -0.00469178 -0.00442261 0.176722 0.298702 -9.88292
1.77667e+09   0.00666963  0.00596086 -0.00122682 0.444518 0.404578  -8.6601
1.77667e+09   0.0269097  0.0251356 0.00623003 0.606803 0.383009 -8.10939
1.77667e+09   0.0269097  0.0304619 0.00729529 0.386983 0.116464 -9.00952
1.77667e+09  0.00986543  0.0102219 0.00303424 -0.157834 -0.388783  -11.3322
1.77667e+09  -0.00611354  -0.0153444 0.000903707 -0.0844092 -0.0120676   -11.2911
1.77667e+09  -0.00611354  -0.0249318 -0.00229209 0.106454 0.302808  -10.212
1.77667e+09  -0.00185248 -0.00469178 0.000903707 0.571382 0.475446 -8.05231
1.77667e+09   0.00453911    0.018744 -0.00229209 0.620391 0.366832 -7.93752
1.77667e+09  -0.00291774  -0.0121486 -0.00655314 0.245747  0.22791 -9.31006
1.77667e+09  -0.0071788 -0.0281276  0.0040995 0.0141929  0.144186  -10.6406
1.77667e+09    0.00347384 -0.000430722  -0.00335735 0.642343 0.508395 -7.85944
1.77667e+09  0.00880016   0.034723  0.0040995 0.671209 0.466823 -8.00263
1.77667e+09    0.0173223   0.0389841 -0.00122682  0.493223 0.0635863  -8.82363
1.77667e+09   -0.0103746   0.0155482 0.000903707 0.0542783 -0.236015   -10.453
1.77667e+09   0.00986543  -0.0121486 -0.00122682 0.500915 0.352707 -8.52409
1.77667e+09  0.000278048  -0.0228013  0.00303424 -0.176843 -0.101027  -11.5624
1.77667e+09   0.0151917  0.0230051 -0.0118795 0.648725 0.330758 -7.92318
1.77667e+09  0.00240858 -0.0259971 0.00729529 0.0986932  0.174846  -10.2401
1.77667e+09    0.0077349 -0.00469178  0.00623003 0.621459 0.475107 -8.06687
1.77667e+09  0.00347384 -0.0110834 0.00303424 0.635139 0.466207 -7.90935
1.77667e+09    -0.0125051   -0.0270623 -0.000161557 -1.35861e-05     0.109494     -10.7191
1.77667e+09  -0.00611354  -0.0238665 0.000903707  -0.21981 -0.276248  -11.8121
1.77667e+09   -0.0157009  -0.0153444 -0.00229209 -0.163935 -0.343639  -11.5543
1.77667e+09  0.000278048    0.018744 -0.00761841 -0.0223997  -0.264817   -11.0397
1.77667e+09   0.00347384 -0.00149599 -0.00761841 0.444817 0.503647 -8.58889
1.77667e+09  -0.0146357  -0.037715 0.00623003 -0.205547   -0.1081  -11.5408
1.77667e+09   0.00666963 -0.00149599 -0.00868367 0.550213 0.455379 -8.15954
1.77667e+09  -0.00611354   -0.021736 -0.00229209 -0.199357 -0.265238  -11.5187
1.77667e+09  -0.000787216    -0.017475  0.000903707 -0.0566506   0.118589    -10.855
1.77667e+09  0.00666963 0.00809139 0.00303424 0.487126 0.424436 -8.55297
1.77667e+09  0.00880016  0.0304619 0.00942582 0.664093 0.495039 -7.96691
1.77667e+09  0.000278048   0.0230051  0.00623003 0.437427 0.145235  -9.0815
1.77667e+09  -0.00824407 -0.00362651 0.000903707  0.118477 -0.152794   -10.289
1.77667e+09   -0.0125051  -0.0313234 -0.00548788 -0.198549 -0.248904  -11.7192
1.77667e+09  -0.00398301  -0.0270623 -0.00122682 0.0489862  0.218332  -10.2615
1.77667e+09   0.00880016 0.000634542 -0.00335735  0.33125 0.373678 -9.01031
1.77667e+09    0.0130612   0.0208746 0.000903707 0.699321 0.423101 -7.93814
1.77667e+09   0.00560437   0.0176788 0.000903707  0.57208 0.252941 -8.59564
1.77667e+09  -0.0071788 -0.0121486 0.00942582 -0.0300717  -0.308339   -10.9607
1.77667e+09  -0.00824407  -0.0334539  0.00942582 -0.191152 -0.121979  -11.5909
1.77667e+09  0.00134331 -0.0313234  0.0136869 -0.0424144   0.181428   -10.7407
1.77667e+09   0.0109307 -0.0142792 0.00623003 0.536702 0.471778 -8.35289
1.77667e+09  0.00880016 0.00383034 0.00196897 0.713182 0.400684 -7.85218
1.77667e+09  -0.000787216  -0.00469178  -0.00335735  0.408905 0.0334456  -9.27425
1.77667e+09    -0.0114399   -0.0206707 -0.000161557 -0.113972 -0.323257  -11.5045
1.77667e+09   -0.0114399  -0.0355844 0.000903707 -0.184402 -0.270505  -11.7121
1.77667e+09  0.000278048  -0.0238665 -0.00548788 0.112945 0.349975 -9.95443
1.77667e+09     0.011996   0.0048956 -0.00761841 0.395354 0.526783 -8.71049
1.77667e+09    0.0183875   0.0262009 -0.00548788 0.612772 0.232259 -8.01569
1.77667e+09   0.00666963   0.0198093 -0.00229209  0.110689 -0.189632   -10.167
1.77667e+09  -0.00185248  -0.0121486 -0.00868367 -0.128805 -0.282565  -11.2898
1.77667e+09  -0.00504827  -0.0313234  -0.0118795 -0.177523 -0.131027  -11.4191
1.77667e+09  0.00666963  -0.021736 -0.0108142 0.0134047  0.177016  -10.3686
1.77667e+09     0.011996  0.00596086 -0.00442261 0.579379 0.618112 -8.06726
1.77667e+09    0.0130612   0.0230051 -0.00442261 0.549256 0.101876 -8.44452
1.77667e+09  -0.00398301  -0.0142792  0.00303424   0.18764 -0.349468  -9.95189
1.77667e+09  0.00986543 0.00596086 0.00303424 0.408488 0.123458 -9.01682
1.77667e+09  0.00666963 -0.0196055 0.00303424  0.38812 0.456449  -8.7961
1.77667e+09   0.0247791 0.00169981  0.0040995 0.550513 0.463249 -8.23118
1.77667e+09  -0.00504827   0.0134177   0.0115564  0.153531 -0.169106  -10.1243
1.77667e+09  -0.00398301 -0.00469178   0.0126216 -0.212758 -0.206433  -11.6764
1.77667e+09  0.00134331 -0.0142792 0.00303424  -0.163107 -0.0817056   -11.3764
1.77667e+09    0.0109307 0.000634542 0.000903707 0.288451 0.283119 -9.17444
1.77667e+09     0.011996   0.0134177 -0.00122682 0.543301 0.456116 -8.22396
1.77667e+09   0.00453911   0.0134177 -0.00868367 0.564304 0.209122   -8.488
1.77667e+09   -0.0103746 -0.00788757 -0.00868367 -0.002256 -0.331859  -10.7817
1.77667e+09    -0.019962  -0.0281276 -0.00442261 -0.185176 -0.321819  -11.5758
1.77667e+09  -0.0188967 -0.0270623 0.00303424 -0.0781994  0.0763929   -10.8905
1.77667e+09   -0.0103746 -0.00362651  0.00303424 0.161448 0.246934 -9.68927
1.77667e+09  -0.00504827   0.0219398  0.00196897 0.635014  0.40271 -7.97354
1.77667e+09  -0.0103746  0.0208746 0.00196897   0.372437 -0.0244273   -9.15925
1.77667e+09   -0.0252883 -0.00788757  0.00196897 0.0822842  -0.29407  -10.3813
1.77667e+09  -0.0263536 -0.0313234 0.00623003 -0.191625 -0.256621  -11.6691
1.77667e+09  -0.0103746 -0.0302581 0.00836056  -0.106212 -0.0128966   -11.1907
1.77667e+09   0.0109307  0.0048956 0.00729529 0.402603 0.421775 -8.90344
1.77667e+09   0.0205181  0.0304619 0.00196897 0.692083 0.324694  -8.0666
1.77667e+09   0.0173223  0.0283314 0.00196897 0.500701  0.11357  -8.8382
1.77667e+09   0.00880016 -0.00575704  0.00729529 -0.0718784  -0.262772   -11.1899
1.77667e+09  0.00240858 -0.0281276  0.0104911 -0.184205 -0.248895  -11.7336
1.77667e+09  0.00240858 -0.0249318 0.00729529 0.0495386  0.170799  -10.4905
1.77667e+09   0.00880016 -0.00256125 0.000903707 0.600573 0.533018 -8.13146
1.77667e+09    0.011996  0.0112872 0.00196897 0.706133  0.45014 -7.80222
1.77667e+09   0.00560437 -0.00149599 -0.00442261   0.287699 -0.0838268   -9.53814
1.77667e+09  -0.00504827  -0.0281276 -0.00548788 -0.198869 -0.305938   -11.719
1.77667e+09  -0.00611354  -0.0441066 -0.00122682 -0.219501 -0.198196  -11.7766
1.77667e+09  0.00560437 -0.0270623  0.0040995 0.204554 0.296273 -9.67537
1.77667e+09   0.0141265  0.0048956 0.00196897 0.501324 0.494182 -8.41726
1.77667e+09     0.011996   0.0293967 -0.00655314  0.62737   0.2821 -8.02313
1.77667e+09     0.011996   0.0176788 -0.00229209 0.635646 0.369436 -8.20257
1.77667e+09  0.00134331 0.00169981 0.00729529 0.360606 0.501876 -9.02531
1.77667e+09  -0.000787216    0.0166135   0.00623003 0.0827775 -0.201462  -10.3745
1.77667e+09  -0.00185248   0.0166135 -0.00442261   0.343346 -0.0185763   -9.00875
1.77667e+09   0.00134331   0.0112872 0.000903707   0.387226 -0.0091217   -9.27397
1.77667e+09  -0.0167662 -0.0142792 0.00516476 0.148569 0.321258 -9.96881
1.77667e+09   -0.00611354    0.0112872 -0.000161557 0.373692 0.414109  -8.8245
1.77667e+09  -0.00398301   0.0219398 -0.00335735 0.613641 0.318924 -8.12348
1.77667e+09   -0.0071788  0.00596086 -0.00229209  0.203127 -0.163799  -9.99571
1.77667e+09  -0.0125051 -0.0185402 0.00516476 -0.086601 -0.270874  -11.0824
1.77667e+09  -0.0103746 -0.0281276  0.0104911  -0.170149 -0.0813394    -11.405
1.77667e+09  -0.00291774  -0.0110834  0.00623003 0.0418488 0.0921491  -10.4615
1.77667e+09   0.0077349  0.0134177 0.00303424  0.60763 0.448508 -8.23857
1.77667e+09   0.00453911   0.0198093 0.000903707 0.607123 0.257646 -8.39532
1.77667e+09  -0.00291774   0.0048956 -0.00548788   0.330545 -0.0352287   -9.45261
1.77667e+09  -0.0125051 -0.0206707 -0.0129447 -0.206439 -0.272001  -11.5472
1.77667e+09  -0.00930933  -0.0281276  -0.0129447 -0.149127 0.0996634  -11.0048
1.77667e+09  0.000278048  -0.0153444 -0.00122682 0.111616 0.226923 -9.77488
1.77667e+09   0.0077349  0.0102219 0.00303424 0.649384 0.493992 -7.85225
1.77667e+09   0.00560437   0.0166135 0.000903707 0.642464 0.438584 -8.00237
1.77667e+09  -0.00504827 -0.00362651 -0.00442261  0.103289 -0.239394  -10.1739
1.77667e+09  -0.00930933  -0.0313234  0.00196897 -0.212754 -0.269559  -11.7764
1.77667e+09  -0.00504827  -0.0345192   0.0040995 -0.148324  -0.01731  -11.4125
1.77667e+09  0.00560437 -0.0121486 0.00623003 0.381047 0.323433 -9.02467
1.77667e+09  0.00453911  0.0123524  0.0040995 0.656739 0.403317 -8.05243
1.77667e+09  -0.00398301   0.0166135  0.00729529 0.550047 0.188318 -8.53082
1.77667e+09   -0.0125051 -0.00575704   0.0040995 -0.0731376  -0.350549   -10.9747
1.77667e+09  -0.0114399 -0.0270623 0.00303424 -0.213479 -0.348798  -11.6973
1.77667e+09   0.00134331  -0.0313234 -0.00655314 -0.0498403   0.131592   -10.7405
1.77667e+09     0.011996 -0.00788757 -0.00655314 0.211176 0.357847 -9.43217
1.77667e+09    0.0151917   0.0176788 -0.00442261 0.684404 0.421461 -7.76619
1.77667e+09  0.00986543  0.0240704 0.00729529   0.329867 -0.0511925   -9.28783
1.77667e+09  -0.00291774  0.00383034   0.0040995 0.0191564 -0.240943  -10.6318
1.77667e+09  -0.00824407  -0.0259971  0.00303424 -0.226637 -0.219144  -11.8123
1.77667e+09  -0.00504827  -0.0355844 -0.00335735  -0.106394 -0.0134156   -11.1406
1.77667e+09   0.00240858  -0.0185402 -0.00229209  0.43043 0.482473  -8.5959
1.77667e+09   0.00666963   0.0048956 -0.00442261 0.684513 0.358631 -7.89483
1.77667e+09   -0.00185248    0.0102219 -0.000161557  0.478615 0.0347633  -8.78047
1.77667e+09  -0.00930933 -0.00575704  0.00303424 -0.100407 -0.325472  -11.3041
1.77667e+09   0.00560437   0.0325925 0.000903707 0.550226    0.266 -8.45953
1.77667e+09  -0.0125051 -0.0132139 0.00836056 -0.177064 -0.291073   -11.798
1.77667e+09  -0.0071788 -0.0228013 0.00516476 -0.162788 -0.221105  -11.6837
1.77667e+09  -0.00185248  -0.0121486 -0.00335735 -0.00748964   0.0735466    -10.6831
1.77667e+09   -0.0114399   -0.017475 0.000903707 -0.121468 -0.408369  -11.5399
1.77667e+09  0.00240858 -0.0291929 0.00303424 -0.127482 -0.201622  -11.5336
1.77667e+09    0.0130612  -0.0196055 0.000903707 0.233267 0.373528 -9.58989
1.77667e+09    0.0130612  0.00809139 -0.00122682  0.67811 0.473067 -7.92392
1.77667e+09   0.000278048    0.0176788 -0.000161557 0.635616 0.341289 -8.23826
1.77667e+09   -0.0157009  0.00276507 -0.00335735 0.0906834 -0.157273   -10.518
1.77667e+09   -0.0188967  -0.0196055 -0.00442261 -0.120917 -0.273504  -11.4832
1.77667e+09  -0.00930933  -0.0228013 -0.00335735  -0.0704785 0.000791557    -11.1695
1.77667e+09   0.00453911 -0.00256125  0.00516476  0.42366 0.476599 -8.71042
1.77667e+09  0.00880016  0.0176788 0.00836056 0.620954 0.494716 -7.89508
1.77667e+09  0.00347384  0.0176788 0.00729529  0.457205 0.0631189  -8.74468
1.77667e+09    -0.0071788  -0.00788757 -0.000161557  0.146113 -0.162797  -10.0384
1.77667e+09  -0.0103746 -0.0249318 0.00196897  -0.25512 -0.232605  -11.8623
1.77667e+09  0.000278048   -0.017475  0.00196897 0.00690449   0.150867   -10.5904
1.77667e+09    0.011996  0.0134177 0.00303424 0.303642 0.397791  -9.2466
1.77667e+09     0.011996   0.0293967 -0.00229209 0.677638  0.44366 -7.83786
1.77667e+09  -0.00398301   0.0176788 0.000903707 0.570834  0.17222  -8.3733
1.77667e+09   -0.0157009 -0.00895284  0.00942582 0.0198666 -0.273995  -10.8823
1.77667e+09  -0.0125051  -0.021736  0.0115564 -0.225844 -0.118666  -11.8772
1.77667e+09   0.00347384 -0.00682231  0.00303424 -0.0848455   0.028781   -11.1051
1.77667e+09    0.0141265   0.0219398 -0.00442261 0.479917 0.445375 -8.50289
1.77667e+09   0.00880016    0.034723 0.000903707 0.663812 0.536333 -7.82385
1.77667e+09  -0.00185248   0.0272662  0.00942582    0.378976 -0.00518467    -8.95885
1.77667e+09  -0.0103746 0.00169981 0.00729529 -0.193102 -0.323974  -11.3609
1.77667e+09    -0.0071788   -0.0153444 -0.000161557 -0.276474 -0.176029  -11.7979
1.77667e+09   0.00880016   0.0155482 -0.00761841 0.607092 0.503096 -8.00247
1.77667e+09  -0.0125051 -0.0228013 0.00196897 -0.219924 -0.255527  -11.7478
1.77667e+09   0.00560437   0.0048956 -0.00229209  0.153222 -0.247159  -10.1598
1.77667e+09   -0.0114399   0.0123524 -0.00122682 0.642374 0.445343 -7.96659
1.77667e+09   0.0077349 0.00915666 0.00729529 0.670667 0.493338 -7.80938
1.77667e+09  -0.00930933  0.00383034   0.0104911   0.294579 -0.0355478   -9.38798
1.77667e+09  -0.0220925 -0.0259971 0.00729529 -0.0164473   -0.25426   -10.6889
1.77667e+09  -0.0210272 -0.0355844 0.00623003 -0.233937 -0.205483  -11.7479
1.77667e+09  -0.0210272 -0.0355844 0.00623003 0.169062 0.248199 -9.81822
1.77667e+09   -0.0125051  -0.0142792 -0.00122682 0.494444 0.445903 -8.56742
1.77667e+09  -0.00185248    0.018744 -0.00655314 0.691744 0.309694 -7.99492
1.77667e+09   0.00134331   0.0304619 -0.00548788  0.457576 0.0150668  -8.92351
1.77667e+09  -0.00291774   0.0123524 -0.00335735 -0.0855491   -0.27489   -11.3831
1.77667e+09  -0.00930933  -0.0132139 -0.00335735  -0.112738 -0.0391203   -11.4054
1.77667e+09  -0.00291774  -0.0185402 -0.00229209 0.0847821  0.211151  -10.2903
1.77667e+09    0.0109307  0.00915666 0.000903707 0.614559 0.574098 -7.98131
1.77667e+09    0.0215833   0.0368535 -0.00442261 0.670347 0.436304 -7.80915
1.77667e+09    0.0173223   0.0389841 -0.00335735  0.216443 -0.187773  -9.75935
1.77667e+09   0.00134331   0.0112872 -0.00868367 -0.219808 -0.262212  -11.7907
1.77667e+09  -0.00504827  -0.0249318 -0.00655314 -0.212307 -0.134991   -11.691
1.77667e+09  -0.00504827  -0.0281276 -0.00655314  0.23923 0.271868 -9.41763
1.77667e+09   0.00134331 -0.00682231  0.00623003 0.543446 0.477578 -8.23121
1.77667e+09  0.00240858  0.0262009  0.0126216 0.613282 0.254759 -8.12321
1.77667e+09  -0.00398301   0.0315272   0.0115564 0.0683238 -0.335075  -10.5386
1.77667e+09  -0.00398301   0.0155482  0.00623003 -0.142216 -0.293942  -11.5546
1.77667e+09  -0.00398301 -0.00575704  0.00623003 -0.119696  0.108812   -11.227
1.77667e+09    0.0130612  0.00915666 -0.00442261 -0.0812331  -0.451402   -10.8668
1.77667e+09  0.00666963   0.014483 0.00942582 0.0969135 -0.110847  -10.1888
1.77667e+09  -0.00824407  -0.0228013   0.0104911 0.239855 0.378883 -9.42524
1.77667e+09  -0.00291774  -0.0334539  0.00196897 0.0777861  0.169557  -10.3975
1.77667e+09  -0.0135704  0.0198093 0.00303424 -0.0712925  -0.254086   -11.3403
1.77667e+09   -0.0210272 -0.00895284 -0.00122682 -0.141077 -0.136355  -11.6269
1.77667e+09   -0.0125051  -0.0206707 -0.00335735 0.0914421  0.265818  -10.0686
1.77667e+09   0.00560437 -0.00788757 -0.00548788 0.359913 0.464821 -8.88909
1.77667e+09    0.0151917   0.0166135 -0.00122682 0.606401 0.297679 -8.13051
1.77667e+09     0.011996   0.0230051 -0.00122682  0.145278 -0.284441  -9.99492
1.77667e+09    0.00240858   0.00915666 -0.000161557 -0.0796924  -0.299684   -11.0608
1.77667e+09  -0.00291774  -0.0110834 -0.00335735  -0.134503 -0.0468563   -11.3265
1.77667e+09  0.00134331  -0.017475  0.0040995 0.0132653  0.106464  -10.4399
1.77667e+09    0.0141265 0.000634542  0.00729529 0.515395 0.486394 -8.36717
1.77667e+09  0.0130612 0.0176788 0.0040995 0.614574 0.202321   -8.567
1.77667e+09    0.0077349   0.0219398 -0.00335735  0.344827 -0.119586  -9.58124
1.77667e+09  -0.00824407  0.00383034 -0.00442261 -0.156505  -0.26573  -11.5117
1.77667e+09  -0.0071788  -0.017475  0.0040995 -0.176739  -0.10073  -11.5911
1.77667e+09  0.000278048  -0.0196055   0.0040995 0.175923 0.247314 -9.73948
1.77667e+09    0.0173223 -0.00469178 -0.00548788 0.585625 0.489195 -8.01662
1.77667e+09    0.0173223   0.0112872 -0.00974894 0.599996 0.398079 -8.18103
1.77667e+09   0.00986543  0.00702613 -0.00655314  0.118481 -0.124722  -10.2461
1.77667e+09  -0.000787216   -0.0132139   0.00516476 -0.106849 -0.204129  -11.3117
1.77667e+09  0.00240858 -0.0345192 0.00196897 -0.112627 0.0173214  -11.3484
1.77667e+09   0.0130612 -0.0355844  0.0040995 0.345341 0.323855 -9.03166
1.77667e+09     0.0247791   -0.0196055 -0.000161557 0.564296  0.44061 -8.12374
1.77667e+09    0.0215833  0.00702613 -0.00229209 0.500522 0.232323 -8.60237
1.77667e+09   0.00880016    0.018744 -0.00442261  0.224294 -0.066569  -9.76706
1.77667e+09  -0.00398301   0.0166135 -0.00229209 -0.212974 -0.263171  -11.7048
1.77667e+09  -0.00611354  0.00596086  0.00729529 -0.0640589   0.103881   -10.8047
1.77667e+09  0.000278048   0.0134177  0.00942582 0.189607 0.266487 -9.53911
1.77667e+09  0.00560437  0.0251356  0.0040995 0.648943 0.401533 -7.87335
1.77667e+09  0.00560437  0.0325925 0.00196897 0.599407 0.270121  -8.2163
1.77667e+09  -0.00291774   0.0176788  0.00196897 0.0255413 -0.299307  -10.5099
1.77667e+09   -0.0125051 -0.00788757  0.00729529  -0.2202 -0.27736 -11.7047
1.77667e+09  -0.0146357 -0.0164097 0.00303424 -0.127873 -0.020336  -11.1405
1.77667e+09  -0.00611354 -0.00256125 0.000903707 0.416296 0.405894 -8.76022
1.77667e+09   0.00347384   0.0219398 -0.00229209 0.663757 0.416913 -7.99523
1.77667e+09   0.0077349  0.0304619 0.00836056  0.500643 0.0713132  -8.88815
1.77667e+09  0.000278048   0.0123524   0.0115564 -0.0931773   -0.28321   -11.2613
1.77667e+09  -0.000787216   -0.0132139   0.00942582 -0.198339 -0.234274  -11.7551
1.77667e+09   0.00453911  -0.0228013 -0.00548788 0.0424796  0.241273  -10.4048
1.77667e+09    0.0173223 -0.00788757 -0.00761841 0.339359 0.481586 -9.11106
1.77667e+09    0.0226486   0.0102219 -0.00335735 0.734661 0.407604 -7.85231
1.77667e+09   0.0173223 0.00809139 0.00303424  0.316365 -0.161046  -9.68118
1.77667e+09  0.00134331 -0.0196055  0.0040995 0.0128863 -0.294498   -10.961
1.77667e+09  -0.0071788 -0.0441066 0.00942582 -0.198455  -0.22759  -11.7122
1.77667e+09  0.00453911 -0.0430413 0.00942582 -0.042905 0.0116581  -10.8689
1.77667e+09   0.0290402 -0.0132139  0.0040995  0.53681 0.500148 -8.33869
1.77667e+09    0.0407581   0.0219398 -0.00335735 0.648738 0.232578 -8.08032
1.77667e+09     0.0301055    0.0336577 -0.000161557   0.379252 -0.0745507   -9.14475
1.77667e+09  0.00666963  0.0134177 0.00196897 -0.185186 -0.300802  -11.5401
1.77667e+09  -0.00611354  -0.0196055   0.0040995 -0.262147 -0.211147  -11.8623
1.77667e+09     0.011996 -0.00362651 0.000903707 0.649662 0.529861 -7.87388
1.77667e+09  -0.0103746 -0.0185402 0.00516476 -0.0768272  0.0382131   -11.3343
1.77667e+09  -0.00930933  -0.0249318  0.00836056  -0.120617 -0.0691991   -11.2477
1.77667e+09  0.0279749 0.0230051  -0.01401 0.663765 0.473058 -7.90952
1.77667e+09  -0.00398301  -0.0281276 -0.00655314 0.0204053  0.155484  -10.3614
1.77667e+09    0.0173223 0.000634542 -0.00868367 0.0675013 -0.267266  -10.2023
1.77667e+09    -0.0210272   -0.0132139 -0.000161557 -0.169424 -0.198535  -11.7912
1.77667e+09    0.0205181 0.000634542 -0.00335735  0.57871 0.475895 -8.10247
1.77667e+09   0.00880016 -0.00469178  0.00303424 0.550209 0.427306 -8.20239
1.77667e+09  0.00240858  0.0155482  0.0040995 0.529703 0.507347 -8.33868
1.77667e+09   -0.0125051  -0.0185402 -0.00868367 -0.177232 -0.284537  -11.7407
1.77667e+09   0.00240858  -0.0249318 -0.00335735 -0.000885423    0.0999928     -10.4899
1.77667e+09  -0.00611354   -0.021736  -0.0108142 0.00679671   0.122497   -10.6046
1.77667e+09   -0.00291774   -0.0110834 -0.000161557 -0.226399 -0.190404  -11.8339
1.77667e+09   0.00880016   0.0272662 -0.00442261 0.719919 0.350338  -7.8162
1.77667e+09  -0.0295494 -0.0196055 0.00196897 -0.233629 -0.232666  -11.8767
1.77667e+09  -0.0157009 -0.0238665 0.00729529 -0.161906 0.0550125  -11.4987
1.77667e+09    0.00453911 -0.000430722   0.00729529 0.359422  0.29505 -9.01729
1.77667e+09  0.0141265 0.0240704 0.0040995 0.628419 0.446446 -8.05963
1.77667e+09  0.0077349 0.0240704 0.0040995 0.557909 0.288504 -8.57424
1.77667e+09  -0.00504827  0.00169981  0.00729529 -0.0521099   -0.41507   -10.9602
1.77667e+09   0.0173223 -0.0153444 -0.0118795 0.198163 0.312529  -9.8616
1.77667e+09  0.00880016 -0.0164097 0.00196897  0.45216 0.419953 -8.77478
1.77667e+09    -0.019962  -0.0430413 0.000903707  -0.162769 -0.0807419   -11.4695
1.77667e+09  -0.0220925  -0.021736 0.00196897 -0.120495 0.0574242  -11.0835
1.77667e+09  -0.00504827  -0.0206707  0.00729529 -0.149106 -0.321204  -11.6691
1.77667e+09  -0.00611354  -0.0185402 -0.00974894 -0.198627 -0.249126  -11.6978
1.77667e+09   0.00666963   0.0230051 0.000903707 0.620476 0.317964 -8.03757
1.77667e+09   -0.0071788  0.00915666 -0.00655314  0.103947 -0.272594  -10.4101
1.77667e+09     0.0205181   -0.0132139 -0.000161557 0.408494 0.362002 -8.64542
1.77667e+09   0.00560437  -0.0110834 -0.00335735  0.21154 0.358885 -9.53243
1.77667e+09    0.0109307   0.0198093 -0.00442261 0.515221 0.450822 -8.37418
1.77667e+09   0.00986543   0.0389841 -0.00229209 0.671248 0.368717 -8.16693
1.77667e+09  -0.000787216    0.0251356   0.00623003 0.401872 0.103993 -9.19574
1.77667e+09  -0.00185248 -0.00362651   0.0104911 -0.157274  -0.38017  -11.4754
1.77667e+09  0.00986543  -0.021736  0.0136869  -0.120429 -0.0265713   -11.2336
1.77667e+09   0.0215833 -0.0142792  0.0136869 0.0985067  0.237454    -10.09
1.77667e+09  0.0183875 0.0048956 0.0126216 0.627854 0.395725 -7.98064
1.77667e+09    0.00560437    0.0166135 -0.000161557 0.507627 0.119889 -8.76665
1.77667e+09   -0.0146357  0.00383034 -0.00974894  0.189099 -0.134846  -10.0244
1.77667e+09   -0.0188967  -0.0153444 -0.00868367 -0.213417 -0.369667  -11.7473
1.77667e+09   -0.0103746   -0.021736 -0.00229209 -0.177449 -0.158877  -11.4834
1.77667e+09     0.011996 -0.00149599 -0.00335735 0.289499 0.447465 -9.21093
1.77667e+09     0.016257   0.0155482 -0.00442261 0.684545 0.400814 -7.83771
1.77667e+09   0.00560437    0.014483 0.000903707 0.592353 0.186269 -8.37347
1.77667e+09   -0.0157009 -0.00895284  0.00623003 -0.00844944   -0.202793    -10.8467
1.77667e+09  -0.0167662 -0.0302581 0.00729529 -0.205919 -0.270519  -11.6905
1.77667e+09  -0.00611354  -0.0313234   0.0040995 -0.078297 0.0270063  -10.9404
1.77667e+09   0.00347384  -0.0100181 -0.00548788 0.501696 0.551365 -8.43183
1.77667e+09   0.00560437  0.00596086 -0.00868367 0.670775 0.521708 -7.79518
1.77667e+09  -0.000787216  -0.00469178  -0.00974894   0.393209 -0.0616174    -9.0303
1.77667e+09    0.00347384   -0.0100181 -0.000161557 -0.214265 -0.393131  -11.5467
1.77667e+09  -0.00185248  -0.0121486   0.0104911 -0.134141 -0.151054  -11.5911
1.77667e+09  0.00347384 -0.0100181 0.00516476 0.169298 0.262902 -9.86125
1.77667e+09   -0.0114399 -0.00788757 -0.00442261 -0.0865788  -0.298873   -11.1324
1.77667e+09    0.0215833  -0.0238665 -0.00335735 0.0633589  0.232452  -10.2616
1.77667e+09     0.0279749 -0.000430722  0.000903707 0.599828 0.404615 -8.12376
1.77667e+09    0.0237139   0.0240704 0.000903707 0.684599   0.3238 -7.97346
1.77667e+09   0.00666963   0.0176788 -0.00229209   0.239032 -0.0373754   -9.84602
1.77667e+09  -0.00930933 -0.00256125  0.00729529 -0.0293306  -0.208009   -11.0113
1.77667e+09  -0.0135704 -0.0238665  0.0158174 -0.134055 -0.094686  -11.5268
1.77667e+09  -0.0071788 -0.0132139  0.0136869 0.290347 0.470929 -9.41154
1.77667e+09  -0.000787216    0.0134177  -0.00229209  0.54425 0.557039  -8.3318
1.77667e+09  -0.00504827   0.0219398 -0.00655314  0.52796  0.20071 -8.33024
1.77667e+09   -0.0167662  0.00915666 -0.00122682   0.237564 -0.0345459   -9.43067
1.77667e+09   -0.024223 -0.0110834  0.0040995  -0.21334 -0.278246   -11.626
1.77667e+09   -0.0146357  -0.0100181 -0.00335735   -0.0780148 -0.000250839      -11.062
1.77667e+09   0.00347384  0.00702613 -0.00974894 0.212274 0.311871 -9.81153
1.77667e+09    0.0141265    0.018744 -0.00974894 0.721051 0.557015  -7.8099
1.77667e+09   0.00666963   0.0102219 -0.00229209 0.691602 0.316304 -7.94482
1.77667e+09   -0.0071788  -0.0142792 0.000903707  0.111109 -0.160373  -10.2388
1.77667e+09    -0.0146357   -0.0302581 -0.000161557 -0.233364 -0.189815   -11.884
1.77667e+09  -0.00398301  -0.0196055 -0.00442261   -0.14841 -0.0736776   -11.4767
1.77667e+09    0.0077349  0.00596086 -0.00229209 0.410104 0.443761 -8.96802
1.77667e+09  -0.00185248  -0.0355844  0.00516476 -0.141077 -0.136355  -11.6269
1.77667e+09  -0.000787216   0.00276507    0.0040995  0.506384 0.0532039  -8.52288
1.77667e+09   0.00240858 -0.00469178 -0.00974894 0.0849901  0.211744  -10.3476
1.77667e+09   -0.0167662  -0.0238665 -0.00335735 -0.000707924     0.163638     -10.4401
1.77667e+09   0.000278048    0.0411146 -0.000161557  0.138295 -0.227781  -9.95216
1.77667e+09  -0.00611354  -0.0270623   0.0040995 -0.176564 0.0400776  -11.4198
1.77667e+09   0.00134331   -0.017475 -0.00548788 0.444413  0.49548  -8.4886
1.77667e+09   0.00560437  0.00596086 -0.00974894   0.294772 -0.0560462   -9.47383
1.77667e+09  -0.00611354   -0.017475 -0.00122682  -0.19093 -0.114331  -11.6411
1.77667e+09  0.00986543  0.0176788 0.00303424  0.69269 0.487779 -7.98134
1.77667e+09  0.00560437  0.0134177 0.00196897 0.195953 -0.17784 -10.0099
1.77667e+09  -0.00611354 -0.00682231  0.00196897 -0.205569 -0.276536  -11.7979
1.77667e+09  -0.0146357 -0.0302581 0.00196897  -0.183632 -0.0508294   -11.5841
1.77667e+09  -0.00930933  -0.0270623  0.00196897 0.224585 0.263989 -9.33159
1.77667e+09   0.00134331 -0.00149599  0.00303424 0.521354 0.356662 -8.23776
1.77667e+09  0.0077349 0.0230051 0.0040995 0.599625 0.249697 -8.30931
1.77667e+09   0.00453911    0.018744 -0.00229209 0.00426265   -0.36178   -10.6527
1.77667e+09  -0.000787216  -0.00895284  -0.00442261 -0.178755 -0.401127  -11.4967
1.77667e+09   0.00134331  -0.0313234 -0.00761841 -0.0707994   0.126155   -10.8836
1.77667e+09   0.00666963  -0.0259971 -0.00122682 0.161955 0.346597 -9.67537
1.77667e+09     0.0130612   0.00809139 -0.000161557 0.656171 0.429758 -7.85202
1.77667e+09    0.0151917   0.0315272 -0.00335735 0.394417 0.131246 -9.06691
1.77667e+09   0.00347384   0.0283314 -0.00548788 0.0758048  -0.16582  -10.3675
1.77667e+09   -0.0157009  -0.0100181 0.000903707 -0.227288 -0.326232  -11.7976
1.77667e+09  -0.0274188 -0.0334539  0.0104911  -0.127503 -0.0683881   -11.3193
1.77667e+09  -0.0157009 -0.0323887 0.00729529 0.381194 0.450131 -8.86765
1.77667e+09    0.00347384  -0.00362651 -0.000161557  0.65544 0.308411 -7.83719
1.77667e+09   0.00880016   0.0048956 -0.00122682 0.492605 0.103916 -8.58747
1.77667e+09  0.000278048 -0.00469178   0.0040995 -0.0646604   -0.21353   -11.1328
1.77667e+09  -0.00824407  -0.0270623 -0.00122682 -0.198291 -0.262199  -11.8123
1.77667e+09  0.000278048  -0.0259971 -0.00655314 0.0141771  0.123095  -10.6691
1.77667e+09  -0.00611354 -0.00149599 -0.00868367  0.259163 -0.202672  -9.73802
1.77667e+09    0.0194528 -0.00469178   0.0040995 0.459617 0.603171 -8.57506
1.77667e+09  0.000278048  -0.0164097 0.000903707 0.430713 0.455216 -8.71753
1.77667e+09    0.0109307 -0.00362651   0.0104911 0.386967 0.383005 -8.58811
1.77667e+09    -0.0178314   -0.0302581 -0.000161557  -0.212254 -0.0296076   -11.5411
1.77667e+09  -0.0146357 -0.0313234 0.00303424 -0.0500306   0.166127   -10.6332
1.77667e+09  -0.00611354 -0.00469178  0.00729529 0.471951 0.436091 -8.28798
1.77667e+09  -0.000787216    0.0240704   0.00196897 0.556803 0.278335 -8.28058
1.77667e+09  -0.00611354   0.0240704  0.00196897  0.294677 0.0138388  -9.33806
1.77667e+09   -0.0125051 -0.00149599  0.00303424 -0.192344 -0.293751  -11.5257
1.77667e+09  -0.0114399 -0.0238665  0.0040995 -0.226655 -0.163073  -11.7195
1.77667e+09  -0.00185248   -0.021736 -0.00229209 0.119761 0.313888 -9.91851
1.77667e+09   0.00880016 -0.00149599 -0.00868367 0.642324 0.459231 -7.93084
1.77667e+09   0.00666963   0.0198093 -0.00442261  0.66341 0.345767 -8.00925
1.77667e+09  -0.000787216    0.0155482  -0.00442261  0.132515 -0.111566  -10.1531
1.77667e+09   -0.0071788 -0.00362651 -0.00548788 -0.114524 -0.275724  -11.2756
1.77667e+09  -0.000787216   -0.0185402  -0.00868367   -0.15591 -0.0956633   -11.4122
1.77667e+09   0.00880016  -0.0121486 -0.00122682 0.317377 0.403076 -9.08198
1.77667e+09   0.0141265  0.0102219 0.00196897 0.571458 0.461632 -8.09521
1.77667e+09    0.0077349   0.0198093 0.000903707  0.51376 0.116928 -8.48737
1.77667e+09  -0.00398301  0.00915666 -0.00229209 0.230847 -0.13147 -9.70237
1.77667e+09   -0.0071788  -0.0132139 -0.00122682 -0.191684 -0.312915  -11.7405
1.77667e+09  0.00240858 -0.0238665 0.00196897 -0.000248756   0.00359195     -10.8189
1.77667e+09    0.0215833 -0.00682231  0.00516476  0.27546 0.301001 -9.51103
1.77667e+09  0.0301055 0.0155482 0.0040995 0.699306 0.507245 -7.80242
1.77667e+09  0.0247791 0.0272662 0.0040995   0.365259 -0.0665407   -9.21633
1.77667e+09  0.00560437  0.0102219  0.0040995  0.04735 -0.25637  -10.546
1.77667e+09  -0.0114399 -0.0121486 0.00516476 -0.276012 -0.125604  -11.8483
1.77667e+09    -0.019962  -0.0259971 0.000903707 -0.177029 0.0668158   -11.248
1.77667e+09   0.0109307 -0.0132139 0.00729529 0.120621 0.330371 -10.1334
1.77667e+09  0.000278048   0.0166135 -0.00442261 0.641327 0.295033 -7.90868
1.77667e+09  0.00347384  0.0166135 0.00196897   0.436629 0.00264796   -9.08091
1.77667e+09   -0.0146357 -0.00682231  0.00836056 -0.134704 -0.187738  -11.4907
1.77667e+09  0.00666963  0.0198093 0.00196897 0.507561 0.203884 -8.61661
1.77667e+09  -0.00291774  0.00276507  0.00516476 -0.0727103  -0.265145   -10.9607
1.77667e+09   -0.019962 -0.0196055 0.00516476 -0.212451 -0.142417  -11.6623
1.77667e+09   -0.0188967  -0.0281276 -0.00122682 -0.0572479  0.0256854   -10.8331
1.77667e+09  -0.00930933 -0.00682231 -0.00974894 0.479551 0.430301 -8.42405
1.77667e+09    0.0077349   0.0166135 -0.00974894 0.649502 0.501344 -7.87376
1.77667e+09   0.00880016   0.0219398 -0.00974894 0.373087 0.068625 -9.19545
1.77667e+09  -0.000787216   0.00915666 -0.000161557 -0.142442 -0.329663  -11.5473
1.77667e+09  -0.00824407  -0.0110834  0.00516476 -0.197804   -0.2117  -11.8698
1.77667e+09  -0.00291774 -0.00895284   0.0104911 0.0913807  0.195488  -10.1614
1.77667e+09   0.0130612 0.00702613  0.0040995 0.380543 0.343042 -8.85288
1.77667e+09    0.0237139   0.0293967 -0.00122682 0.670366 0.380233 -7.90201
1.77667e+09    0.0151917   0.0272662 -0.00761841 0.174468 -0.13567 -9.93123
1.77667e+09  -0.00611354   0.0048956 -0.00974894 -0.0793126  -0.277554   -11.1325
1.77667e+09   -0.0231578   -0.017475 -0.00442261  -0.162549 -0.0871299   -11.5411
1.77667e+09  -0.0146357 -0.0164097  0.0040995 0.00693238   0.164977   -10.5762
1.77667e+09  -0.00291774  0.00596086   0.0104911 0.571942 0.484058 -8.19557
1.77667e+09  0.00240858  0.0262009 0.00303424 0.599555 0.214421 -8.34497
1.77667e+09   -0.00504827    0.0219398 -0.000161557   0.309128 -0.0630183   -9.50252
1.77667e+09  -0.00824407 -0.00469178 -0.00442261 -0.149092 -0.314148  -11.6619
1.77667e+09  -0.000787216    -0.021736  -0.00655314  -0.16979 -0.213609  -11.7124
1.77667e+09    0.0141265  -0.0100181 -0.00655314 0.226049 0.324285 -9.64694
1.77667e+09    0.0226486   0.0240704 0.000903707 0.677715 0.535081  -7.7165
1.77667e+09    -0.0135704   -0.0259971 -0.000161557 -0.169514 -0.191777  -11.7554
1.77667e+09  -0.00611354  0.00383034 -0.00229209   -0.0780408 -0.000324972     -11.0549
1.77667e+09  -0.0114399 -0.0302581 0.00303424 -0.12792 -0.17481  -11.369
1.77667e+09  0.0226486 0.0048956 0.0040995 0.735263 0.437382 -7.97418
1.77667e+09  0.00453911  0.0198093 0.00942582 0.536404 0.477944 -8.25982
1.77667e+09   0.0077349 0.00276507 0.00516476 0.409409 0.497904 -8.68896
1.77667e+09  -0.00398301  -0.0185402 -0.00974894 0.00664642   0.164162   -10.4974
1.77667e+09   0.0130612  0.0325925 0.00623003  0.60712 0.426008 -8.13105
1.77667e+09  0.00347384  0.0112872 0.00303424   0.28737 -0.119844  -9.50218
1.77667e+09   -0.0188967  -0.0334539 -0.00335735 -0.0869243  -0.355982    -11.125
1.77667e+09   0.00560437  -0.0110834 -0.00655314 0.388732 0.465209 -8.95368
1.77667e+09    -0.0103746   -0.0110834 -0.000161557 -0.0778272  0.0423771   -11.0479
1.77667e+09   -0.00185248   0.00809139 -0.000161557 0.458578 0.509007 -8.43144
1.77667e+09  0.00134331 -0.0100181 0.00516476   0.1692 0.304715 -9.76832
1.77667e+09    0.0173223    0.018744 -0.00442261 0.699055 0.471449 -7.78795
1.77667e+09   0.00134331  -0.0185402 -0.00548788 -0.0663469   -0.38671   -10.9316
1.77667e+09    0.011996  0.0272662 0.00196897 0.663665 0.409635 -7.98087
1.77667e+09    0.0205181  0.00383034 -0.00548788 0.423917 0.554503 -8.66062
1.77667e+09   -0.0135704   -0.017475 -0.00655314 -0.0438629  -0.250646    -11.011
1.77667e+09  -0.00291774  0.00809139  0.00196897  0.301713 -0.133872    -9.538
1.77667e+09   -0.0103746  -0.0196055 0.000903707  -0.13473 -0.187813  -11.4835
1.77667e+09   -0.0103746  -0.0249318 -0.00122682 -0.0495284   0.132482   -10.8264
1.77667e+09  -0.00504827  -0.0110834 -0.00655314 0.125836  0.26867 -9.68919
1.77667e+09  -0.00291774  0.00702613    -0.01401 0.564196 0.468386 -8.05224
1.77667e+09  -0.00504827   0.0123524  -0.0161405  0.58551 0.313481 -8.25938
1.77667e+09  -0.00930933 -0.00149599 -0.00974894  0.103453 -0.274002  -10.2741
1.77667e+09  -0.00504827  -0.0153444  0.00196897 -0.191324 -0.143516  -11.5765
1.77667e+09  0.00880016 -0.0110834 0.00836056 -0.0843699  0.0862607   -11.1483
1.77667e+09   0.0151917 0.00809139  0.0040995 0.366652 0.337312 -8.97453
1.77667e+09    0.011996  0.0272662 0.00516476 0.571556  0.41982 -8.18814
1.77667e+09  -0.00611354   0.0230051  0.00729529 0.507905 0.155758 -8.78828
1.77667e+09  -0.0188967 0.00169981 0.00729529 -0.108198 -0.285147  -11.0607
1.77667e+09   -0.019962 -0.0142792 0.00303424 -0.284278 -0.233958  -11.7046
1.77667e+09  -0.00504827 -0.00682231 -0.00335735 -0.0646029   0.116361   -10.6329
1.77667e+09     0.011996   0.0176788 -0.00442261 0.217597 0.278539  -9.3531
1.77667e+09     0.016257   0.0293967 -0.00442261 0.627773 0.472665 -7.83773
1.77667e+09    0.0077349   0.0166135 -0.00442261   0.30884 0.0133289  -9.30232
1.77667e+09  -0.00185248 -0.00682231 -0.00761841 0.0258013 -0.298566  -10.5815
1.77667e+09  -0.00504827   -0.021736  -0.0108142 -0.205234 -0.198409  -11.7696
1.77667e+09   0.00347384  -0.0185402 -0.00761841 -0.113301 0.0294302  -11.1408
1.77667e+09  0.00880016 0.00276507 0.00196897 0.401308 0.354942 -8.64535
1.77667e+09  0.00560437   0.018744 0.00516476 0.634936 0.402488 -7.95206
1.77667e+09  -0.00930933    0.014483   0.0040995 0.436717 0.178287 -8.83099
1.77667e+09  -0.0188967 -0.0121486 0.00196897 -0.14203 -0.26535 -11.5619
1.77667e+09  -0.00611354  -0.0100181   0.0040995 -0.226875 -0.247884  -11.7907
1.77667e+09   -0.0114399  0.00809139 0.000903707 0.0542801 -0.221979  -10.4316
1.77667e+09   0.00240858  -0.0132139 0.000903707 -0.035221  0.048199  -10.9622
1.77667e+09   -0.0135704   -0.021736 -0.00122682  -0.169877 -0.0875792   -11.4909
1.77667e+09   -0.0135704   -0.021736 -0.00122682 -0.0218946   0.108443   -10.5973
1.77667e+09   0.00453911   0.0219398 -0.00442261  0.50079 0.485644 -8.28116
1.77667e+09   0.00560437   0.0293967 -0.00335735 0.634968 0.444671 -7.89494
1.77667e+09  -0.00185248   0.0134177 -0.00229209  0.308551 -0.106758  -9.40924
1.77667e+09  -0.0071788 -0.0110834 0.00196897  -0.14941 -0.265948  -11.4974
1.77667e+09  -0.0071788 -0.0110834 0.00196897 -0.162648 -0.150553  -11.6124
1.77667e+09  -0.0071788 -0.0196055 0.00623003 0.168873 0.191535 -9.85379
1.77667e+09  -0.000787216  -0.00895284   0.00729529  0.43734 0.362464 -8.71717
1.77667e+09   0.00666963  0.00809139 -0.00229209 0.670857  0.26237 -8.22378
1.77667e+09   0.00134331   0.0112872 -0.00442261  0.160946 -0.203488  -10.2531
1.77667e+09  -0.00398301  -0.0121486 -0.00335735 -0.0786589  -0.247629   -11.2687
1.77667e+09  -0.00611354  -0.0441066 -0.00442261  -0.0914636 -0.00472034    -11.3054
1.77667e+09    0.00666963   -0.0515634 -0.000161557 0.317731 0.425131 -9.14652
1.77667e+09   0.00880016  -0.0196055 -0.00229209 0.536722 0.520943 -8.28148
1.77667e+09   0.00560437   0.0208746 -0.00229209 0.564426 0.153348 -8.60951
1.77667e+09  -0.00504827   0.0400493 -0.00868367   0.295234 -0.0968207   -9.66702
1.77667e+09  -0.00504827   0.0272662 -0.00974894 -0.212947 -0.157862  -11.5477
1.77667e+09  -0.00291774   0.0048956 -0.00548788 -0.0362368  0.0312714   -10.7043
1.77667e+09   0.00347384  0.00169981 -0.00122682 0.246291 0.215431 -9.48188
1.77667e+09     0.0077349    0.0166135 -0.000161557 0.656688 0.508404 -7.87383
1.77667e+09   0.00560437   0.0304619 -0.00548788 0.599357 0.284009 -8.18055
1.77667e+09   0.00560437    0.014483 -0.00122682 0.0117508 -0.332813   -10.703
1.77667e+09  0.000278048   0.0219398 -0.00122682 -0.0580751  -0.327446   -11.1539
1.77667e+09  0.00134331 -0.0110834 0.00303424 0.466502 0.497125 -8.66775
1.77667e+09  -0.00291774   -0.037715  -0.0172058 0.00782643    0.14648   -10.8554
1.77667e+09  0.00347384  0.0315272 0.00942582 0.621297 0.432553 -8.08818
1.77667e+09  -0.00185248   0.0325925  0.00303424  0.323597 -0.104748    -9.617
1.77667e+09  -0.00504827   0.0155482 -0.00442261 -0.156337 -0.272266   -11.569
1.77667e+09   -0.0114399  -0.0142792 -0.00229209 -0.169463 -0.100429  -11.6269
1.77667e+09  -0.00930933  -0.0238665 -0.00229209 0.168672 0.247087 -9.71079
1.77667e+09   -0.0071788  -0.0121486 0.000903707 0.422381 0.339659 -8.56662
1.77667e+09  -0.00504827  0.00915666 -0.00122682 0.613546 0.283573 -8.15197
1.77667e+09   -0.0157009   0.0123524 -0.00655314 0.0754231 -0.201986  -10.3172
1.77667e+09   -0.0252883 -0.00788757 -0.00548788 -0.178863 -0.338297  -11.3681
1.77667e+09   -0.0252883  -0.0302581 -0.00442261  -0.163223 -0.0750211   -11.3334
1.77667e+09  -0.0103746 -0.0291929 0.00196897 0.0486547  0.168278   -10.247
1.77667e+09  0.00347384 -0.0100181 0.00196897  0.60693 0.460542 -8.02377
1.77667e+09   0.00986543   0.0102219 -0.00122682 0.578766 0.216483 -8.52391
1.77667e+09  0.000278048  0.00809139 -0.00655314    0.26012 -0.0456033   -9.76016
1.77667e+09   -0.0114399 -0.00682231 -0.00761841 -0.220298 -0.326747  -11.7546
1.77667e+09   -0.0114399  -0.0196055 -0.00548788 -0.212756 -0.192397   -11.655
1.77667e+09  0.00134331 -0.0121486 0.00516476 0.232811 0.365213 -9.47528
1.77667e+09   0.0151917  0.0112872 0.00303424 0.698963 0.464172  -7.7736
1.77667e+09   0.0109307  0.0304619 0.00516476 0.642119 0.290276 -8.13782
1.77667e+09  -0.00291774   0.0208746 0.000903707 0.0409068 -0.149063   -10.575
1.77667e+09   -0.0146357 -0.00682231  0.00836056 -0.170643 -0.279182   -11.576
1.77667e+09  -0.0125051 -0.0270623 0.00942582 -0.0923551 -0.0633862   -11.1476
1.77667e+09  0.00240858 -0.0132139 0.00729529 0.487839 0.510656 -8.61778
1.77667e+09    0.0141265   0.0176788 -0.00655314 0.706465 0.500194 -7.81675
1.77667e+09    0.0173223   0.0357883 -0.00655314  0.50712 0.020226 -8.78055
1.77667e+09  -0.00398301   0.0048956  0.00303424 -0.204616  -0.14754  -11.8629
1.77667e+09   0.00560437   0.0155482 -0.00655314 0.705894 0.407364 -7.80204
1.77667e+09  -0.0135704 -0.0355844 0.00623003  0.11255 0.215556 -10.0541
1.77667e+09   0.00986543   0.0102219 -0.00442261 0.628047 0.480461 -7.90222
1.77667e+09     0.0141265     0.018744 -0.000161557   0.344376 -0.0857924   -9.40234
1.77667e+09    0.0077349   0.0048956 -0.00868367 0.0400819 -0.291724  -10.5673
1.77667e+09  0.000278048  -0.0142792  -0.0161405  -0.19863 -0.171963  -11.5763
1.77667e+09  -0.00504827  -0.0196055  -0.0108142  -0.0784048 -0.00136287    -10.9546
1.77667e+09  -0.00824407 -0.00149599 -0.00122682  0.40181 0.412496 -8.69572
1.77667e+09  -0.00824407    0.018744  0.00196897 0.649825 0.390017 -8.13827
1.77667e+09  -0.0135704   0.018744 0.00516476  0.486678 0.0934336  -8.94547
1.77667e+09   -0.0157009 -0.00149599 0.000903707 -0.0506808  -0.319794   -11.2112
1.77667e+09  -0.0167662 -0.0238665 0.00303424 -0.170042 -0.249405  -11.6979
1.77667e+09  -0.00504827  -0.0291929  0.00836056 0.0488551  0.112726    -10.39
1.77667e+09  -0.000787216   -0.0185402    0.0115564 0.0914383  0.237746  -10.1114
1.77667e+09   -0.00504827   -0.0281276 -0.000161557 -0.0490141  0.0918558   -11.0339
1.77667e+09   -0.0135704  -0.0238665 -0.00868367  -0.211556 -0.0556785   -11.7773
1.77667e+09  -0.0167662 -0.0334539   -0.01401 -0.0909595 -0.0243292   -11.4772
1.77667e+09   -0.024223 -0.0164097 0.00623003  -0.0853311 -0.00768124    -11.0262
1.77667e+09   -0.0114399  0.00169981 0.000903707 0.437912  0.56053 -8.56761
1.77667e+09  0.00347384  0.0293967 -0.0129447 0.628117 0.515738 -7.86656
1.77667e+09  0.00453911  0.0379188 -0.0204016   0.428892 -0.0340412    -8.9733
1.77667e+09  -0.00504827   0.0208746  -0.0129447  0.139465 -0.224445  -10.2744
1.77667e+09   -0.0114399 -0.00575704  0.00303424 -0.141051 -0.227479  -11.7769
1.77667e+09  -0.0071788 -0.0142792 0.00623003 0.127145 0.146124 -10.2473
1.77667e+09    0.0077349 -0.00149599   0.0040995 0.388519 0.422507 -8.96067
1.77667e+09   0.0151917  0.0176788 0.00303424 0.648965 0.373535 -7.92336
1.77667e+09   0.0130612  0.0166135 0.00729529  0.485321 0.0474697  -8.63733
1.77667e+09   0.00240858  0.00169981 0.000903707 -0.100802 -0.263458  -11.0966
1.77667e+09  0.000278048  -0.0164097 -0.00548788  -0.233832 -0.0999509   -11.6123
1.77667e+09  -0.000787216   -0.0142792  -0.00442261 -0.0502081   0.102482   -10.6831
1.77667e+09    0.00666963    0.0048956 -0.000161557  0.50806 0.535035 -8.23843
1.77667e+09  0.00880016  0.0262009 0.00196897 0.656388 0.500533 -7.80218
1.77667e+09     0.0077349    0.0251356 -0.000161557  0.358353 -0.114894  -9.35932
1.77667e+09    0.00240858   0.00276507 -0.000161557 -0.120435 -0.265114   -11.605
1.77667e+09  0.000278048  -0.0196055  0.00516476 -0.183264 -0.112918  -11.7843
1.77667e+09  0.00880016  -0.021736  0.0115564  0.12676  0.27832 -9.93271
1.77667e+09    0.0141265 0.000634542  0.00836056 0.409249 0.469387 -8.68884
1.77667e+09     0.011996   0.0219398 0.000903707 0.634767 0.303789 -8.05907
1.77667e+09  -0.00185248   0.0208746 -0.00868367  0.138677 -0.282814  -10.1453
1.77667e+09   -0.0125051  0.00169981 -0.00335735 -0.100747 -0.340472  -11.2324
1.77667e+09  -0.00611354   -0.017475  0.00623003  -0.169829 -0.0243046   -11.4052
1.77667e+09  0.00560437 -0.0121486 0.00729529 -0.000626143     0.191933     -10.4187
1.77667e+09   0.0130612 0.00702613 0.00196897 0.507834 0.499314 -8.23112
1.77667e+09  0.00666963   0.018744 -0.0129447  0.56463 0.217067 -8.56681
1.77667e+09  -0.00824407   0.0123524  -0.0108142   0.309566 -0.0898306   -9.66712
1.77667e+09   -0.0210272 -0.00788757 -0.00655314 -0.120509 -0.237264  -11.5406
1.77667e+09  -0.0178314 -0.0206707 0.00623003  -0.126881 -0.0806452   -11.5126
1.77667e+09  -0.00291774  -0.0132139  0.00836056  0.19707 0.295379 -9.58223
1.77667e+09  0.00986543  0.0102219 0.00623003 0.585635 0.468177 -8.05235
1.77667e+09   0.0077349  0.0272662 0.00516476 0.571661 0.328917 -8.35963
1.77667e+09  -0.00291774    0.018744  0.00303424 0.0475434 -0.171633  -10.4676
1.77667e+09   -0.0103746 -0.00575704  0.00729529 -0.178158 -0.217024  -11.3757
1.77667e+09  -0.00611354   -0.021736  0.00303424 -0.0917883  0.0925701   -11.0624
1.77667e+09  0.00240858 -0.0164097  0.0040995 0.366612 0.421382 -8.83165
1.77667e+09   0.00560437  0.00276507 -0.00335735  0.56431 0.447665 -8.11661
1.77667e+09   0.00134331  0.00915666 -0.00335735  0.486444 0.0927664  -8.88101
1.77667e+09  0.0130612 0.0240704 0.0136869 0.763236 0.428343 -7.81673
1.77667e+09  0.00560437  0.0102219  0.0040995 0.577953 0.158039  -8.3876
1.77667e+09  -0.00611354   0.0262009   0.0115564   0.266402 -0.0902283   -9.58813
1.77667e+09   -0.0103746   0.0155482 0.000903707  0.125131 -0.140236  -10.1315
1.77667e+09  0.00666963  0.0048956 0.00942582  0.37363 0.434978 -8.77445
1.77667e+09     0.016257   0.0240704 0.000903707 0.570563 0.374894 -7.98027
1.77667e+09   0.00880016   0.0198093 -0.00868367 0.407536 0.099698 -8.78755
1.77667e+09   -0.0071788 -0.00682231  -0.0108142 -0.0860633  -0.234264   -11.1756
1.77667e+09   -0.0167662  -0.0345192 -0.00655314 -0.191059   -0.2059  -11.7481
1.77667e+09  -0.00930933  -0.0355844 -0.00761841 0.0280957  0.142935  -10.5332
1.77667e+09  0.00453911 -0.0110834   -0.01401 0.529312 0.492198 -8.25268
1.77667e+09   0.00560437   0.0102219 -0.00655314 0.620605 0.409534 -7.93053
1.77667e+09  -0.00398301   0.0123524 0.000903707  0.265799 -0.134042  -9.48769
1.77667e+09   -0.0178314 -0.00682231  0.00729529 -0.00220659   -0.254548    -10.6746
1.77667e+09   -0.019962 -0.0228013 0.00516476 -0.155576 -0.122772  -11.5481
1.77667e+09  -0.00930933  -0.0206707   0.0040995 0.154669 0.276114 -9.74665
1.77667e+09   0.000278048   0.00596086 -0.000161557  0.41628 0.476002 -8.64593
1.77667e+09    0.0077349   0.0325925 -0.00122682 0.578254 0.271145 -8.29498
1.77667e+09    0.00347384     0.034723 -0.000161557 0.0680891 -0.244544  -10.3313
1.77667e+09  -0.000787216     0.014483   0.00516476 -0.128526  -0.23266    -11.29
1.77667e+09  -0.000787216  -0.00575704   0.00836056 -0.0990361  0.0151805   -11.1551
1.77667e+09   0.00560437 -0.00682231  0.00942582 0.0837588  0.138078  -10.1181
1.77667e+09   0.0109307 0.00809139 0.00942582  0.52888  0.46992 -8.16665
1.77667e+09  0.00986543   0.018744 0.00303424 0.521882 0.126656 -8.74526
1.77667e+09  -0.00185248  0.00915666 -0.00229209  0.238403 -0.172463  -9.88127
1.77667e+09   -0.0103746  -0.0132139 -0.00868367 -0.205852 -0.249279  -11.6762
1.77667e+09  -0.00824407  -0.0291929 -0.00548788  -0.191054 -0.0725926    -11.541
1.77667e+09   0.00134331  -0.0196055 0.000903707 0.239244 0.278924  -9.4105
1.77667e+09     0.0077349 -0.000430722   0.00942582 0.663789 0.459096 -7.93811
1.77667e+09  0.00453911  0.0102219 0.00836056 0.600155 0.321361 -8.34542
1.77667e+09   -0.0071788 -0.00362651  0.00729529 0.0333433 -0.255415  -10.6247
1.77667e+09   -0.0114399  -0.0206707 -0.00122682 -0.156746 -0.322542   -11.533
1.77667e+09  -0.00930933  -0.0249318 -0.00442261 -0.106169 0.0223054  -11.1479
1.77667e+09   0.00560437 -0.00469178 -0.00868367 0.387257 0.320695 -8.76689
1.77667e+09     0.016257   0.0198093 -0.00655314 0.634866 0.367212 -7.98772
1.77667e+09    0.0205181   0.0272662 -0.00548788 0.500703 0.127607 -8.81677
1.77667e+09    0.0141265  0.00276507 -0.00548788  0.167871 -0.105971  -10.0387
1.77667e+09    0.0109307  -0.0249318 -0.00229209 -0.213252 -0.299041  -11.6832
1.77667e+09  0.00560437 -0.0398455  0.0040995 0.0212745  0.242149  -10.4691
1.77667e+09  0.00240858 -0.0259971 0.00729529  0.29671 0.440562 -9.23958
1.77667e+09  -0.00291774 -0.00788757  0.00623003 0.706308 0.394514 -7.93805
1.77667e+09   0.00880016   0.0048956 -0.00655314 0.656111 0.373465  -7.9234
1.77667e+09   -0.0167662  -0.0302581 -0.00229209 -0.171293 -0.281036   -11.397
1.77667e+09  0.00453911 -0.0451718  0.0126216 -0.0486546    0.15602   -11.0342
1.77667e+09   0.0215833  0.0198093 0.00516476  0.55621 0.122305  -8.3587
1.77667e+09   0.00880016  0.00702613 -0.00442261 0.267797 0.327661 -9.32491
1.77667e+09   0.00880016   0.0293967 0.000903707 0.678073  0.49401 -7.88104
1.77667e+09  0.000278048   0.0251356  0.00303424   0.365763 -0.0861496   -9.38812
1.77667e+09  -0.00930933 -0.00362651  0.00303424 0.0761815 -0.262962  -10.6249
1.77667e+09   -0.0071788  -0.0238665 -0.00974894  -0.162095 -0.0928506   -11.6771
1.77667e+09  -0.00185248  -0.0206707 -0.00761841 -0.0561744  0.0848702    -11.041
1.77667e+09   0.00453911   0.0048956 -0.00655314 0.409118  0.45498 -8.67445
1.77667e+09    0.00666963    0.0219398 -0.000161557 0.656509 0.339523 -8.08797
1.77667e+09  0.00453911  0.0123524 0.00196897  0.486175 0.0218435  -8.91652
1.77667e+09  0.000278048  -0.0238665  0.00303424 -0.036532 -0.327359  -11.1826
1.77667e+09  0.00134331 -0.0441066 0.00516476 -0.119894 -0.200431  -11.6554
1.77667e+09   0.00666963  -0.0313234 -0.00442261 0.0919748  0.169121  -10.3689
1.77667e+09     0.016257   0.0048956 -0.00655314  0.52204 0.428771 -8.31684
1.77667e+09     0.016257   0.0240704 -0.00548788 0.621279 0.397425 -8.13816
1.77667e+09    0.00986543    0.0155482 -0.000161557   0.274278 -0.0741858   -9.76727
1.77667e+09   0.000278048  -0.00682231 -0.000161557 -0.00857117   -0.238218     -10.868
1.77667e+09  0.000278048  -0.0238665 -0.00548788  -0.127181 -0.0885159    -11.441
1.77667e+09   0.00453911  -0.0196055 -0.00548788 0.268089 0.279386 -9.48226
1.77667e+09    0.0077349 -0.00469178 -0.00655314 0.515267 0.408861 -8.45279
1.77667e+09    0.00240858 -0.000430722  -0.00335735 0.649953 0.285153 -8.33835
1.77667e+09  -0.00185248 -0.00682231 -0.00122682  0.423473 0.0551392  -9.31738
1.77667e+09  -0.00291774  -0.0196055  0.00516476 -0.149119 -0.223024  -11.5119
1.77667e+09   0.0077349 -0.0185402 0.00516476  -0.084879 -0.0274383   -11.1836
1.77667e+09    0.0183875 -0.00469178  0.00836056 0.176377 0.150394 -10.0184
1.77667e+09   0.0258444   0.014483 0.00303424 0.670935 0.459026 -7.93815
1.77667e+09     0.0173223    0.0262009 -0.000161557 0.684671 0.373112 -7.91637
1.77667e+09  0.000278048   0.0134177 -0.00442261  0.160001 -0.171104  -9.93818
1.77667e+09   -0.0125051  -0.0100181 -0.00335735 -0.277167 -0.304283  -11.8046
1.77667e+09   -0.0103746  -0.0238665 -0.00122682 -0.24851 -0.16405 -11.6048
1.77667e+09    0.00240858   -0.0110834 -0.000161557 0.281612 0.256006 -9.30319
1.77667e+09   0.00986543   0.0134177 -0.00335735 0.607514 0.455192 -8.19563
1.77667e+09   0.00560437   0.0166135 -0.00548788 0.635373  0.27044 -8.28093
1.77667e+09  -0.00504827 -0.00469178 -0.00548788 -0.00195868   -0.246825     -10.732
1.77667e+09  -0.0125051 -0.0313234 0.00303424 -0.198943 -0.278088  -11.6547
1.77667e+09    0.0077349 0.000634542   0.0040995 0.601031  0.55537 -8.22465
1.77667e+09  -0.00398301 -0.00149599  0.00729529  0.230823 -0.117508  -9.67378
1.77667e+09  -0.00611354  0.00702613 -0.00974894  0.103924 -0.153396  -10.2173
1.77667e+09   0.00240858  -0.0249318 -0.00761841 -0.176281 -0.169577  -11.8271
1.77667e+09  -0.0157009 -0.0132139  0.0126216 -0.184622 -0.264117  -11.6405
1.77667e+09  -0.00291774  -0.0196055  0.00942582 -0.176649 -0.107489  -11.6268
1.77667e+09     0.016257 -0.00362651 -0.00229209 0.247174 0.309151 -9.58253
1.77667e+09    0.0237139   0.0251356 -0.00655314 0.699457  0.46558 -7.90967
1.77667e+09    0.0130612    0.034723 -0.00548788 0.663816 0.276772 -8.23097
1.77667e+09   0.00134331   0.0198093 -0.00229209  0.133168 -0.186875  -10.4536
1.77667e+09  -0.00504827  -0.0100181 -0.00548788 -0.0780052  -0.217703   -11.4049
1.77667e+09  0.00453911 -0.0249318 -0.0108142 -0.105983  0.050897  -11.1552
1.77667e+09   0.0130612 -0.0121486 -0.0108142 0.331395 0.486339 -8.87472
1.77667e+09     0.011996  0.00915666 -0.00442261 0.557537 0.518954 -8.10971
1.77667e+09   0.00240858   0.0112872 -0.00122682  0.471848 0.0569623  -8.85214
1.77667e+09   -0.0114399 -0.00682231 -0.00122682 0.188779 -0.19188 -10.0242
1.77667e+09   -0.0103746  -0.0238665 -0.00335735 -0.155464 -0.157529  -11.6339
1.77667e+09   -0.00185248   -0.0132139 -0.000161557 0.034984 0.156161 -10.4402
1.77667e+09    0.0077349   0.0123524 0.000903707  0.24618 0.355423 -9.23182
1.77667e+09    0.0077349   0.0283314 -0.00229209 0.614024 0.460325 -8.00949
1.77667e+09   -0.00291774    0.0155482 -0.000161557 0.564316 0.202141  -8.5023
1.77667e+09  -0.0103746 -0.0142792 0.00516476  0.033931 -0.232692  -10.7537
1.77667e+09  -0.00930933  -0.0355844  0.00623003  -0.140952 -0.0728577   -11.5627
1.77667e+09   0.00453911  -0.0270623 0.000903707 -0.00686382   0.0893622    -10.8336
1.77667e+09     0.0173223 -0.000430722  -0.00335735 0.451498 0.425081 -8.58144
1.77667e+09     0.016257   0.0208746 -0.00229209 0.599955 0.482148 -8.03815
1.77667e+09   0.00240858    0.014483 0.000903707  0.401186 0.0318842  -9.11666
1.77667e+09  -0.00611354  -0.0100181  0.00303424 -0.164103 -0.245903  -11.3542
1.77667e+09   -0.0071788  -0.0291929 0.000903707 -0.247937 -0.148383  -11.7409
1.77667e+09    0.00666963   -0.0196055 -0.000161557 0.0839249  0.117506  -10.1968
1.77667e+09    0.0151917 0.000634542 -0.00442261 0.380657 0.322321 -8.91725
1.77667e+09    0.0130612   0.0112872 -0.00122682 0.656421 0.451517 -7.88792
1.77667e+09  -0.00504827  0.00383034  0.00516476  0.202415 -0.144783  -9.76662
1.77667e+09  0.00134331 -0.0185402 0.00196897 -0.126867  -0.07359  -11.5055
1.77667e+09  -0.00291774  -0.0153444 -0.00548788 -0.136449 -0.311977  -11.1965
1.77667e+09   0.00240858  -0.0270623 0.000903707 0.275335 0.433939 -9.26809
1.77667e+09  -0.00504827   -0.021736 -0.00442261 -0.064408 -0.268933  -11.2901
1.77667e+09    0.0077349  0.00276507 -0.00548788 0.578636 0.503745 -8.03814
1.77667e+09    0.00666963    0.0048956 -0.000161557 0.649043 0.373757 -7.94485
1.77667e+09  0.000278048 -0.00895284  0.00196897   0.24538 -0.180032  -9.84546
1.77667e+09  -0.000787216   -0.0270623  -0.00335735 -0.133975 -0.171626  -11.6698
1.77667e+09   0.00560437  -0.0291929 -0.00548788  -0.126537 -0.0375725   -11.5414
1.77667e+09     0.011996 -0.00895284 -0.00229209 0.239612 0.308034 -9.46791
1.77667e+09    0.0151917   0.0155482 -0.00122682 0.494044 0.465808 -8.42427
1.77667e+09   0.00986543   0.0262009 -0.00655314 0.600029 0.257864 -8.40961
1.77667e+09  0.000278048   0.0123524 -0.00868367 0.0759615 -0.256574  -10.5533
1.77667e+09   -0.00398301  -0.00469178 -0.000161557 -0.121043 -0.245802  -11.4045
1.77667e+09  0.00666963 -0.0110834 0.00623003 -0.0351513  0.0834751   -10.9265
1.77667e+09    0.0183875 -0.00256125 0.000903707 0.168825 0.219459 -9.79661
1.77667e+09   0.0205181 0.00383034 0.00196897 0.571038 0.432373 -8.02348
1.77667e+09   0.00347384 -0.00256125  0.00942582  0.436822 0.0873848  -9.00248
1.77667e+09  -0.0114399 -0.0185402  0.0179479   0.13226 -0.175434  -10.1815
1.77667e+09  -0.0157009 -0.0302581  0.0115564 -0.205492 -0.185115  -11.6765
1.77667e+09  -0.00611354  -0.0196055 -0.00442261  -0.127078 0.00297959   -11.3268
1.77667e+09  0.00666963  0.0048956 -0.0150753 0.323886 0.302973 -9.06011
1.77667e+09   0.00880016   0.0293967 -0.00868367 0.663601 0.416468 -7.95226
1.77667e+09  0.00240858  0.0315272 0.00516476 0.564843 0.259769 -8.55983
1.77667e+09  -0.00291774   0.0123524  0.00942582 -0.00857684   -0.280327    -10.9323
1.77667e+09   0.00134331  -0.0164097 -0.00868367 -0.063809   0.12564  -10.8406
1.77667e+09    0.0109307   0.0219398 -0.00655314 0.529615  0.61934 -8.13863
1.77667e+09  -0.00504827   0.0262009 -0.00655314 0.422724 0.186297 -8.90257
1.77667e+09    0.0141265  0.00915666 -0.00655314 0.663536   0.5145 -7.78079
1.77667e+09  -0.00291774 -0.00362651 -0.00335735 0.641898 0.479062 -7.78054
1.77667e+09  -0.00398301   0.0155482 -0.00229209  0.252316 -0.103532  -9.66678
1.77667e+09  -0.0135704  0.0208746 0.00729529 -0.0014229  -0.224251   -10.8466
1.77667e+09  -0.0103746  0.0112872 0.00516476  -0.141228 -0.0946905   -11.5197
1.77667e+09    0.00347384 -0.000430722    0.0040995 -0.0144559  0.0600989   -10.7547
1.77667e+09    0.0226486   0.0048956 -0.00335735 0.465812 0.488142 -8.48868
1.77667e+09  0.0311707 0.0198093 0.0040995 0.592587 0.278136 -8.29507
1.77667e+09   0.0237139  0.0272662 0.00196897   0.351242 -0.0445686   -9.25932
1.77667e+09  0.00666963  0.0112872  0.0136869 -0.142586  -0.24589  -11.3758
1.77667e+09  -0.00185248  -0.0121486   0.0104911 -0.169623 -0.128947  -11.6268
1.77667e+09  0.00347384 -0.0228013 0.00836056 0.133671 0.172348 -10.0326
1.77667e+09     0.016257 -0.00362651 -0.00974894 0.628639 0.440058 -8.13121
1.77667e+09    0.0215833   0.0208746 -0.00974894 0.720891 0.332064  -8.1169
1.77667e+09    0.0151917   0.0315272 -0.00442261  0.274629 -0.171402  -10.0175
1.77667e+09  0.00240858   0.014483 0.00516476 -0.0221797  -0.271205   -11.1113
1.77667e+09  -0.000787216   -0.0100181  0.000903707  -0.134273 -0.0742617   -11.4338
1.77667e+09  0.00453911 -0.0132139 0.00196897 0.303281  0.31959 -9.26776
1.77667e+09     0.0130612   0.00169981 -0.000161557 0.550763 0.485008 -8.26708
1.77667e+09   0.0109307  0.0166135 0.00196897 0.550192 0.300979 -8.39522
1.77667e+09   0.00240858  0.00915666 -0.00122682   0.287785 -0.0274591   -9.47392
1.77667e+09   -0.00930933   -0.0110834 -0.000161557 -0.178135 -0.336222  -11.5686
1.77667e+09   -0.0125051  -0.0313234 -0.00229209   -0.0925155 -0.000704676     -11.0047
1.77667e+09  -0.00611354  -0.0228013 -0.00335735 0.125853 0.198563 -9.80348
1.77667e+09   0.00880016  0.00702613 -0.00335735 0.641942 0.423065 -7.88056
1.77667e+09    0.0109307   0.0251356 0.000903707 0.0977525 -0.248764  -10.6394
1.77667e+09   0.00240858    0.018744 -0.00335735  0.053799 -0.321567  -10.4526
1.77667e+09    0.0109307  0.00915666 0.000903707 0.705921 0.421474 -7.78778
1.77667e+09  -0.00611354  0.00809139   0.0040995 -0.128715 -0.289324  -11.3256
1.77667e+09  0.00453911  0.0336577 0.00303424  0.167116 -0.213356  -9.99533
1.77667e+09   0.00134331  0.00596086 -0.00229209 -0.205536 -0.220317  -11.7193
1.77667e+09   0.00240858  -0.0164097 -0.00442261  -0.176902 -0.0520851   -11.4695
1.77667e+09   0.00560437 -0.00788757 -0.00655314 0.217514 0.341443 -9.23162
1.77667e+09   0.00666963   0.0251356 0.000903707 0.606047 0.366823 -7.92312
1.77667e+09  0.00347384  0.0464409 0.00623003 0.535015 0.102164 -8.45877
1.77667e+09  -0.00291774   0.0315272   0.0104911 0.0118909  -0.35346  -10.7746
1.77667e+09  -0.00824407 -0.00149599   0.0126216 -0.156524 -0.314894  -11.5831
1.77667e+09  -0.0071788 -0.0259971 0.00623003 -0.0569619  0.0265009   -10.9119
1.77667e+09   0.00453911   -0.017475 -0.00122682 0.430165 0.439623 -8.58856
1.77667e+09     0.016257  0.00276507 -0.00761841 0.621237 0.467458 -8.01671
1.77667e+09    0.0194528    0.014483 -0.00868367    0.42249 -0.0108043   -9.14523
1.77667e+09   0.00560437  0.00276507 -0.00655314  0.125298 -0.252008   -10.353
1.77667e+09  -0.00824407  -0.0228013 -0.00122682 -0.148295 -0.185597   -11.684
1.77667e+09  -0.0135704 -0.0334539 0.00942582 0.155474 0.173177 -10.1329
1.77667e+09  -0.00398301  -0.0110834   0.0136869 0.380883 0.358042 -8.92456
1.77667e+09  0.00666963  0.0272662 0.00623003 0.642462 0.424547  -8.0238
1.77667e+09   0.00560437    0.054963 -0.00442261  0.245476 -0.144682  -9.81697
1.77667e+09  -0.00611354   0.0443104 -0.00548788 -0.0301618   -0.30158    -10.925
1.77667e+09   -0.0231578    0.018744 -0.00229209 -0.141867 -0.117561  -11.3763
1.77667e+09    -0.0263536  -0.00362651 -0.000161557 0.0276842 0.0786227  -10.5186
1.77667e+09   -0.0135704 -0.00256125 -0.00548788 0.464336 0.329591  -8.3233
1.77667e+09  0.00347384  0.0048956 -0.0118795 0.563872 0.186844 -8.40197
1.77667e+09    0.0130612   0.0048956 -0.00868367   0.323359 -0.0422884   -9.45255
1.77667e+09    0.0130612  -0.0121486 -0.00335735 -0.227643 -0.257089  -11.5902
1.77667e+09    0.011996 -0.0334539 0.00516476  -0.27655 -0.162215   -11.755
1.77667e+09   0.0151917 -0.0313234 0.00942582 0.118964 0.185337 -9.89649
1.77667e+09    0.0226486 -0.00682231  0.00516476 0.606738 0.481041 -7.93792
1.77667e+09    0.0215833   0.0208746 -0.00122682 0.627918 0.388892 -8.00926
1.77667e+09   0.00666963   0.0251356 -0.00974894  0.117825 -0.168684  -10.1313
1.77667e+09  -0.00824407   0.0048956 -0.00548788 -0.157696 -0.332267  -11.2823
1.77667e+09   -0.0114399  -0.0196055 -0.00335735   -0.23413 -0.0937853   -11.5192
1.77667e+09  -0.00504827  -0.0185402 -0.00122682 0.302891 0.318478 -9.16033
1.77667e+09   0.00560437   0.0048956 -0.00229209 0.614414 0.461437 -8.11691
1.77667e+09    0.00666963    0.0262009 -0.000161557 0.613992 0.221707 -8.37372
1.77667e+09  -0.00185248   0.0208746 0.000903707    0.30199 -0.0980024   -9.55963
1.77667e+09    -0.0146357   -0.0100181 -0.000161557 -0.199015 -0.327401  -11.7118
1.77667e+09  -0.0157009 -0.0313234 0.00303424 -0.0925517  0.0202386   -10.9618
1.77667e+09  -0.00504827  -0.0259971   0.0040995 0.168477 0.239513 -9.66779
1.77667e+09    0.00240858 -0.000430722   0.00516476 0.684628 0.443145 -7.79492
1.77667e+09  -0.000787216     0.014483   0.00303424 0.656086 0.282192 -8.05908
1.77667e+09  -0.0114399  0.0102219 0.00196897 0.0756254 -0.243501  -10.4388
1.77667e+09   -0.0178314 -0.00895284 0.000903707 -0.233258 -0.175483  -11.8913
1.77667e+09   -0.0125051 -0.00469178  0.00729529 -0.191708 -0.390152  -11.8548
1.77667e+09   0.00880016   0.0315272 -0.00655314 0.591919 0.437589  -7.8589
1.77667e+09  -0.00824407  -0.0185402 -0.00655314  -0.106072 -0.0335433   -11.2623
1.77667e+09  -0.00398301  -0.0270623  0.00196897 -0.0429958   0.109616   -10.6903
1.77667e+09   -0.0167662  -0.0291929 0.000903707  -0.134441 -0.0677254   -11.3766
1.77667e+09   0.00666963   0.0208746 -0.00122682  0.394226 0.0605454   -9.1239
1.77667e+09  0.00453911 -0.0100181 0.00196897 0.211509 0.421938 -9.42528
1.77667e+09    0.0130612   0.0166135 -0.00548788 0.663139 0.457242 -7.75907
1.77667e+09  0.00347384 0.00276507 0.00516476  0.174212 -0.199538  -9.95961
1.77667e+09     0.0205181    0.0166135 -0.000161557  0.63435 0.393802 -7.80163
1.77667e+09  -0.00398301 -0.00788757 -0.00335735 -0.156744 -0.308506  -11.5115
