   0.120269   0.0945762 -0.00205336  -0.00631364 -0.000476946  -0.00131481  0 -0  0 0 0 0 -3.55364e-12  -2.6845e-13 -7.40041e-13   1.18143e-12   9.2895e-13 -2.12784e-14 0 0 0 0 0 0 0.0064667
 0.0817794  0.0106978 -0.0247646  -0.00161627   0.00251123 -0.000731679  0 -0  0 0 0 0  0.0469703  0.0298796 0.00583086  -0.00671288  -0.0146439 -0.00393738 0 0 0 0 0 0 0.0120644
 0.0178362 -0.0175225  -0.028749 -0.00109309   0.0018803 -0.00218739  0 -0  0 0 0 0  0.00612134 -0.00663236  -0.0147527   -0.0109033 -0.00576797   0.0018776 0 0 0 0 0 0 0.013735
0.0174929 0.0510159  0.100043  -0.0138625 -0.00412351 -0.00267258  0 -0  0 0 0 0   -0.128935  -0.0606218 -0.00489913  -5.98216e-05    0.0120724    0.0227157 0 0 0 0 0 0 0.0278537
0.0394375 0.0116557 0.0412792 -0.00230803 -0.00632413 -0.00461927  0 -0  0 0 0 0  0.0181209 -0.0740454  -0.131011   0.0281816 -0.0312919 0.00430506 0 0 0 0 0 0 0.0397759
-0.057433 -0.353059  0.108731   0.0038465 -0.00242951  -0.0051832  0 -0  0 0 0 0   0.128338  0.0736585 -0.0808066  -0.0821383  -0.305335  0.0428471 0 0 0 0 0 0 0.0470809
 0.0156632 -0.0793272 -0.0008439 -0.000541043  0.000726157  -0.00315923  0 -0  0 0 0 0 0.00202462  0.0506695 0.00240972   -0.00377749 -0.000103222    -0.041207 0 0 0 0 0 0 0.052852
0.00887788  0.0501033 -0.0451964 -0.00252945 -0.00425831 -0.00427868  0 -0  0 0 0 0 -0.0337778 -0.0795921 0.00357917   0.0197312  0.0854221 -0.0388219 0 0 0 0 0 0 0.058334
 0.0210635  0.0959283 -0.0697526 -0.00434291 -0.00592545 -0.00395077  0 -0  0 0 0 0 -0.0627363 -0.0949386  0.0135475    0.018957  0.0742449 -0.0382296 0 0 0 0 0 0 0.060819
0.00463082  0.0527139 -0.0193436 -0.00505539 -0.00497579 -0.00477214  0 -0  0 0 0 0 -0.0589628 -0.0601968 -0.0184959  -0.000334437    0.0178303  -0.00624746 0 0 0 0 0 0 0.0622627
  0.107131  0.0404995 -0.0726548 -0.000183956  -0.00207436  -0.00387223  0 -0  0 0 0 0  0.0307054 0.00629434 0.00643177    0.053132 0.00819205 -0.0222365 0 0 0 0 0 0 0.0680037
  0.132026  0.0612952 -0.0563747 -0.00114814  0.00261752 -0.00472459  0 -0  0 0 0 0  0.00162686   0.0665796 -0.00935549    0.0210256  0.00758098 -0.00422005 0 0 0 0 0 0 0.0728689
 0.0420646  0.0748266 -0.0273374 -0.00228282 0.000368606 -0.00424539  0 -0  0 0 0 0  -0.0245966 -0.00645564   0.0142441  -0.0403321 0.00894035   0.018834 0 0 0 0 0 0 0.075433
0.00568729  0.0729996 -0.0789401 -0.00361187 -0.00086035 -0.00398649  0 -0  0 0 0 0 -0.0443164 -0.0284795  0.0173909   -0.0408801 0.000832396  -0.0131814 0 0 0 0 0 0 0.0772616
 0.00636999    0.021876 -0.00665535 -0.00431989 -0.00142129 -0.00444274  0 -0  0 0 0 0  -0.0471027   -0.033397 -0.00389892  -0.0255783 -0.0326918  0.0189805 0 0 0 0 0 0 0.0782735
-0.0250635 -0.0607404  0.0286609 -0.00108041  0.00130967 -0.00455809  0 -0  0 0 0 0   0.0160547    0.018459 -0.00821636   -0.034416 -0.0620786  0.0253246 0 0 0 0 0 0 0.0825121
   0.058676 -0.00498252   0.0617531 -0.00135407 0.000603297 -0.00516653  0 -0  0 0 0 0  0.00680161 -0.00414767  -0.0130031    0.0169004 -0.00241461   0.0204655 0 0 0 0 0 0 0.0834838
 0.0282246 0.00464037  0.0376013   -0.0016603 -0.000447707  -0.00348253  0 -0  0 0 0 0 -0.00689185  -0.0224741   0.0246285  -0.0129348  0.0105801 -0.0121824 0 0 0 0 0 0 0.0854923
-0.00616614   0.0419303  -0.0694856 -0.00254533 -0.00191378 -0.00419542  0 -0  0 0 0 0 -0.0241899 -0.0435996 0.00364361  -0.0237438  0.0262541 -0.0607296 0 0 0 0 0 0 0.0873473
 -0.0234953   0.0201835 -0.00609725 -0.000117097  -0.00577489  -0.00539489  0 -0  0 0 0 0  0.0251684  -0.102461 -0.0317755  -0.0193323 0.00489372 -0.0168369 0 0 0 0 0 0 0.0920635
-0.0353149   0.015525 -0.0401883  0.00169804 -0.00361863 -0.00592848  0 -0  0 0 0 0   0.048578 -0.0445534  -0.035554   -0.019908  0.0011584 -0.0243446 0 0 0 0 0 0 0.0949322
 0.0764707  0.0412308 -0.0875552  0.00205915 0.000367082 -0.00561581  0 -0  0 0 0 0 0.0284163 0.0309188 -0.011847   0.0267712 0.00789767 -0.0244036 0 0 0 0 0 0 0.0989464
-0.0208989  0.0687325   -0.13183  0.00138061 -0.00363484 -0.00742664  0 -0  0 0 0 0 -0.00107572  -0.0543727  -0.0273047  -0.0296879  0.0135649 -0.0297158 0 0 0 0 0 0 0.103391
-0.015891 0.0736024 -0.205784 0.000957189 -0.00459646 -0.00600638  0 -0  0 0 0 0 -0.0110007 -0.0612274  0.0131416  -0.0202895  0.0125905 -0.0549816 0 0 0 0 0 0 0.105158
-0.0312083  0.0464034 -0.0897614 -0.000924455  -0.00774158  -0.00671231  0 -0  0 0 0 0 -0.0401317  -0.104322 -0.0101654  -0.0177088 -0.0121804  0.0055269 0 0 0 0 0 0 0.10889
 -0.0350316 -0.00455578  -0.0211895 -0.000525725  -0.00383994   -0.0073737  0 -0  0 0 0 0 -0.0240693 -0.0215288 -0.0266827  -0.0145017 -0.0359113  0.0254762 0 0 0 0 0 0 0.112867
 0.00311005  -0.0803559 -0.00778402   0.0014697 -0.00318727 -0.00596167  0 -0  0 0 0 0   0.0138872 -0.00499625   0.0114837  0.00859479 -0.0508657   0.021285 0 0 0 0 0 0 0.115398
  0.0171549   0.0332929 0.000367004 -0.00278512 -0.00234243 -0.00622671  0 -0  0 0 0 0 -0.0469008 0.00850448 0.00364467  0.00440653  0.0122343  0.0055803 0 0 0 0 0 0 0.119744
  0.0210591    0.026994 -0.00869677 -0.00670939 -0.00295181 -0.00507122  0 -0  0 0 0 0   -0.104377 -0.00765884   0.0323159  -0.00308728 -0.00267227  -0.0055917 0 0 0 0 0 0 0.12388
  0.013687 0.00932423 -0.0141488 -0.00774836  -0.0013376 -0.00521921  0 -0  0 0 0 0 -0.101452 0.0237992 0.0142184  -0.00762289  -0.0141321  -0.0069135 0 0 0 0 0 0 0.125805
 -0.0091219  -0.0265439 -0.00404881  -0.00150885 -0.000243377  -0.00530622  0 -0  0 0 0 0  0.0195996  0.0371582 0.00392848  -0.0184759 -0.0257612 0.00304981 0 0 0 0 0 0 0.13214
0.0361426 -0.192097  0.070288  0.00141424 0.000865777 -0.00323895  0 -0  0 0 0 0 0.0609215 0.0420689 0.0444971   0.0116234 -0.0901082  0.0378261 0 0 0 0 0 0 0.135888
0.0285078 -0.023496 0.0392287  0.00163451 0.000739765 -0.00442601  0 -0  0 0 0 0  0.0382555  0.0167233 0.00702902  0.000590186   0.0175168 -0.00299527 0 0 0 0 0 0 0.137102
 0.0193088  0.0178722 -0.0107896   0.00186712 -0.000132554  -0.00502315  0 -0  0 0 0 0   0.0321751 -0.00374234 -0.00662088  -0.000631459    0.0374044   -0.0292083 0 0 0 0 0 0 0.138185
   0.017238 -0.00345977      -0.037  0.00264408 -0.00360757 -0.00555547  0 -0  0 0 0 0  0.0388771 -0.0705309 -0.0189847  0.00345452 0.00459578 -0.0301906 0 0 0 0 0 0 0.141785
-0.00150738  -0.0228304 -0.00666593  0.00284197 -0.00204891 -0.00585489  0 -0  0 0 0 0  0.0349226 -0.0275773 -0.0217866   -0.0109806 -0.00945071   -0.010038 0 0 0 0 0 0 0.143384
-0.0714822 -0.0316938 -0.0471815  0.00309962 -0.00206633 -0.00552061  0 -0  0 0 0 0   0.0293647  -0.0181335 -0.00398798   -0.0439524 -0.00858253  -0.0260774 0 0 0 0 0 0 0.143807
-0.117889  0.029231 -0.132253  0.00326787 -0.00495616  -0.0101278  0 -0  0 0 0 0   0.015483 -0.0462746 -0.0605352  -0.0216484  0.0106556 -0.0300515 0 0 0 0 0 0 0.149248
-0.0364937  0.0522336  -0.146959  0.00326904 -0.00557963 -0.00745815  0 -0  0 0 0 0 0.00884029 -0.0525096  0.0220194   0.0461985  0.0397175 -0.0242283 0 0 0 0 0 0 0.151989
-0.0607901  0.0327625 -0.0997865   0.0024216   -0.014784 -0.00831922  0 -0  0 0 0 0 -0.00767159   -0.216114 -0.00859307   0.0183276 0.00284152 0.00559748 0 0 0 0 0 0 0.161273
-0.0507636  0.0372983  -0.067847 0.000110324 -0.00492525 -0.00933182  0 -0  0 0 0 0   -0.0447119 -0.000733103   -0.0364438  0.0127356 0.0030233 0.0168703 0 0 0 0 0 0 0.171449
-0.0377034  0.0293733  -0.035132 0.000212423 -0.00443905 -0.00797793  0 -0  0 0 0 0  -0.031443 0.00765978  0.0100233   0.00971624 0.000178847   0.0254095 0 0 0 0 0 0 0.172891
 0.074136 0.0804433  0.241294 -0.00244864 -0.00343169 -0.00658367  0 -0  0 0 0 0 -0.0438431  0.0115846  0.0214959  0.0328326 0.0141668 0.0906814 0 0 0 0 0 0 0.17606
0.0195276 0.0881441  0.265869 -0.00342071 -0.00409224 -0.00664969  0 -0  0 0 0 0   -0.0504346 -0.000976492    0.0230759  -0.0354811 0.00715338  0.0559132 0 0 0 0 0 0 0.177237
-0.0510708  0.0413168     0.2365 -0.00269471 -0.00741818  -0.0076785  0 -0  0 0 0 0 -0.0242114 -0.0657575 -0.0152594  -0.0633729 -0.0306124  0.0225701 0 0 0 0 0 0 0.180793
-0.0752293  -0.024639  0.0358664 -0.00141068 -0.00440706 -0.00818143  0 -0  0 0 0 0 0.00364054 0.00058421 -0.0280647  -0.0554484 -0.0570945 -0.0665835 0 0 0 0 0 0 0.184105
 -0.108723   -0.09642 -0.0762072  0.00155589 -0.00239835 -0.00667905  0 -0  0 0 0 0 0.0543425 0.0369041 0.0187464  -0.0517627 -0.0641192 -0.0891978 0 0 0 0 0 0 0.18799
-0.0274502 -0.0420717  -0.110698 0.000121797  0.00101393  -0.0056314  0 -0  0 0 0 0 0.0091024 0.0536545 0.0200661   0.00744345 -0.00580883  -0.0272907 0 0 0 0 0 0 0.191837
 0.0100322 0.00421605  -0.141763 -3.14035e-05   0.00166606  -0.00637954  0 -0  0 0 0 0 0.00660793  0.0474348 0.00040556   0.0358183  0.0267257 -0.0277688 0 0 0 0 0 0 0.192841
  0.0130005 -0.00747565    -0.15725 -0.000115019   0.00116905    -0.006832  0 -0  0 0 0 0 0.00395899  0.0295744 -0.0112014    0.027486 0.00700218 -0.0280906 0 0 0 0 0 0 0.193518
0.00218412 -0.0267108 -0.0288808  0.00253222 0.000727002 -0.00845114  0 -0  0 0 0 0  0.0515957  0.0137477 -0.0607098    0.0106335 -0.00546535   0.0339136 0 0 0 0 0 0 0.196653
 0.0226815 -0.0288269   0.037436    0.003183 8.36977e-05  -0.0078307  0 -0  0 0 0 0    0.0502356 -0.000838901   -0.0205276      0.01581 -0.00347042   0.0485108 0 0 0 0 0 0 0.197758
 0.0249332 -0.0817277  0.0057309  0.00437226 -0.00109419 -0.00286762  0 -0  0 0 0 0  0.0315446 -0.0147068  0.0585643   0.00213825  -0.0153231 -0.00192928 0 0 0 0 0 0 0.202996
-0.0515796  0.0296413 -0.0384206  0.00249986 -0.00409484 -0.00746654  0 -0  0 0 0 0 -0.00498975  -0.0598705  -0.0248437  -0.0233243  0.0486073 -0.0285017 0 0 0 0 0 0 0.208798
-0.0322832  0.0411267  -0.092953  0.00246145 -0.00523056  -0.0074361  0 -0  0 0 0 0 -0.00531134   -0.068142  -0.0166963  0.00160623  0.0331022 -0.0474931 0 0 0 0 0 0 0.209935
 -0.108887 0.00230174  -0.148582  0.00090071 -0.00861068  -0.0101116  0 -0  0 0 0 0  -0.03152     -0.12 -0.091302   -0.0418354 -0.00690379  -0.0558478 0 0 0 0 0 0 0.214519
 -0.136409 -0.0359774  -0.112583  0.00152052 -0.00873878  -0.0100183  0 -0  0 0 0 0 -0.0128986 -0.0906675 -0.0542148  -0.0405728 -0.0234896 -0.0239135 0 0 0 0 0 0 0.215159
-0.0719905  0.0528725  -0.095762 0.000328922 -0.00497959  -0.0113164  0 -0  0 0 0 0 -0.0157411 0.00977652 -0.0387185   0.00262906   0.0180964 0.000374183 0 0 0 0 0 0 0.219311
-0.0933798  0.0991422  -0.154967 -3.69752e-05   -0.0116814   -0.0106055  0 -0  0 0 0 0 -0.0218265  -0.142141   0.012127  -0.00445354   0.0423549  -0.0336089 0 0 0 0 0 0 0.22606
-0.083207  0.075399  -0.11264 -0.00074742  -0.0131454 -0.00892212  0 -0  0 0 0 0 -0.0333291  -0.149805  0.0593787  -0.000721217    0.0100547 -0.000121669 0 0 0 0 0 0 0.228401
-0.0823009  0.0581537  0.0119373 -0.00107236 -0.00953361  -0.0106179  0 -0  0 0 0 0 -0.0291805 -0.0486297 -0.0227514  -0.0024648 -0.0046116  0.0518841 0 0 0 0 0 0 0.232405
-0.100722 0.0145974 0.0449678  0.00129024 -0.00555095  -0.0093796  0 -0  0 0 0 0  0.020144 0.0337075 0.0176379  -0.0177519 -0.0240776  0.0483055 0 0 0 0 0 0 0.237198
 0.0095652  0.0203713 0.00949818 0.000340359 0.000724815  -0.0077113  0 -0  0 0 0 0 -0.00484428   0.0955427   0.0286941    0.0245652 -0.00624968 -0.00227335 0 0 0 0 0 0 0.243761
-0.011879 0.0423046 0.0243818 -0.000833252  -0.00171594  -0.00840109  0 -0  0 0 0 0 -0.0264128  0.0140968  0.0236014  0.00990917 0.00678683  0.0144231 0 0 0 0 0 0 0.246556
-0.0440578   0.040121 -0.0507034 -0.00176355 -0.00282903 -0.00854073  0 -0  0 0 0 0 -0.0391515 -0.0112728   0.015669   -0.0127904 -0.00119707  -0.0306631 0 0 0 0 0 0 0.248013
-0.0423514  -0.026829   -0.01326  0.00228346 -0.00263791 -0.00838741  0 -0  0 0 0 0 0.0449657 -0.005096 0.0126525  -0.00831926  -0.0358481 -0.00419038 0 0 0 0 0 0 0.252068
-0.0174225 -0.0765768 -0.0101986  0.00321995 -0.00124353 -0.00764945  0 -0  0 0 0 0 0.0515367 0.0203352 0.0256846   0.00722577   -0.048421 -0.00226687 0 0 0 0 0 0 0.253902
-0.00310915   -0.063689  0.00643294   0.00260468 -0.000532911  -0.00650547  0 -0  0 0 0 0 0.0145582 0.0175516 0.0273593  0.00617735 -0.0113927 0.00400607 0 0 0 0 0 0 0.255383
-0.0404241  0.0559976  0.0208054  0.00226017 -0.00259436 -0.00783793  0 -0  0 0 0 0  0.0112718 -0.0272358  0.0090401  -0.00945728   0.0729244   0.0169968 0 0 0 0 0 0 0.257861
 -0.083752  0.0892078 0.00510988  0.00185905 -0.00390455 -0.00887053  0 -0  0 0 0 0 0.000694249  -0.0454917  -0.0197824  -0.0291599  0.0552175 0.00284641 0 0 0 0 0 0 0.259577
-0.0721455  0.0182895  0.0300291  0.00326312 -0.00445976 -0.00983018  0 -0  0 0 0 0  0.0290549 -0.0462596 -0.0439708   -0.0123957 -0.00748384    0.014086 0 0 0 0 0 0 0.261366
 -0.0493177 -0.00490979   0.0221631  0.00297446 -0.00472829 -0.00883724  0 -0  0 0 0 0   0.0181912  -0.0391575 -0.00290396  0.00267948 -0.0158878 0.00749132 0 0 0 0 0 0 0.262435
-0.0548788 -0.0760486 -0.0718928  0.00319691 -0.00353425 -0.00820495  0 -0  0 0 0 0  0.00893711 0.000187899  0.00689838  -0.0032797 -0.0243698 -0.0281553 0 0 0 0 0 0 0.263804
-0.0811274  0.0320473 -0.0989054  0.00265283 -0.00813371 -0.00986583  0 -0  0 0 0 0 0.00219309 -0.0981537 -0.0100179  0.00188142  0.0597669 -0.0175507 0 0 0 0 0 0 0.268724
-0.0783745  0.0529342  -0.153773   0.0021594  -0.0094977 -0.00928712  0 -0  0 0 0 0 -0.00992786   -0.106654  0.00953175  0.00126655   0.050183 -0.0418671 0 0 0 0 0 0 0.270286
-0.103888 0.0272735 -0.113638 0.00401875 -0.0137471 -0.0112229  0 -0  0 0 0 0  0.0293484  -0.164751 -0.0560392   -0.0127474   0.0115803 -0.00988135 0 0 0 0 0 0 0.275312
  -0.129966 -0.00015547  -0.0329432 0.00598237 -0.0105501 -0.0111251  0 -0  0 0 0 0    0.05809 -0.0757559 -0.0337771   -0.0261079 -0.00824976   0.0205326 0 0 0 0 0 0 0.279065
 -0.077991 -0.0636588 -0.0380592  0.00484375 -0.00792712  -0.0131317  0 -0  0 0 0 0   0.00829713 -0.000238249   -0.0442538   0.00591471  -0.0237359 -0.00104207 0 0 0 0 0 0 0.282558
-0.0580466  0.0594326  -0.029798  0.0048355  -0.010965 -0.0104303  0 -0  0 0 0 0  0.0125006 -0.0732871  0.0274729  0.00887182  0.0717063  0.0078392 0 0 0 0 0 0 0.286624
-0.0721581   0.076589 -0.0718344  0.00459029   -0.012312 -0.00992541  0 -0  0 0 0 0 0.00460851 -0.0837246  0.0323338  -0.00527059    0.048445  -0.0166764 0 0 0 0 0 0 0.288083
-0.0657277  0.0166203  0.0107704  0.00107473  -0.0082774 -0.00984513  0 -0  0 0 0 0   -0.05481 0.00262905  0.0182703  -0.00375073  -0.0133511    0.018999 0 0 0 0 0 0 0.293435
-0.0922616 -0.0298132  0.0269547  0.00105493 -0.00462865 -0.00940478  0 -0  0 0 0 0 -0.0410195  0.0589019  0.0229372  -0.0194202 -0.0335266  0.0189514 0 0 0 0 0 0 0.29711
-0.0720547 -0.0585249 -0.0198083  0.00122293 -0.00204086 -0.00917713  0 -0  0 0 0 0 -0.0177899  0.0663484  0.0128112  0.000614379   -0.020139 -0.00859058 0 0 0 0 0 0 0.299714
 -0.0465083   0.0142398 -0.00153355  0.00159596 -0.00282577 -0.00888284  0 -0  0 0 0 0 0.00530659  0.0169136  0.0149198  0.0180426 0.0272638 0.0140859 0 0 0 0 0 0 0.300631
 -0.062827   0.054121 -0.0300988  0.00137402 -0.00380458 -0.00968241  0 -0  0 0 0 0 -0.000695903  -0.00364952   -0.0029748   0.00379089   0.0363957 -0.00305491 0 0 0 0 0 0 0.301914
-0.0619408  0.0280509   0.103602 0.000144969 -0.00602173 -0.00998193  0 -0  0 0 0 0 -0.0187209 -0.0410961 -0.0111595  0.00510047 0.00258045  0.0486048 0 0 0 0 0 0 0.304467
 -0.0625152 -0.00515102   0.0422517  0.00200644 -0.00417572   -0.010066  0 -0  0 0 0 0   0.0139955 -0.00403018  -0.0100675  0.000179193  -0.0165701   0.0171721 0 0 0 0 0 0 0.30709
 -0.0293545  -0.0734817 -0.00324428   0.0035242 -0.00280021 -0.00770563  0 -0  0 0 0 0 0.0303546 0.0192468 0.0387085  0.00968277 -0.0344146 -0.0132071 0 0 0 0 0 0 0.310215
 -0.0921899   0.0359809 -0.00231699  0.00248066 -0.00665777  -0.0108786  0 -0  0 0 0 0 0.00387392 -0.0447795 -0.0190801   -0.00886303     0.020008 -5.08957e-05 0 0 0 0 0 0 0.315318
-0.0568119 0.00830417 -0.0581575   0.0026641 -0.00821363 -0.00956402  0 -0  0 0 0 0 0.00380645 -0.0618313   0.013216    0.0155965 -0.00982097   -0.023023 0 0 0 0 0 0 0.317363
 -0.0879201 -0.00657392  -0.0252626 0.00241656 -0.0128238 -0.0106679  0 -0  0 0 0 0 -0.00095329   -0.124661  -0.0229418  -0.00700376  -0.0171104 -0.00314036 0 0 0 0 0 0 0.32211
-0.0857354 -0.0287349 -0.0512036  0.00505598 -0.00741773  -0.0115888  0 -0  0 0 0 0  0.0392113 -0.0153449 -0.0421901  -0.00534489  -0.0218542  -0.0117538 0 0 0 0 0 0 0.328196
-0.0849491  -0.076494  -0.089926  0.00503063 -0.00697583  -0.0110007  0 -0  0 0 0 0   0.0240676 -0.00298689  -0.0121928  -0.00444372  -0.0331337  -0.0268643 0 0 0 0 0 0 0.328932
-0.0737247  0.0637637  -0.158789   0.0024613 -0.00688775  -0.0114196  0 -0  0 0 0 0  -0.0213655 -0.00209481 -0.00850587  0.000551578   0.0278076  -0.0275625 0 0 0 0 0 0 0.331537
-0.0602399  0.0432233  -0.205769  0.00163471 -0.00729606  -0.0103274  0 -0  0 0 0 0 -0.0318547 -0.0104894  0.0216826   0.00270726 -0.00802575  -0.0392925 0 0 0 0 0 0 0.332966
 -0.0637081 -0.00898792  -0.0884341 -0.00166504 -0.00597328  -0.0109603  0 -0  0 0 0 0  -0.0804535   0.0136528 -0.00819509  -0.000627903   -0.0446962    0.0174338 0 0 0 0 0 0 0.336577
-0.0812792 -0.0800605 -0.0176099  0.00311467 -0.00348039  -0.0107005  0 -0  0 0 0 0  0.0134888  0.0521689 0.00052081  -0.0119906 -0.0630741  0.0397307 0 0 0 0 0 0 0.341974
   -0.0453  -0.182368 -0.0474934   0.0051841 -0.00138457 -0.00686423  0 -0  0 0 0 0 0.0420529 0.0687226 0.0785814  0.00557074 -0.0696762 0.00101275 0 0 0 0 0 0 0.34681
 -0.0334418 -0.00201739  -0.0605734  0.00247851 -0.00188065 -0.00940202  0 -0  0 0 0 0 -0.0124822   0.020998 0.00705694   0.00794766   0.0262472 -0.00155083 0 0 0 0 0 0 0.350553
-0.0450588  0.0137698  -0.122597   0.0011443 -0.00286844 -0.00982902  0 -0  0 0 0 0  -0.0336754 -0.00123366 -0.00399363  -0.00189559   0.0172055  -0.0300488 0 0 0 0 0 0 0.352267
 -0.056572 0.00569185  -0.044443 -0.000121559  -0.00529003   -0.0103444  0 -0  0 0 0 0 -0.0468386 -0.0428032 -0.0174495  -0.00546498  0.00195406   0.0101365 0 0 0 0 0 0 0.355048
-0.0766245 -0.0304778 -0.0279873  0.00138521 -0.00368111  -0.0106107  0 -0  0 0 0 0 -0.0145079 -0.0080606 -0.0204253  -0.0166365 -0.0203101  0.0147625 0 0 0 0 0 0 0.357268
 -0.067327  -0.116208 -0.0279159  0.00423407 -0.00414826 -0.00788415  0 -0  0 0 0 0  0.0359661 -0.0157137  0.0461076  -0.0083199 -0.0459353  0.0102314 0 0 0 0 0 0 0.361239
 -0.112936 -0.0129102 -0.0579446 0.00402394 -0.0067361 -0.0103875  0 -0  0 0 0 0  0.0173418 -0.0396499 -0.0101967   -0.0120697   0.0111161 -0.00558532 0 0 0 0 0 0 0.364846
 -0.0684767 -0.00772855   -0.072359  0.00386547 -0.00758157  -0.0101378  0 -0  0 0 0 0  0.00970513  -0.0463618 -0.00514976    0.0324339  0.00964215 -0.00870179 0 0 0 0 0 0 0.365741
-0.0585052 0.00147077 -0.0804604 0.00208775 -0.0115851  -0.011109  0 -0  0 0 0 0 -0.0227088  -0.107627 -0.0311688    0.0286142  0.00877388 -0.00764153 0 0 0 0 0 0 0.370228
-0.0476348 -0.0157467  -0.036762  0.00322426 -0.00669895  -0.0121717  0 -0  0 0 0 0 7.40264e-05 -0.00445966  -0.0509218    0.0204383 -0.00489539  0.00786549 0 0 0 0 0 0 0.375356
-0.0490458 -0.0418485 -0.0508182  0.00395664 -0.00425953  -0.0123411  0 -0  0 0 0 0  0.0113264  0.0409329 -0.0386266    0.0067591  -0.0155976 -0.00437485 0 0 0 0 0 0 0.377909
  -0.108435 0.000984334   -0.186546  0.00499175 -0.00912205  -0.0130215  0 -0  0 0 0 0  0.0183704 -0.0486254  -0.022038  -0.0119842 0.00701682 -0.0416519 0 0 0 0 0 0 0.382926
-0.0833959  0.0251909  -0.244444 0.00476999 -0.0102595 -0.0119212  0 -0  0 0 0 0 0.00751242 -0.0580122  0.0136072   0.0105951   0.028878 -0.0506624 0 0 0 0 0 0 0.384524
  -0.105708 -0.00368774   -0.290532 0.00519997 -0.0186447 -0.0125816  0 -0  0 0 0 0   0.0137914   -0.201116 -0.00951417   -0.0021737 -0.00588909  -0.0530072 0 0 0 0 0 0 0.392947
 -0.110467 -0.0151249 -0.0452143 0.00315538 -0.0079841 -0.0135852  0 -0  0 0 0 0 -0.0235035  0.0175176 -0.0357753  -0.0057091 -0.0121489  0.0497019 0 0 0 0 0 0 0.403848
-0.0946467 -0.0612017 -0.0207318  0.00479634 -0.00700833  -0.0116203  0 -0  0 0 0 0 0.0107282 0.0294352 0.0248247  0.000860285  -0.0267998   0.0408024 0 0 0 0 0 0 0.406587
 -0.0621859   0.0552464 -0.00410419  0.00156944 -0.00464687  -0.0139426  0 -0  0 0 0 0 -0.0372337  0.0430287 -0.0198578  0.0102542 0.0198233 0.0115783 0 0 0 0 0 0 0.411212
-0.0530174   0.018985  0.0120888 0.000754746 -0.00341385  -0.0109759  0 -0  0 0 0 0 -0.0485119  0.0480608  0.0501137   -0.0131519 -0.00780553   0.0145476 0 0 0 0 0 0 0.414526
-0.0640577  -0.020776  0.0246809  0.00045548 -0.00390158  -0.0111272  0 -0  0 0 0 0 -0.042905 0.0278418 0.0278843  -0.0117528 -0.0324281  0.0166754 0 0 0 0 0 0 0.415118
-0.0888665 -0.0676064 -0.0148754 0.00279711 -0.0031546 -0.0103847  0 -0  0 0 0 0 0.0080274 0.0348913 0.0399597   -0.0231172  -0.0452275 -0.00318705 0 0 0 0 0 0 0.417685
 -0.160321  -0.120595 -0.0321605  0.00318895 -0.00433904 -0.00905367  0 -0  0 0 0 0  0.0123989 0.00521775  0.0598341   -0.0502585  -0.0518866 -0.00884703 0 0 0 0 0 0 0.41951
-0.0251142 -0.0443169 -0.0612201  0.00226928  -0.0013687 -0.00683195  0 -0  0 0 0 0 -0.00318141   0.0344411   0.0480298    0.0210219  0.00407292 -0.00833504 0 0 0 0 0 0 0.423331
-0.0478159 -0.0111578 -0.0978654  0.00147962 -0.00308166 -0.00993562  0 -0  0 0 0 0 -0.0139717 0.00226418 -0.0195436    0.027611 -0.0011555  -0.026082 0 0 0 0 0 0 0.426963
 -0.0633479 -0.00528028  -0.0497583  0.00197801 -0.00364165  -0.0111259  0 -0  0 0 0 0  0.00222845 -0.00991605  -0.0504921  0.00595472 0.00301149  0.0136715 0 0 0 0 0 0 0.42837
0.00564312  0.0138161  -0.106206  0.00281252 -0.00327488   -0.011951  0 -0  0 0 0 0  0.0153761  0.0027924 -0.0601694   0.0467345  0.0158543 -0.0159974 0 0 0 0 0 0 0.429599
 0.0378863 -0.0301938 -0.0687932  0.00498547 -0.00426678  -0.0111946  0 -0  0 0 0 0  0.0497642 -0.0172807 -0.0152757   0.0383488 -0.0122237 0.00821529 0 0 0 0 0 0 0.432105
-0.0258924  -0.045907  -0.101583  0.00709095 -0.00510531 -0.00887651  0 -0  0 0 0 0  0.0478452 -0.0150377  0.0253796  -0.00889417 -0.00665288 -0.00978128 0 0 0 0 0 0 0.435347
  -0.109522 -0.00511641   -0.129077 0.00663626  -0.011824 -0.0124324  0 -0  0 0 0 0 0.0294019 -0.133782 -0.033744  -0.0257261 0.00887133  -0.017229 0 0 0 0 0 0 0.442962
  -0.129043 -0.00789649   -0.162701 0.00657895 -0.0175775 -0.0129531  0 -0  0 0 0 0  0.0200619  -0.214153 -0.0323689   -0.0215975 0.000950828   -0.026172 0 0 0 0 0 0 0.448739
 -0.165618 0.00583413 -0.0961541 0.00524079  -0.013489 -0.0148994  0 -0  0 0 0 0 -0.00609428   -0.100011  -0.0825792  -0.0362374  0.0081221  0.0056292 0 0 0 0 0 0 0.453461
  -0.19045 -0.0116447 -0.0349313   0.0041059 -0.00916881  -0.0141245  0 -0  0 0 0 0  -0.0227786 -0.00103204  -0.0329148   -0.0395565 -0.00342313   0.0245922 0 0 0 0 0 0 0.457995
-0.0637387  0.0165333  0.0124663  0.00191424 -0.00600198  -0.0127037  0 -0  0 0 0 0 -0.0365331   0.036986 0.00495711   0.0216751 0.00649083  0.0177135 0 0 0 0 0 0 0.4621
-0.0607232   0.017339  0.0290757  0.00202089 -0.00774978  -0.0119801  0 -0  0 0 0 0 -0.0232984 -0.0135028  0.0261904   0.0122882 0.00717278  0.0217351 0 0 0 0 0 0 0.463994
-0.0713953 -0.0332185  0.0348244 0.000726376 -0.00983172  -0.0118522  0 -0  0 0 0 0  -0.045185 -0.0542445  0.0232993  0.00209187 -0.0351149  0.0164464 0 0 0 0 0 0 0.466449
-0.0962359 -0.0642492  0.0183024  0.00199621 -0.00564196  -0.0120341  0 -0  0 0 0 0 -0.0105595  0.0348561 0.00482852  -0.0168295 -0.0371785 0.00461248 0 0 0 0 0 0 0.470831
 -0.113007  -0.105962 -0.0109673  0.00292676 -0.00401825  -0.0108155  0 -0  0 0 0 0 0.00832851  0.0554058  0.0343936  -0.0218202 -0.0413886 -0.0087854 0 0 0 0 0 0 0.473064
-0.0485724 -0.0143415 -0.0427848 0.000857886 -0.00193253   -0.010522  0 -0  0 0 0 0 -0.021627 0.0467967 0.0170663   0.0123685  0.0109326 -0.0103314 0 0 0 0 0 0 0.476017
-0.0630884  0.0263865 -0.0386481 0.000805039 -0.00184028  -0.0111796  0 -0  0 0 0 0 -0.0119554  0.0362192 0.00409582  -1.27562e-05    0.0322021   0.00213146 0 0 0 0 0 0 0.476683
-0.0711533 -0.0155845   -0.04121 -0.000858061  -0.00297749   -0.0116755  0 -0  0 0 0 0  -0.0425937  0.00329524 -0.00954617    -0.0014751   -0.0181195 -0.000612394 0 0 0 0 0 0 0.478758
-0.0852882 -0.0445007 -0.0419943  0.00293437 -0.00344286  -0.0126514  0 -0  0 0 0 0   0.0359084 -0.00670985   -0.039615  -0.00898503  -0.0247653  0.00208843 0 0 0 0 0 0 0.482701
-0.0476782  -0.093267 -0.0475085 0.00502076 -0.0025062 -0.0112946  0 -0  0 0 0 0  0.0620314  0.0122216 0.00908414     0.0117903   -0.0369708 -0.000454805 0 0 0 0 0 0 0.48536
-0.0482703 -0.0759245 -0.0892255  0.00555659 -0.00302481 -0.00734387  0 -0  0 0 0 0   0.0323411 -0.00193928   0.0577139   0.0010492 -0.0059094 -0.0127487 0 0 0 0 0 0 0.489381
 -0.105969 -0.0151934  -0.107064   0.0031853 -0.00540773  -0.0116856  0 -0  0 0 0 0 -0.0175751 -0.0401826 -0.0289369  -0.0101724 0.00905432 -0.0169642 0 0 0 0 0 0 0.494872
-0.0839596 -0.0224119 -0.0839734  0.00362764 -0.00603168  -0.0121065  0 -0  0 0 0 0 -0.00411254    -0.04346  -0.0341416   0.0106022  0.0015939 0.00193849 0 0 0 0 0 0 0.495745
-0.0804934 -0.0228731  -0.091453  0.00524543 -0.00923056  -0.0135369  0 -0  0 0 0 0  0.0255101 -0.0928728 -0.0666323     0.0107049   0.00194282 -0.000106706 0 0 0 0 0 0 0.499604
-0.0488938 -0.0270034 -0.0722022  0.00628003 -0.00968101  -0.0131498  0 -0  0 0 0 0  0.0364841 -0.0750295  -0.030521    0.0200517 0.000205001  0.00675207 0 0 0 0 0 0 0.500797
-0.0831042  0.0409181  -0.061029 0.00372514 -0.0093544 -0.0146828  0 -0  0 0 0 0 -0.0186395 -0.0260752 -0.0324892  -0.00625768   0.0172242 0.000887709 0 0 0 0 0 0 0.503795
-0.0997929  0.0881061 -0.0742764 0.00304322 -0.0125002 -0.0137798  0 -0  0 0 0 0 -0.0282136 -0.0869625 0.00476014   -0.0114653   0.0467627 -0.00688764 0 0 0 0 0 0 0.507138
-0.0831784  0.0306927  -0.115768 0.00230731 -0.0143155 -0.0132814  0 -0  0 0 0 0 -0.0365449   -0.10206  0.0135794  0.00368553   -0.01446 -0.0265825 0 0 0 0 0 0 0.509159
  -0.124321 -0.00632776  -0.0548763  0.00110486 -0.00833647  -0.0132825  0 -0  0 0 0 0   -0.04901  0.0257151 0.00636121  -0.0275379 -0.0323087 0.00446151 0 0 0 0 0 0 0.515258
 -0.139357 -0.0890358 -0.0135228 0.000962365 -0.00499235  -0.0121619  0 -0  0 0 0 0 -0.0376442  0.0755368  0.0322407  -0.0261113 -0.0614088  0.0171125 0 0 0 0 0 0 0.518788
-0.0394121 -0.0254237 -0.0172314 -0.000209028 -0.000498617   -0.0093421  0 -0  0 0 0 0 -0.027226 0.0881362 0.0508308    0.020233 0.00145154 0.00502981 0 0 0 0 0 0 0.524221
 -0.046747  0.0122118 -0.0101384 -0.00134505 -0.00295871  -0.0117465  0 -0  0 0 0 0 -0.0385797 0.00794658 0.00240341  0.0258813 0.0113513 0.0131148 0 0 0 0 0 0 0.527843
-0.0694063 -0.0098793  -0.022966   -0.000863 -0.00421291  -0.0118677  0 -0  0 0 0 0 -0.0175161  -0.020359 0.00412642  -0.000753582  -0.00983427   0.00276915 0 0 0 0 0 0 0.529192
-0.0746799 -0.0554815 -0.0304881 0.00500301 -0.0026153 -0.0129678  0 -0  0 0 0 0  0.0963257  0.0148486 -0.0334162  -0.00430794  -0.0273753   0.0018864 0 0 0 0 0 0 0.535371
-0.0885034 -0.0802993 -0.0354046  0.00639002 -0.00199036  -0.0123852  0 -0  0 0 0 0   0.0965646   0.0220694 -0.00486769    -0.0122759   -0.0276202 -0.000595882 0 0 0 0 0 0 0.537
-0.0823795 -0.0482746 -0.0857957  0.00611804 -0.00367525  -0.0117224  0 -0  0 0 0 0  0.0353532 -0.0141017 0.00876564  -0.000488034  -0.00116534    -0.015812 0 0 0 0 0 0 0.538831
-0.0926364 -0.0204754  -0.080349  0.00560001 -0.00479754  -0.0118269  0 -0  0 0 0 0  0.0120238 -0.0333619 0.00930029   -0.00346968    0.0150273 -0.000622664 0 0 0 0 0 0 0.540071
-0.0884478 -0.0316001  -0.106703  0.00548299 -0.00598624  -0.0119755  0 -0  0 0 0 0 0.00617831  -0.049774 0.00204484   0.00246982 -0.00104752   -0.014277 0 0 0 0 0 0 0.541275
-0.0820993 -0.0504753 -0.0777341  0.00765333 -0.00798775  -0.0126792  0 -0  0 0 0 0  0.0459032  -0.076116 -0.0208187   0.00623261 -0.00998715  0.00330817 0 0 0 0 0 0 0.54431
-0.0190083 -0.0752851 -0.0146884 0.00690371 -0.0073229 -0.0110999  0 -0  0 0 0 0 0.0234664 -0.044961 0.0265134  0.0346884 -0.018334 0.0240748 0 0 0 0 0 0 0.54618
-0.0945377 -0.0784835 -0.0566999  0.00579794 -0.00626613   -0.010825  0 -0  0 0 0 0 -0.00413812 -0.00243871   0.0154401   -0.0136502 -0.00760222   -0.011294 0 0 0 0 0 0 0.547734
 -0.121403  0.0208846 -0.0982085 0.00553294 -0.0111232 -0.0129857  0 -0  0 0 0 0 -0.000100295    -0.101467   -0.0174209  0.00353734  0.0543539 -0.0235785 0 0 0 0 0 0 0.553057
-0.120182 0.0386325 -0.122583 0.00498364   -0.01269 -0.0130874  0 -0  0 0 0 0 -0.0113022   -0.10897 -0.0145798  0.00278642  0.0394132  -0.027983 0 0 0 0 0 0 0.55472
  -0.136766 -0.00129493   -0.124543 0.00715301 -0.0154846 -0.0150862  0 -0  0 0 0 0  0.0337249  -0.137622 -0.0730116   -0.0067379 -0.00265659  -0.0186236 0 0 0 0 0 0 0.558784
 -0.0889734 -0.00858845   -0.101797 0.00679253 -0.0123073 -0.0140062  0 -0  0 0 0 0  0.0206062 -0.0504998 -0.0179918    0.0176549 -0.00335119 -0.00652639 0 0 0 0 0 0 0.562159
 -0.054775  0.0225681 -0.0760335  0.00352875 -0.00880662  -0.0148039  0 -0  0 0 0 0 -0.0334273  0.0231071 -0.0185606   0.0119384 0.00603615 0.00249068 0 0 0 0 0 0 0.567011
  -0.064735 5.76786e-05  -0.0525516  0.00282552 -0.00955661  -0.0134365  0 -0  0 0 0 0 -0.0388932 -0.0043559  0.0152399  -0.00357157 -0.00774813   0.0172958 0 0 0 0 0 0 0.568722
  -0.081832 -0.00487576  -0.0708973 0.00150649 -0.0105553 -0.0130548  0 -0  0 0 0 0 -0.0568456 -0.0238985  0.0239483   -0.0124067 -0.00906525  0.00109782 0 0 0 0 0 0 0.57042
 -0.108936 -0.0212138 -0.0887382 0.00118199 -0.0084479 -0.0133052  0 -0  0 0 0 0 -0.0497618   0.018478 0.00748704   -0.0245535  -0.0153181 -0.00659406 0 0 0 0 0 0 0.572567
 -0.131903 -0.0526265 -0.0493683  0.00347317 -0.00575894  -0.0114975  0 -0  0 0 0 0 -0.000259429    0.0582723     0.050196   -0.030621 -0.0218472 0.00905462 0 0 0 0 0 0 0.576535
-0.0517102 -0.0366434 -0.0461468  0.00237131 -0.00115036  -0.0105052  0 -0  0 0 0 0 -0.0137227  0.0836934  0.0324957    0.0154917 -0.00289631  0.00283528 0 0 0 0 0 0 0.581376
-0.0523358  0.0314664 -0.0101345  0.00110489 -0.00273225  -0.0120238  0 -0  0 0 0 0 -0.0301596  0.0192205 0.00598673  0.0220095  0.035254 0.0329107 0 0 0 0 0 0 0.583908
-0.0665687 0.00845743 -0.0207848 0.000184457 -0.00355394  -0.0128478  0 -0  0 0 0 0   -0.040906 -0.00218245  -0.0138606  0.00558507 -0.0020551  0.0143025 0 0 0 0 0 0 0.585392
-0.0859769 -0.0513482  0.0255351  0.00275947 -0.00521555   -0.013575  0 -0  0 0 0 0  0.0171059  -0.032703 -0.0294762  -0.00653968  -0.0349355   0.0323059 0 0 0 0 0 0 0.588542
 -0.0836362   -0.122279 0.000330615  0.00561276 -0.00430992  -0.0137285  0 -0  0 0 0 0   0.0609324 -0.00970845  -0.0242297  -0.00469966   -0.056794   0.0150399 0 0 0 0 0 0 0.591539
 -0.083948  -0.120985 -0.0426009  0.00649083 -0.00459517  -0.0110739  0 -0  0 0 0 0   0.0391168 -0.00870688    0.030059  -0.00445911  -0.0155006 -0.00890149 0 0 0 0 0 0 0.59435
   -0.12747 -0.00405127  -0.0646452  0.00577549 -0.00569404  -0.0128701  0 -0  0 0 0 0  0.0162486 -0.0233421 0.00201959  -0.0234225  0.0563045 -0.0147797 0 0 0 0 0 0 0.596574
-0.128727 0.0180755 -0.147239  0.00440635 -0.00703526  -0.0130191  0 -0  0 0 0 0  -0.0169139  -0.0433802 -0.00168755  -0.0108694  0.0385657 -0.0504649 0 0 0 0 0 0 0.598496
 -0.113728 0.00847301 -0.0646846 0.00454721 -0.0119863 -0.0143722  0 -0  0 0 0 0  -0.010915  -0.124185 -0.0400696  0.00612568  0.0183677 -0.0026199 0 0 0 0 0 0 0.603631
-0.0871342  0.0196259 -0.0479298 0.00318228 -0.0115977 -0.0136121  0 -0  0 0 0 0 -0.0297489 -0.0896305 -0.0049523  0.0155529 0.0182242 0.0028393 0 0 0 0 0 0 0.605241
 -0.110325 -0.0585542  -0.109104  0.00497525 -0.00956561  -0.0141361  0 -0  0 0 0 0 0.00868316 -0.0102206 -0.0111947  -0.0059137 -0.0167329 -0.0201137 0 0 0 0 0 0 0.608001
  -0.1118 0.0745131 -0.164693 0.00406226 -0.0145459 -0.0153395  0 -0  0 0 0 0 -0.00877201   -0.109629  -0.0158217   0.0121253  0.0702361 -0.0344939 0 0 0 0 0 0 0.613205
-0.117083 0.0619271 -0.195137 0.00300817 -0.0159872 -0.0146529  0 -0  0 0 0 0 -0.0277803  -0.112387 0.00617641  -0.000630678    0.0252788   -0.0375827 0 0 0 0 0 0 0.615118
   -0.122489 -0.000165342    -0.103732 -9.4364e-05  -0.0114811  -0.0159663  0 -0  0 0 0 0  -0.0731704 -0.00913705  -0.0378357  -0.00646838  -0.0274328  0.00676336 0 0 0 0 0 0 0.620745
  -0.16412 -0.0968183 -0.0512704  0.00247694 -0.00871534  -0.0149268  0 -0  0 0 0 0  -0.012976  0.0375305 0.00343794  -0.0312967 -0.0657427  0.0229355 0 0 0 0 0 0 0.624661
-0.0482766 -0.0193959 -0.0414671  0.00174581 -0.00337618   -0.013209  0 -0  0 0 0 0 -0.0104953   0.086372  0.0255036   0.0243053 0.00444788 0.00881668 0 0 0 0 0 0 0.630318
  -0.042156  0.00663293 -0.00760594 0.000444096 -0.00506445  -0.0126994  0 -0  0 0 0 0 -0.0333033  0.0124554  0.0327543  0.0224488  0.013314 0.0267349 0 0 0 0 0 0 0.632509
  -0.0623735 -0.000284503   -0.0320802 -0.00123219 -0.00599196  -0.0133604  0 -0  0 0 0 0  -0.0574355 -0.00757534   0.0103997   0.00358027 -0.00337157  0.00503876 0 0 0 0 0 0 0.634536
 -0.104283  -0.028856 -0.0215981 0.000685729 -0.00593704  -0.0138569  0 -0  0 0 0 0  -0.0112025 -0.00575542 -0.00609241  -0.0220104  -0.018292 0.00943775 0 0 0 0 0 0 0.636518
-0.0987568 -0.0711384 -0.0485274 0.00394467 -0.0035616 -0.0130853  0 -0  0 0 0 0 0.0440068 0.0344621 0.0137092   -0.0126284  -0.0297317 -0.00241139 0 0 0 0 0 0 0.640624
 -0.040726 -0.0601285 -0.0620957  0.00481066 -0.00247792  -0.0115112  0 -0  0 0 0 0  0.031897 0.0280778 0.0281187    0.0136394 -0.00577339 -0.00375676 0 0 0 0 0 0 0.642722
 -0.0775786 -0.00148006  -0.0596265  0.00468132 -0.00410983  -0.0130889  0 -0  0 0 0 0  0.0223625 -0.0122701 0.00161987  -0.00696345     0.02703  0.00412327 0 0 0 0 0 0 0.644996
-0.0843654 -0.0284598 -0.0846233  0.00414226 -0.00484007  -0.0132417  0 -0  0 0 0 0  0.00489051  -0.0239745 -0.00250022  -0.00695505  -0.0077961  -0.0105998 0 0 0 0 0 0 0.645916
 -0.094107 -0.0432288 -0.0401916  0.00736103 -0.00694349  -0.0135305  0 -0  0 0 0 0  0.0627758 -0.0567724 -0.0106128  -0.00766557  -0.0105473   0.0125867 0 0 0 0 0 0 0.649772
-0.0742288 -0.0864264 -0.0042613  0.00817645 -0.00777155  -0.0125439  0 -0  0 0 0 0 0.0627544 -0.056583 0.0182861  0.00449031  -0.029128   0.021581 0 0 0 0 0 0 0.651296
 -0.120685   -0.15295 -0.0490234  0.00725217 -0.00702141  -0.0111216  0 -0  0 0 0 0  0.0159186 -0.0148661  0.0288933  -0.0167313 -0.0311772  -0.012995 0 0 0 0 0 0 0.653151
 -0.155776 0.00239245 -0.0949941 0.00628026 -0.0109125 -0.0148643  0 -0  0 0 0 0 0.00117305 -0.0798379 -0.0316514  -0.00613857   0.0651213  -0.0242151 0 0 0 0 0 0 0.658637
-0.135099 0.0317159 -0.167178 0.00491437 -0.0128913 -0.0143824  0 -0  0 0 0 0  -0.0269714  -0.0967427 -0.00870441  0.00788579  0.0495434 -0.0491017 0 0 0 0 0 0 0.661089
-0.140504 0.0167195 -0.149169 0.00459849 -0.0166881 -0.0159148  0 -0  0 0 0 0  -0.025969  -0.143294 -0.0495858   0.0034942  0.0185978 -0.0278081 0 0 0 0 0 0 0.665196
 -0.126193 0.00695509 -0.0857422 0.00409992 -0.0118132 -0.0156203  0 -0  0 0 0 0   -0.02719 -0.0354833 -0.0245711   0.00606675  0.00553885 -0.00190783 0 0 0 0 0 0 0.670105
-0.0740327 -0.0363998 -0.0856923  0.00341985 -0.00904286  -0.0146198  0 -0  0 0 0 0 -0.0228343  0.0208401 0.00360892    0.0146829   -0.011137 -0.00199984 0 0 0 0 0 0 0.673128
-0.0921738  0.0343064 -0.0986153 0.00335932 -0.0105404 -0.0140221  0 -0  0 0 0 0 -0.00798122  -0.0186113   0.0179837  -0.00470962   0.0367078 -0.00449707 0 0 0 0 0 0 0.674741
-0.105445  0.024061 -0.121255 0.00264431 -0.0112567 -0.0139887  0 -0  0 0 0 0 -0.0191932 -0.0279132  0.0112187   -0.010679 0.00722827 -0.0133886 0 0 0 0 0 0 0.675754
 -0.121476 -0.0200408 -0.0902319  0.00248384 -0.00813139  -0.0141583  0 -0  0 0 0 0   -0.0151783    0.0305649 -0.000767355  -0.0185507 -0.0235561 0.00117621 0 0 0 0 0 0 0.678888
-0.159963 -0.050324 -0.100968  0.00486437 -0.00637061   -0.013337  0 -0  0 0 0 0 0.0251495 0.0513837 0.0219251   -0.0349948  -0.0280931 -0.00250575 0 0 0 0 0 0 0.681961
-0.0825274  -0.079871 -0.0524083  0.00410725 -0.00327727  -0.0118956  0 -0  0 0 0 0 0.00184947  0.0598876  0.0281063   0.0133127 -0.0176933   0.014565 0 0 0 0 0 0 0.685456
 -0.0767535  -0.0104055 -0.00454349  0.00244033 -0.00462558  -0.0135635  0 -0  0 0 0 0  -0.0279297  0.00794631 -0.00218293  0.0213606 0.0233046 0.0409841 0 0 0 0 0 0 0.688173
-0.0910898  0.0131237 -0.0220627  0.00186633 -0.00575588  -0.0141875  0 -0  0 0 0 0 -0.0328496 -0.0162641 -0.0116415  0.00512162   0.024397  0.0164995 0 0 0 0 0 0 0.689586
  -0.109261 -0.00435107   0.0196188  0.00149526 -0.00694179  -0.0149839  0 -0  0 0 0 0 -0.0305246 -0.0351377 -0.0298232  -0.00573662  0.00193787   0.0295626 0 0 0 0 0 0 0.691062
 -0.144034 -0.0628147 0.00597813  0.00483953 -0.00507258  -0.0149665  0 -0  0 0 0 0  0.0320855 0.00272181 -0.0185945  -0.0258747 -0.0303039  0.0183165 0 0 0 0 0 0 0.694893
 -0.128263  -0.101143 -0.0428618  0.00529633 -0.00554938  -0.0124527  0 -0  0 0 0 0   0.0202795 -0.00661698   0.0309067  -0.00455667  -0.0213284  -0.0111678 0 0 0 0 0 0 0.697492
-0.122174 -0.037832 -0.065851  0.00434357 -0.00543752  -0.0131905  0 -0  0 0 0 0  -0.0035059 -0.00111713   0.0119493  0.000562152   0.0198205  -0.0148785 0 0 0 0 0 0 0.698702
 -0.100847 -0.0316486  -0.123394  0.00356296 -0.00632388  -0.0131353  0 -0  0 0 0 0 -0.0190677 -0.0172175 0.00814394   0.0174852  0.0133503 -0.0369815 0 0 0 0 0 0 0.699885
 -0.112144 -0.0546196  -0.125596 0.00480389  -0.013508 -0.0142628  0 -0  0 0 0 0 0.00577488  -0.137338 -0.0234858     0.010891 -0.00720928  -0.0249071 0 0 0 0 0 0 0.707262
-0.0907309  -0.108047 -0.0888962 0.00598682   -0.01133 -0.0144957  0 -0  0 0 0 0  0.0242259 -0.0726422 -0.0229276    0.0151271  -0.0332953 -0.00668847 0 0 0 0 0 0 0.709751
 -0.132575  -0.160397 -0.0664442  0.00746663 -0.00946853  -0.0136366  0 -0  0 0 0 0   0.0338102 -0.00821424  0.00409258   -0.014188 -0.0251361 0.00566653 0 0 0 0 0 0 0.71228
 -0.151571  -0.007252 -0.0936738 0.00746581 -0.0135418 -0.0161435  0 -0  0 0 0 0  0.0270395 -0.0800517 -0.0276319  -0.00499774   0.0587328  -0.0078168 0 0 0 0 0 0 0.717063
 -0.122481 -0.0067326  -0.132453 0.00648563  -0.015239 -0.0150207  0 -0  0 0 0 0 0.00015083 -0.0923827 0.00852571   0.0107436    0.02685 -0.0223274 0 0 0 0 0 0 0.719321
 -0.132271 -0.0190756 -0.0883299 0.00504828 -0.0169549 -0.0161884  0 -0  0 0 0 0 -0.0234333  -0.104133 -0.0271935   0.00198185   0.0050545 8.08748e-05 0 0 0 0 0 0 0.721846
 -0.152176 -0.0594589 -0.0442026 0.00574349 -0.0108607 -0.0159584  0 -0  0 0 0 0 -0.00586185   0.0104583  -0.0120932  -0.0135627 -0.0205558  0.0133692 0 0 0 0 0 0 0.727984
-0.0394584 -0.0694619 -0.0605348  0.00516065 -0.00602096  -0.0137644  0 -0  0 0 0 0 -0.00999101   0.0671139   0.0266054     0.028376 -0.00809702 -0.00376376 0 0 0 0 0 0 0.73333
-0.0813123  0.0348609 -0.0383508  0.00402792 -0.00742346  -0.0144933  0 -0  0 0 0 0 -0.0222034  0.0125583   0.012496  -0.00617057   0.0483178   0.0172621 0 0 0 0 0 0 0.735274
  -0.10292  0.0229235 -0.0683641  0.00226345 -0.00806255  -0.0145949  0 -0  0 0 0 0  -0.0508507 -0.00356978  0.00434642   -0.0162387  0.00877975 -0.00316991 0 0 0 0 0 0 0.737154
  -0.102155 -0.00923909   -0.302448  0.00225147 -0.00925928  -0.0146921  0 -0  0 0 0 0   -0.0400478   -0.0228606 -0.000987142  -0.00898618  -0.0151619  -0.0930719 0 0 0 0 0 0 0.738354
-0.0920046 -0.0623529  -0.187716  0.00342245 -0.00483652  -0.0141014  0 -0  0 0 0 0 -0.0115222  0.0537838  0.0112465  -0.00512309  -0.0370111  -0.0263245 0 0 0 0 0 0 0.742967
-0.0715564 -0.0503746 -0.0949105 0.00305574 -0.0038714 -0.0117613  0 -0  0 0 0 0 -0.00757649   0.0394336   0.0440734   0.00512952 -0.00663721    0.028327 0 0 0 0 0 0 0.745525
 -0.070262 -0.0478934 -0.0245358  0.00287803 -0.00396024  -0.0127421  0 -0  0 0 0 0 -0.00543159   0.0197562   0.0110282   0.00691885 -0.00369185   0.0422191 0 0 0 0 0 0 0.746526
 -0.094755 -0.0409204 -0.0218153  0.00243759 -0.00444451  -0.0139565  0 -0  0 0 0 0 -0.0117555 0.00802336 -0.0167646  -0.00616983 -0.00293084   0.0296287 0 0 0 0 0 0 0.747905
-0.0977722 -0.0718049 -0.0270289  0.00296087 -0.00673807  -0.0140586  0 -0  0 0 0 0 -0.000868763   -0.0314808   -0.0145199  -0.0041848 -0.0214612  0.0215563 0 0 0 0 0 0 0.75026
 -0.111645  -0.110552 -0.0808476  0.00563926 -0.00609381  -0.0139082  0 -0  0 0 0 0   0.0404145  -0.0138279 -0.00548053  -0.0122926 -0.0317396  -0.002211 0 0 0 0 0 0 0.753019
 -0.108132  -0.124163 -0.0542795 0.00702653 -0.0065438 -0.0128539  0 -0  0 0 0 0   0.042129 -0.0147148  0.0154831  -0.00371915  -0.0139167   0.0101144 0 0 0 0 0 0 0.754819
 -0.148247 -0.0130342 -0.0595053  0.00649483 -0.00897104  -0.0153009  0 -0  0 0 0 0  0.0159411 -0.0475045  -0.022992  -0.0128176  0.0372486  0.0019714 0 0 0 0 0 0 0.758306
 -0.126886 -0.0192712  -0.096902 0.00567126 -0.0105048 -0.0145474  0 -0  0 0 0 0  -0.00505242   -0.0648002 -0.000372711  0.00421021   0.012787  -0.015076 0 0 0 0 0 0 0.760203
 -0.145452 -0.0274128 -0.0848282 0.00451045 -0.0158318 -0.0160782  0 -0  0 0 0 0 -0.0239021  -0.139514  -0.041464   -0.00369588 -0.000812933  -0.00523518 0 0 0 0 0 0 0.765866
 -0.112672 -0.0274901 -0.0391415 0.00485724 -0.0117288 -0.0162773  0 -0  0 0 0 0 -0.0133341 -0.0484356 -0.0328199   0.0142691 0.00117551 0.00928868 0 0 0 0 0 0 0.769988
 -0.121598 -0.0502119  -0.090519  0.0046923 -0.0100314 -0.0169136  0 -0  0 0 0 0 -0.0101379 0.00220796  -0.024682  -0.00156726 -0.00684541    -0.01792 0 0 0 0 0 0 0.771808
-0.136854 0.0247964 -0.149521 0.00494818 -0.0126913 -0.0167824  0 -0  0 0 0 0  0.00239456  -0.0497024 -0.00653806  -0.00669062   0.0373457  -0.0325598 0 0 0 0 0 0 0.774484
  -0.111675 0.000179151   -0.186805 0.00352637 -0.0137952 -0.0156535  0 -0  0 0 0 0 -0.0253482 -0.0582809  0.0205261    0.00857519 -0.000237372   -0.0372482 0 0 0 0 0 0 0.776609
 -0.113347 -0.0483364 -0.0995885 0.00277908 -0.0104532 -0.0157764  0 -0  0 0 0 0 -0.0307738 0.00840335 0.00757267  0.00108033 -0.0310773 0.00430681 0 0 0 0 0 0 0.780035
 -0.132159  -0.081474 -0.0465358 0.00399956 -0.0072912 -0.0150791  0 -0  0 0 0 0 -0.00571735   0.0560338   0.0241894  -0.0128641 -0.0361241  0.0204568 0 0 0 0 0 0 0.783496
-0.0622409 -0.0610784 -0.0361606   0.0033483 -0.00332337  -0.0150011  0 -0  0 0 0 0 -0.0104463  0.0859529   0.010699    0.0203547 -0.00580084   0.0101869 0 0 0 0 0 0 0.787517
-0.0465845 0.00596966 -0.0354303  0.00421876 -0.00472966  -0.0138652  0 -0  0 0 0 0 0.0136034 0.0151899 0.0275875  0.0180677 0.0287739 0.0068472 0 0 0 0 0 0 0.789524
-0.0900027  0.0106832 -0.0655949  0.00362665 -0.00581693  -0.0148191  0 -0  0 0 0 0  0.000374451  -0.00612049 -0.000448747   -0.0156595  0.00781096 -0.00810486 0 0 0 0 0 0 0.791087
 -0.112697 -0.0372474 -0.0259827  0.00114494 -0.00736937  -0.0155135  0 -0  0 0 0 0 -0.0383242 -0.0318045 -0.0206171   -0.021008   -0.03102 0.00878428 0 0 0 0 0 0 0.794095
 -0.108065  -0.084757 -0.0494252  0.00559805 -0.00517006   -0.015344  0 -0  0 0 0 0  0.0354172 0.00913718 -0.0122149    -0.0123622   -0.0433751 -4.04295e-05 0 0 0 0 0 0 0.799065
-0.120671 -0.107152 -0.107075  0.00555594 -0.00678155  -0.0131156  0 -0  0 0 0 0  0.0175061 -0.0204871  0.0332346  -0.0102654 -0.0235078 -0.0213274 0 0 0 0 0 0 0.801815
 -0.152101 -0.0317485  -0.154677  0.00486346 -0.00922517  -0.0157423  0 -0  0 0 0 0  0.0012902 -0.0487517 -0.0169225  -0.0107989  0.0172895 -0.0243417 0 0 0 0 0 0 0.805469
 -0.124957 -0.0367424  -0.209142 0.00427017 -0.0101541 -0.0148549  0 -0  0 0 0 0 -0.0102628 -0.0555457 0.00473455  0.00881617 0.00669373 -0.0402979 0 0 0 0 0 0 0.806884
 -0.109472 -0.0597783   -0.15374 0.00383528 -0.0193034 -0.0154335  0 -0  0 0 0 0 -0.0170877  -0.198162 -0.0112697    0.0230453  -0.0117477 -0.00744656 0 0 0 0 0 0 0.816062
-0.0650435 -0.0566037 -0.0784182 0.00563262 -0.0128991 -0.0154933  0 -0  0 0 0 0   0.0140465  -0.0613388 -0.00984908    0.0367536 -0.00299302   0.0187502 0 0 0 0 0 0 0.822714
 -0.17365 -0.011028 -0.223105 0.00671977 -0.0123302 -0.0188302  0 -0  0 0 0 0  0.0215741 -0.0170032 -0.0612197  -0.0298218  0.0145358 -0.0519811 0 0 0 0 0 0 0.826269
 -0.0935521 -0.00540646   -0.265509 0.00721645 -0.0206552 -0.0180676  0 -0  0 0 0 0  0.0151633  -0.153915 -0.0131396   0.0359768 0.00840667 -0.0212683 0 0 0 0 0 0 0.834644
 -0.068445 -0.0106153  -0.294027 0.00485103 -0.0228357 -0.0162856  0 -0  0 0 0 0 -0.0252983   -0.16206  0.0401824   0.0288737 0.00192766 -0.0280766 0 0 0 0 0 0 0.838321
-0.0830746 -0.0384912  -0.241164 0.00208022 -0.0275426 -0.0162445  0 -0  0 0 0 0 -0.0634747   -0.21284  0.0303508   0.00936524  -0.0218221 -0.00249986 0 0 0 0 0 0 0.843783
-0.0916088 -0.0792236  -0.102387  0.0030185 -0.0142148 -0.0152129  0 -0  0 0 0 0 -0.0373018  0.0259721  0.0513198  -0.00104089  -0.0347766   0.0450065 0 0 0 0 0 0 0.857184
-0.0687251 -0.0332013 -0.0616005  0.00220309 -0.00897366  -0.0134845  0 -0  0 0 0 0 -0.030969 0.0957068 0.0544239  0.00577155 0.00448702  0.0275296 0 0 0 0 0 0 0.862763
-0.0744128 -0.0114228  0.0475875 -0.00147905   -0.010405    -0.01484  0 -0  0 0 0 0 -0.0665404  0.0173329  0.0104806  0.00967156 0.00350131  0.0494506 0 0 0 0 0 0 0.866939
-0.0963101 0.00658457  0.0216773 -0.0016677 -0.0113248 -0.0151968  0 -0  0 0 0 0   -0.0585897 -0.000632243   0.00249666  -0.00649383   0.0134658   0.0274504 0 0 0 0 0 0 0.867944
-0.0927663 -0.0373165  0.0615188 -0.00230374 -0.00978971  -0.0156106  0 -0  0 0 0 0 -0.0576201  0.0246877 -0.0131575  -0.00294018  -0.0230561   0.0353065 0 0 0 0 0 0 0.869656
 -0.117054 -0.0779205  -0.034984  0.00221389 -0.00528141  -0.0154791  0 -0  0 0 0 0   0.0160583   0.0937991 -0.00625585   -0.0215179  -0.0371188 -0.00439877 0 0 0 0 0 0 0.87604
 -0.100443 -0.0861209 -0.0514246  0.00493898 -0.00337756  -0.0128738  0 -0  0 0 0 0 0.0471307 0.0738048 0.0441368  -0.00173226  -0.0131692 -0.00506871 0 0 0 0 0 0 0.880263
-0.0766378 -0.0537897 -0.0289898  0.00448468 -0.00359923  -0.0143379  0 -0  0 0 0 0   0.0166232   0.0265076 0.000367672   0.0176682 0.00469485 0.00939457 0 0 0 0 0 0 0.881812
-0.0806286 -0.0554693  -0.100786  0.00307072 -0.00399773  -0.0148863  0 -0  0 0 0 0 -0.0091663  0.0158082  -0.012706   0.00853048 -0.00308291  -0.0229319 0 0 0 0 0 0 0.88338
-0.0988002 -0.0780201  -0.106944 0.00435306 -0.0149751 -0.0155661  0 -0  0 0 0 0  0.0115512  -0.170775 -0.0273098  0.00145192 -0.0197695 -0.0145216 0 0 0 0 0 0 0.894453
-0.0806557 -0.0626612 -0.0436635  0.00509403 -0.00960037  -0.0155244  0 -0  0 0 0 0  0.0209134 -0.0556773 -0.0170841    0.00945005 -0.000286284   0.00872365 0 0 0 0 0 0 0.899879
-0.102133 -0.115401 -0.122647  0.00737019 -0.00935727  -0.0158184  0 -0  0 0 0 0  0.0437452 -0.0234589 -0.0144799  -0.00719755   -0.020055  -0.0326569 0 0 0 0 0 0 0.902187
 -0.125644 -0.0306747  -0.192149 0.00538961 -0.0163746 -0.0170348  0 -0  0 0 0 0 -0.00965005   -0.119674  -0.0172385  -0.00446359   0.0228416  -0.0291747 0 0 0 0 0 0 0.909579
 -0.108685 -0.0499682  -0.257841 0.00476877 -0.0181036 -0.0160726  0 -0  0 0 0 0 -0.0188542  -0.124882  0.0134441    0.0058541 -0.00341967   -0.047972 0 0 0 0 0 0 0.911653
 -0.132007 -0.0953901  -0.176483 0.00431228 -0.0184622 -0.0169663  0 -0  0 0 0 0 -0.0219055  -0.109336 -0.0209327  -0.0115345 -0.0360153  -0.005885 0 0 0 0 0 0 0.912718
 -0.115067 -0.0884886   -0.15829 0.00504736 -0.0107268 -0.0170487  0 -0  0 0 0 0 -0.00713645   0.0338994   -0.014734   0.00100994  -0.0142103 -0.00363074 0 0 0 0 0 0 0.920489
-0.0837011 -0.0778411 -0.0875063  0.00472754 -0.00607101  -0.0162166  0 -0  0 0 0 0 -0.0058613  0.0941848 0.00780766    0.00958083 -5.49953e-05    0.0293929 0 0 0 0 0 0 0.92523
 -0.0924346 -0.00860847  0.00239217  0.00293643 -0.00751874  -0.0162588  0 -0  0 0 0 0 -0.0279036  0.0142456  0.0078967  0.00503734  0.0211537  0.0404039 0 0 0 0 0 0 0.927533
 -0.111877 -0.0287924 -0.0396746  0.00141656 -0.00800092  -0.0165143  0 -0  0 0 0 0  -0.0480145  0.00329897 -0.00180959  -0.0122443 -0.0136127   0.011258 0 0 0 0 0 0 0.929148
 -0.113392 -0.0731082 -0.0790957 -0.00106573 -0.00834258  -0.0169953  0 -0  0 0 0 0  -0.0796303 -0.00336097   -0.017343  -0.00757432  -0.0421389 -0.00715491 0 0 0 0 0 0 0.931699
 -0.173365  -0.129383 -0.0436638  0.00421918 -0.00739164  -0.0168807  0 -0  0 0 0 0   0.0161506   0.0123986 -0.00785535  -0.0420632 -0.0556688 0.00855114 0 0 0 0 0 0 0.93707
  -0.12437 -0.0457617 -0.0821713 0.00247435 -0.0054729 -0.0151288  0 -0  0 0 0 0 -0.0127936  0.0347271  0.0296421  0.00322849  0.0117617 -0.0196881 0 0 0 0 0 0 0.9402
 -0.113111 0.00575916  -0.115305  0.00224556 -0.00733381  -0.0151345  0 -0  0 0 0 0 -0.00763732  -0.0148499   0.0153553  0.00890819  0.0192465 -0.0136613 0 0 0 0 0 0 0.942075
 -0.121697 0.00307014  -0.157623  0.00225411 -0.00806527  -0.0158723  0 -0  0 0 0 0 -0.00595394  -0.0231883 -0.00872698  0.00259238 0.00152306 -0.0266924 0 0 0 0 0 0 0.943114
 -0.117331 -0.0314207 -0.0910985 0.00339978 -0.0119425 -0.0162466  0 -0  0 0 0 0   0.013619 -0.0845058 -0.0185325  0.00831281 -0.0234876 0.00670151 0 0 0 0 0 0 0.947174
   -0.17907   -0.129053 -0.00513146 0.00701645 -0.0118997 -0.0165189  0 -0  0 0 0 0  0.0672049 -0.0679897 -0.0207242  -0.0344612 -0.0739545  0.0365985 0 0 0 0 0 0 0.950801
-0.228494 -0.145344  0.215489 0.00870679 -0.0101019 -0.0176344  0 -0  0 0 0 0   0.0712702 -0.00809277  -0.0318783  -0.0349373 -0.0336931   0.110783 0 0 0 0 0 0 0.953509
  -0.177425 -0.00317991    0.387829 0.00997257 -0.0147323 -0.0174251  0 -0  0 0 0 0     0.05186  -0.0786306 -0.00916416  0.0142066 0.0397487 0.0867949 0 0 0 0 0 0 0.958314
-0.145608  0.022952  0.400492 0.00906064 -0.0161677  -0.016554  0 -0  0 0 0 0   0.024202 -0.0849497   0.016884  0.0247703 0.0370063 0.0637638 0 0 0 0 0 0 0.960225
 -0.140945 0.00170596   0.445943  0.0091676 -0.0198349 -0.0175778  0 -0  0 0 0 0  0.0218728  -0.131681 -0.0224215  0.0202571 0.0036789 0.0678144 0 0 0 0 0 0 0.964034
 -0.168132 -0.0233198   0.605489 0.00799652 -0.0119157 -0.0185906  0 -0  0 0 0 0 -0.000469825    0.0241107   -0.0415132  -0.00819012  -0.0154436   0.0993655 0 0 0 0 0 0 0.972103
 -0.118242 -0.0465178   0.965473  0.00633899 -0.00956411  -0.0181054  0 -0  0 0 0 0 -0.0220051  0.0505415 -0.0135986   0.0160962 -0.0153252   0.212494 0 0 0 0 0 0 0.975021
  -0.176526 -0.00105281      1.4036 0.00403274 -0.0142688  -0.017187  0 -0  0 0 0 0 -0.0420206 -0.0503481   0.012425  -0.0129025  0.0103286   0.190954 0 0 0 0 0 0 0.98034
 -0.292452 -0.0616395    1.46437 0.00129392 -0.0155654 -0.0172377  0 -0  0 0 0 0 -0.0799165 -0.0610327  0.0109684   -0.105406 -0.0591223   0.159483 0 0 0 0 0 0 0.983371
 -0.48939 -0.204895   1.46021 0.00204459 -0.0147812 -0.0170551  0 -0  0 0 0 0 -0.0539305 -0.0376106 0.00943875  -0.196021 -0.132212  0.116844 0 0 0 0 0 0 0.984472
-0.835887 -0.353495   1.40469  0.00227032 -0.00763223  -0.0163558  0 -0  0 0 0 0 -0.0404621  0.0860865  0.0313559  -0.330453 -0.168745 0.0634506 0 0 0 0 0 0 0.991658
  -3.2276 -0.968812   1.74988  0.00205065 -0.00246281  -0.0149907  0 -0  0 0 0 0 -0.0473013   0.228115  0.0887996   -1.21756 -0.337248  0.160882 0 0 0 0 0 0 0.997009
-5.4581  -1.502 2.18934 -0.00172227 -0.00174194  -0.0144801  0 -0  0 0 0 0 -0.0647452  0.0789702  0.0405483  -0.968674 -0.265791  0.168861 0 0 0 0 0 0 1.00088
-6.27922 -1.84841  2.12923 -0.00606114 -0.00845329  -0.0153085  0 -0  0 0 0 0  -0.128415 -0.0545656  0.0149693   -1.05357 -0.419805 0.0684737 0 0 0 0 0 0 1.00892
-7.15926 -2.46162  2.13929 -0.00649185 -0.00835835  -0.0128264  0 -0  0 0 0 0 -0.112424  -0.04205 0.0767767   -1.17909 -0.649398 0.0155176 0 0 0 0 0 0 1.01144
-8.24317 -3.14673  2.53335 -0.00688901  -0.0091395  -0.0098568  0 -0  0 0 0 0 -0.0938196 -0.0497466   0.138549   -1.30102 -0.799064   0.11897 0 0 0 0 0 0 1.01454
-7.74099 -5.33494  2.54146  -0.0157461 -0.00321432  0.00423352  0 -0  0 0 0 0   -0.286928 -0.00917771    0.321235   -0.34835  -1.34514 -0.132089 0 0 0 0 0 0 1.0322
-6.57983 -8.09564  2.39722  -0.0179476   -0.011128 0.000588934  0 -0  0 0 0 0 -0.120657  -0.13734   0.05944  0.343153 -1.20653 -0.19433 0 0 0 0 0 0 1.04119
-5.66746 -9.03373  2.18865 -0.0172506 -0.0133197 0.00291784  0 -0  0 0 0 0  -0.077575  -0.174097 0.00337998   0.810303  -1.17698 -0.275309 0 0 0 0 0 0 1.04446
-4.85827 -10.2734  2.27672 -0.00987916  -0.0150865  0.00344474  0 -0  0 0 0 0  0.0642089  -0.178165 -0.0129708   0.996556  -1.50124 -0.221747 0 0 0 0 0 0 1.05206
-3.93558 -11.8617  2.47533 -0.00529916 -0.00987313  0.00489101  0 -0  0 0 0 0   0.116532 -0.0427192  0.0245459    1.06356  -1.71347 -0.118657 0 0 0 0 0 0 1.05915
-3.60188 -15.3047  2.64973 -0.00445321  -0.0077753   0.0212711  0 -0  0 0 0 0 0.00992616  0.0290174   0.370045  0.619277 -2.35816 -0.11381 0 0 0 0 0 0 1.07568
-4.20924 -18.0772  3.02012 -0.00869442  -0.0106714   0.0279879  0 -0  0 0 0 0 0.0199619 0.0249031  0.273609  -0.00565426    -1.52976   0.0499833 0 0 0 0 0 0 1.08414
-4.6117 -18.844 3.13751 -0.00569864  -0.0122756   0.0269391  0 -0  0 0 0 0  0.0951177 0.00859373   0.189847  -0.272125   -1.1966 0.0866807 0 0 0 0 0 0 1.0877
-4.68418 -19.8445  3.41301 -0.00876913 -0.00985977    0.028683  0 -0  0 0 0 0 0.00891581  0.0439267   0.164486  -0.137974   -1.3275  0.129842 0 0 0 0 0 0 1.09197
-4.68215 -21.1296  3.91614 -0.00571734  -0.0100711    0.038683  0 -0  0 0 0 0 0.0491454 0.0181229  0.378667  0.0166276  -1.55075  0.242713 0 0 0 0 0 0 1.10243
-4.87545 -24.1016  4.78697  -0.0142406 -0.00973655   0.0570608  0 -0  0 0 0 0    -0.144535 -0.000559069      0.62216  0.0447596   -2.1412  0.347056 0 0 0 0 0 0 1.12269
-5.04669 -27.4066  5.59307  -0.0163054 -0.00671494   0.0535808  0 -0  0 0 0 0 -0.0798984  0.0663991   0.186796  0.109707 -1.59971 0.211393 0 0 0 0 0 0 1.12774
-5.09588 -28.2648  5.61916  -0.0135229 -0.00468043    0.053689  0 -0  0 0 0 0 0.00101131  0.0990813   0.111057  0.0329852  -1.38459  0.114743 0 0 0 0 0 0 1.13119
-5.47107 -29.0285  6.13028  -0.0136334 -0.00188653   0.0536711  0 -0  0 0 0 0 0.0155973  0.124886 0.0833539  -0.0882681   -1.15896   0.275998 0 0 0 0 0 0 1.13399
-5.60062 -29.4734  6.42471 -0.0156267 0.00341671  0.0555881  0 -0  0 0 0 0 -0.00836653    0.190094    0.118246  -0.0649615  -0.941509   0.286003 0 0 0 0 0 0 1.13997
-6.51114 -30.8924  7.45914 -0.0143419 0.00921745  0.0677581  0 -0  0 0 0 0 0.0261707  0.214372  0.322024  -0.215651  -1.03857  0.441276 0 0 0 0 0 0 1.15351
 -7.4182 -32.7163  8.21746 -0.0163683 0.00612087  0.0671603  0 -0  0 0 0 0 -0.0409285  0.0457133   0.150867  -0.245297  -1.02616  0.252295 0 0 0 0 0 0 1.15726
 -7.5965 -33.3099  8.27852 -0.0218104  0.0082922  0.0688452  0 -0  0 0 0 0 -0.126172 0.0702029  0.103509  -0.223395 -0.884182 0.0969637 0 0 0 0 0 0 1.16336
-7.81178 -33.9339  8.59495 -0.0228717 0.00708784  0.0683873  0 -0  0 0 0 0  -0.10429 0.0218928 0.0558004  -0.135979 -0.845358  0.150066 0 0 0 0 0 0 1.16503
-7.46392 -33.7349  8.65981 -0.0318353 0.00757393  0.0645064  0 -0  0 0 0 0  -0.199348  0.0104531 -0.0353887  0.0950297 -0.443202  0.152104 0 0 0 0 0 0 1.17481
-7.68612 -33.9845  9.34935 -0.0322373 0.00788369  0.0677314  0 -0  0 0 0 0  -0.122079 0.00971703  0.0456169  0.108229 -0.33588 0.308825 0 0 0 0 0 0 1.17807
-8.22728 -34.7212  9.57746  -0.035521 0.00698961  0.0725844  0 -0  0 0 0 0  -0.131312 -0.0184891   0.108493  -0.139097 -0.398851 0.0980597 0 0 0 0 0 0 1.184
-8.76286 -35.4764  9.62389  -0.033369 0.00768637  0.0709559  0 -0  0 0 0 0 -0.0883724  0.0279348  0.0716558    -0.36559  -0.571746 -0.0197982 0 0 0 0 0 0 1.18679
-9.20758 -35.9395  9.81136 -0.034861 0.0100636 0.0720319  0 -0  0 0 0 0 -0.0914446  0.0667057  0.0731054  -0.390115 -0.570754  0.031726 0 0 0 0 0 0 1.18979
-9.45308 -35.9757  9.95817 -0.0400704  0.0090799  0.0694961  0 -0  0 0 0 0  -0.143275  0.0254298 0.00361917  -0.306643 -0.361326 0.0829695 0 0 0 0 0 0 1.19567
-9.80579 -35.8104  10.3535 -0.0370824 0.00999294  0.0676483  0 -0  0 0 0 0 -0.0287003  0.0286423 -0.0495414  -0.209471 -0.137507  0.216696 0 0 0 0 0 0 1.1993
-9.73336 -36.4623  10.4266  -0.03575 0.0101108 0.0710275  0 -0  0 0 0 0 0.000944432 -0.00498614    0.029345  -0.0244256  -0.250792  0.0358533 0 0 0 0 0 0 1.20293
-9.74118 -37.1782  10.3575 -0.0360509  0.0111052  0.0704105  0 -0  0 0 0 0 -0.0209323  0.0214707   0.032372  -0.0301873   -0.49235  -0.135351 0 0 0 0 0 0 1.20414
-9.81374 -37.6922  10.4407 -0.0361905  0.0117257  0.0723744  0 -0  0 0 0 0 -0.0138918  0.0241914  0.0686986  -0.0262086  -0.486467 -0.0737745 0 0 0 0 0 0 1.2062
-9.72768 -37.6621  10.4374 -0.0387085 0.00905084  0.0719026  0 -0  0 0 0 0 -0.0382907 -0.0365828  0.0550689   0.0161464  -0.299815 -0.0287938 0 0 0 0 0 0 1.20991
-9.75908 -37.4539  10.6072 -0.0376224  0.0106708  0.0700909  0 -0  0 0 0 0   0.0121315  0.00111039 -0.00997271   0.0347093 -0.0864829  0.0790526 0 0 0 0 0 0 1.21257
-9.79223 -37.5454  10.6431 -0.0365234 0.00877908  0.0755958  0 -0  0 0 0 0  0.0234658 -0.0340327   0.078571  0.00250183  -0.065555  0.0255804 0 0 0 0 0 0 1.21849
-9.97375 -37.9751  10.6336 -0.0381528  0.0104245  0.0739165  0 -0  0 0 0 0 -0.0255338  0.0257656  0.0421447   -0.126385    -0.2256 -0.0691319 0 0 0 0 0 0 1.22135
 -10.138 -38.1128  10.6333 -0.0363584  0.0123612  0.0738556  0 -0  0 0 0 0 0.0221579 0.0615276  0.029342   -0.162069  -0.184098 -0.0450877 0 0 0 0 0 0 1.224
-10.1912 -37.8308  10.5542 -0.0369783 0.00819181  0.0721294  0 -0  0 0 0 0   0.0231887  -0.0364636 -0.00046287   -0.141821  0.0319219 -0.0117364 0 0 0 0 0 0 1.22855
-10.4036 -37.1692  10.8165 -0.0380196  0.0105994  0.0685481  0 -0  0 0 0 0 0.0151891 0.0109168 -0.083342  -0.111595  0.284648  0.154366 0 0 0 0 0 0 1.23299
-10.3249 -36.9274   10.756 -0.0355931 0.00878852  0.0757944  0 -0  0 0 0 0  0.0474341 -0.0415064  0.0808412  -0.0290383    0.16318  0.0431806 0 0 0 0 0 0 1.24084
-10.3887 -37.4234  10.7584 -0.0382712  0.0108121    0.07088  0 -0  0 0 0 0  -0.0339112   0.0221193 -0.00796977  -0.0307332  -0.140033  -0.073171 0 0 0 0 0 0 1.24679
-10.5567  -37.695  10.8186 -0.038055 0.0131695  0.070765  0 -0  0 0 0 0  -0.0285677   0.0673153 -0.00769686  -0.0920772  -0.221884 -0.0424031 0 0 0 0 0 0 1.24916
-10.8003 -37.7083  10.9105 -0.0373579  0.0108558  0.0706046  0 -0  0 0 0 0 -0.000313144     0.006946   0.00388443  -0.143647 -0.123815 0.0199699 0 0 0 0 0 0 1.25159
-10.9352 -37.2827  11.1204 -0.0374956  0.0117592  0.0673939  0 -0  0 0 0 0  0.0190663  0.0135019 -0.0725895  -0.0978307   0.103266   0.141422 0 0 0 0 0 0 1.25492
-10.5301  -36.966  10.8155 -0.0337632  0.0124438  0.0754818  0 -0  0 0 0 0   0.0634062 0.000412977   0.0796627    0.04142  0.141534 -0.024307 0 0 0 0 0 0 1.26386
-10.6595 -37.2435  10.8547 -0.035032  0.013179 0.0718893  0 -0  0 0 0 0 0.00717335  0.0284723  0.0140738  -0.0344893  -0.050917 -0.0265731 0 0 0 0 0 0 1.26774
-10.8712 -37.3581  10.9116 -0.0337541  0.0147105  0.0722361  0 -0  0 0 0 0 0.0230824  0.055943 0.0231815    -0.119881  -0.0810853 0.000405893 0 0 0 0 0 0 1.26976
 -11.031 -37.2125  11.1136 -0.0353085   0.011642   0.070559  0 -0  0 0 0 0 3.86145e-05  -0.0219966  -0.0107265  -0.086978 0.0157335 0.0988147 0 0 0 0 0 0 1.27359
-11.1897 -36.5913  11.3637 -0.037395 0.0117064 0.0661014  0 -0  0 0 0 0 -0.0162352  -0.019489  -0.104935  -0.0597078   0.249414   0.205337 0 0 0 0 0 0 1.27851
-10.9605 -36.2832  11.2607 -0.0343035  0.0105073  0.0685733  0 -0  0 0 0 0   0.0351985  -0.0432392 -0.00815083  0.0378448  0.186099 0.0476834 0 0 0 0 0 0 1.28265
-10.7275 -36.4688  10.9866 -0.0364946  0.0123448  0.0685453  0 -0  0 0 0 0 -0.0287752 0.00925269 0.00773581   0.0617056 0.00478186  -0.164442 0 0 0 0 0 0 1.28551
-10.7065 -36.6949  10.9541 -0.0341271   0.012771  0.0693775  0 -0  0 0 0 0 0.0185606 0.0170039 0.0289145  0.0426959 -0.103332 -0.130407 0 0 0 0 0 0 1.28805
-10.6048 -36.4918  10.9854 -0.0337059  0.0104024  0.0670512  0 -0  0 0 0 0  0.0413072 -0.0355496 -0.0205019   0.0790165  0.0480465 -0.0333638 0 0 0 0 0 0 1.2914
-10.3342 -35.6781  10.9764 -0.0337189  0.0136613  0.0638954  0 -0  0 0 0 0  0.0606735  0.0261329 -0.0873388   0.171095  0.397961 0.0707163 0 0 0 0 0 0 1.29594
  -10.05 -34.8141  10.7052 -0.0302079  0.0093548  0.0681891  0 -0  0 0 0 0 0.0800486 -0.060723  0.033018    0.0876935    0.395356 -0.00189208 0 0 0 0 0 0 1.30296
-9.95029 -34.9415  10.5515 -0.0305126  0.0100351  0.0663765  0 -0  0 0 0 0  0.0318461 -0.0169329  0.0211879  0.0511659   0.15115 -0.123156 0 0 0 0 0 0 1.30492
-9.68921 -34.8196  10.3525 -0.0295219  0.0107368   0.067183  0 -0  0 0 0 0    0.0478466 -0.000454683    0.0315791   0.113267  0.160139 -0.145445 0 0 0 0 0 0 1.30638
-9.16428  -34.232  10.1387 -0.031452 0.0100206 0.0627055  0 -0  0 0 0 0  0.0317226 -0.0214432 -0.0721382   0.256925      0.38 -0.112864 0 0 0 0 0 0 1.3113
 -7.9677 -32.8153  9.45677 -0.0289263  0.0117326  0.0598931  0 -0  0 0 0 0   0.111363 0.00602958  -0.124741   0.539384  0.871551 -0.196422 0 0 0 0 0 0 1.31545
-6.84971 -31.1024   8.3746  -0.022879 0.00679537  0.0657456  0 -0  0 0 0 0   0.136254 -0.0788704  0.0444642   0.325675  0.834802 -0.291056 0 0 0 0 0 0 1.32521
-6.41265 -30.8762  7.89532 -0.0230065 0.00689962   0.061491  0 -0  0 0 0 0   0.0646498  -0.0352143 -0.00861354   0.253961  0.557971 -0.373195 0 0 0 0 0 0 1.32947
 -5.8786 -30.4362  7.45563  -0.023925 0.00724756  0.0610416  0 -0  0 0 0 0  0.0310754  -0.020698 -0.0245289   0.314065  0.561643 -0.392201 0 0 0 0 0 0 1.33055
-5.18964 -29.4384  6.93806 -0.0237762 0.00454439  0.0536364  0 -0  0 0 0 0  0.0697063 -0.0701648  -0.179173   0.395563   0.85644 -0.398539 0 0 0 0 0 0 1.33843
-3.62898 -26.7922  5.57353 -0.0073112 0.00247099  0.0566842  0 -0  0 0 0 0   0.442802 -0.0879823 -0.0393652   0.632898   1.71699 -0.614111 0 0 0 0 0 0 1.35531
-3.09611 -22.6745  4.16272 -0.00193809 -0.00213762   0.0584842  0 -0  0 0 0 0   0.262751 -0.0827096  0.0248908   0.134007    1.7274 -0.499907 0 0 0 0 0 0 1.36261
-3.21201 -21.8617  3.93427 -0.00398327 -0.00527695   0.0473185  0 -0  0 0 0 0  0.0785402 -0.0867754  -0.150538  -0.0371842    1.28036   -0.37525 0 0 0 0 0 0 1.37439
-2.80659 -20.8218     3.57 -0.00731352  -0.0068849   0.0436567  0 -0  0 0 0 0 -0.00947329   -0.101844   -0.210662  0.152232  1.29356 -0.38079 0 0 0 0 0 0 1.37959
-1.91418 -19.3745  3.11476 -0.00642663  -0.0107408   0.0335682  0 -0  0 0 0 0 0.0226231 -0.143445 -0.370881   0.493773   1.53288 -0.433478 0 0 0 0 0 0 1.39043
-0.603514  -17.3905   1.91783 0.00952509 -0.0259417  0.0336842  0 -0  0 0 0 0  0.330579 -0.370939  -0.22893   0.807655   1.94224 -0.756133 0 0 0 0 0 0 1.41246
  2.73024  -12.3284 -0.160978 0.00678329 -0.0275588  0.0280914  0 -0  0 0 0 0 0.0832942 -0.161312 -0.169109   0.967354   1.87861 -0.778994 0 0 0 0 0 0 1.4189
  3.50385  -10.9126 -0.670708 0.00803614  -0.030604  0.0237783  0 -0  0 0 0 0 0.0723666  -0.16935 -0.204181   0.876246   1.77621 -0.741887 0 0 0 0 0 0 1.42432
 3.82375 -9.82164  -1.0107 0.00847738 -0.0314578   0.022035  0 -0  0 0 0 0 0.0632377 -0.148304 -0.186156   0.619423   1.65859 -0.667682 0 0 0 0 0 0 1.42631
 3.83666 -8.86396 -1.15295 0.00125048 -0.0188926  0.0216108  0 -0  0 0 0 0 -0.089076  0.108248 -0.145673   0.338038   1.52394 -0.541447 0 0 0 0 0 0 1.44082
 4.06988 -7.32928 -1.81913   0.010872 -0.0168443  0.0179074  0 -0  0 0 0 0  0.112554  0.120248 -0.180447   0.260824    1.6663 -0.681672 0 0 0 0 0 0 1.45133
 3.93969 -4.76869 -2.47246  0.0110107 -0.0173224  0.0118103  0 -0  0 0 0 0 0.0197319 0.0418332 -0.140623  0.0181694   1.13342 -0.398314 0 0 0 0 0 0 1.45745
 3.63759 -4.16899  -2.6427  0.0132492 -0.0180389  0.0135139  0 -0  0 0 0 0  0.0377165  0.0157864 -0.0533043  -0.263349   0.81826 -0.299053 0 0 0 0 0 0 1.46035
  3.3224 -3.68719  -2.6662 0.0119633  -0.01722 0.0118214  0 -0  0 0 0 0  0.0040274   0.028253 -0.0878579  -0.375533  0.788805 -0.221131 0 0 0 0 0 0 1.46263
 2.94167 -3.29645 -2.39864 0.00370013 -0.0193035  0.0119607  0 -0  0 0 0 0  -0.146159 -0.0237519 -0.0479713   -0.447722   0.698191 -0.0470431 0 0 0 0 0 0 1.47115
 2.35442 -2.58605  -2.3751 0.00417837 -0.0163225  0.0109169  0 -0  0 0 0 0  -0.103273  0.0373911 -0.0551158   -0.573166   0.779892 -0.0352058 0 0 0 0 0 0 1.47434
 2.48537 -1.25737 -2.65139  -0.00314977   -0.0167678 -0.000690737  0 -0  0 0 0 0  -0.148856 -0.0185352  -0.183443  -0.112152  0.555809 -0.111193 0 0 0 0 0 0 1.48808
  2.88611 -0.945438  -2.73736 -0.000835041   -0.0125478   0.00611796  0 -0  0 0 0 0 -0.0668199   0.027013 -0.0633091   0.227882  0.466002 -0.112298 0 0 0 0 0 0 1.49642
  3.10355 -0.631089  -2.82239 0.00100219 -0.0120451 0.00567888  0 -0  0 0 0 0 -0.0106601  0.0315467 -0.0571798   0.273787  0.472724 -0.125904 0 0 0 0 0 0 1.49837
  3.27584 -0.460267  -2.93549 -0.000641246   -0.0165247   0.00603323  0 -0  0 0 0 0 -0.0345795 -0.0644145 -0.0208352   0.269358  0.378707 -0.140152 0 0 0 0 0 0 1.50316
   3.65427 -0.0149336    -3.0509 0.00212023 -0.0212887 0.00696463  0 -0  0 0 0 0 0.0225204 -0.129904 0.0182421   0.359525  0.455112 -0.156872 0 0 0 0 0 0 1.50874
 4.27632 0.944822 -3.07029 0.00118475 -0.0232497 0.00843397  0 -0  0 0 0 0 -0.00524183  -0.0700509   0.0242238    0.258848   0.379953 -0.0583799 0 0 0 0 0 0 1.51136
 4.55296  1.26742 -3.07768  0.0044334 -0.0246952 0.00689802  0 -0  0 0 0 0  0.0711097 -0.0762741 -0.0249616    0.297031   0.363957 -0.0312967 0 0 0 0 0 0 1.51524
 4.79564  1.52274 -3.21316  0.0087962 -0.0232087 0.00531381  0 -0  0 0 0 0     0.1433 -0.0206667 -0.0699189   0.323854  0.364988 -0.103354 0 0 0 0 0 0 1.52011
 4.94744  1.78099 -3.13114 0.00644725 -0.0250383 0.00283351  0 -0  0 0 0 0  0.0673681 -0.0525947  -0.122573    0.289807   0.375257 -0.0503003 0 0 0 0 0 0 1.52398
 5.19261  2.25741 -3.13681  0.00617314  -0.0223347 0.000428909  0 -0  0 0 0 0  0.0394585 0.00931862  -0.129745    0.272695   0.435988 -0.0527569 0 0 0 0 0 0 1.52761
  4.7784  2.95673 -3.20056 0.000441654   -0.022933 -0.00480672  0 -0  0 0 0 0 -0.0690821   0.014174  -0.121392  -0.0410971   0.315248 -0.0552876 0 0 0 0 0 0 1.5354
 4.71294  3.06735 -3.26915  0.00364085  -0.0243598 -0.00073051  0 -0  0 0 0 0 0.00292959 -0.0277542 -0.0097575  -0.0633913   0.215882 -0.0766774 0 0 0 0 0 0 1.54077
 4.77531  3.19676 -3.28513   0.00715295   -0.0266909 -0.000657397  0 -0  0 0 0 0  0.0751023 -0.0700277 -0.0108493   0.0126126   0.203905 -0.0561752 0 0 0 0 0 0 1.54499
  4.8798  3.25399 -3.28258  0.00485868  -0.0233986 -0.00045371  0 -0  0 0 0 0   0.0177862  0.00960672 -0.00671651    0.068883   0.162298 -0.0426661 0 0 0 0 0 0 1.54901
 4.98315  3.48529 -3.41137  0.00371287  -0.0201725 0.000261148  0 -0  0 0 0 0 -0.0105897  0.0637848  0.0135962   0.0927808   0.206946 -0.0868006 0 0 0 0 0 0 1.55251
 4.69035  4.12319 -3.48716 -0.00203166   -0.018722 -0.00145534  0 -0  0 0 0 0 -0.0760036  0.0507548  -0.014195  -0.0528779   0.227168 -0.0582433 0 0 0 0 0 0 1.55867
4.51139 4.27096 -3.5157 -0.000148711   -0.0204384   -0.0012169  0 -0  0 0 0 0 -0.0144021 0.00279127 -0.0151258   -0.130791   0.192725 -0.0430075 0 0 0 0 0 0 1.56123
 4.46223   4.4755 -3.50859  0.00284344  -0.0221765 -0.00326664  0 -0  0 0 0 0  0.0548465 -0.0326479 -0.0665732    -0.10129   0.249163 -0.0278127 0 0 0 0 0 0 1.56525
 4.50772  4.62328 -3.49065  0.00497618  -0.0275044 -0.00274866  0 -0  0 0 0 0 0.0854789 -0.124485 -0.025492  -0.0297599    0.24172 -0.0156992 0 0 0 0 0 0 1.57102
 4.55077  5.02862 -3.32465  0.00663643  -0.0257522 -0.00194624  0 -0  0 0 0 0  0.0876052 -0.0534575 0.00210239  -0.00168029    0.345969   0.0401151 0 0 0 0 0 0 1.57356
 4.76419  5.70601 -3.21813  0.00225514  -0.0253891 -0.00452728  0 -0  0 0 0 0 -0.0289096 -0.0182345 -0.0377989  0.0581908  0.285603 0.0203481 0 0 0 0 0 0 1.57866
4.90271 5.88693 -3.1861  0.00107475  -0.0262923 -0.00610736  0 -0  0 0 0 0 -0.0481956 -0.0373827 -0.0665296   0.121879  0.209894 0.0188068 0 0 0 0 0 0 1.58083
 4.94009  5.96193 -3.17687  0.00293846  -0.0258464 -0.00647626  0 -0  0 0 0 0 0.000428356  -0.0202387  -0.0617802  0.0849048  0.172434 0.0133025 0 0 0 0 0 0 1.58278
 4.90787  6.09922 -3.11881 0.000256971  -0.0295213 -0.00797827  0 -0  0 0 0 0 -0.0489643 -0.0884116 -0.0767811  0.0338668  0.183941 0.0284748 0 0 0 0 0 0 1.58757
 4.90978  6.38522 -3.00359 -0.000683882   -0.0270343  -0.00819735  0 -0  0 0 0 0 -0.0561302 -0.0241506 -0.0540912  0.0128632  0.271643  0.055178 0 0 0 0 0 0 1.59024
 5.46846  7.01833 -2.94322 -0.00363086   -0.022514 -0.00806897  0 -0  0 0 0 0 -0.0627831  0.0467735 -0.0213768   0.155553  0.247846 0.0135457 0 0 0 0 0 0 1.59564
 5.70984  7.28035 -2.85302 -0.00558229  -0.0192892  -0.0113895  0 -0  0 0 0 0 -0.0714632  0.0967474 -0.0782213   0.198161  0.235412 0.0500699 0 0 0 0 0 0 1.60066
    5.86  7.30786 -2.80486 -0.00259145  -0.0188892  -0.0102496  0 -0  0 0 0 0  0.0044037  0.0766143 -0.0380596    0.19733  0.166635 0.0572592 0 0 0 0 0 0 1.60388
5.92042 7.32779 -2.8101 -0.00247764  -0.0207924  -0.0106858  0 -0  0 0 0 0 0.00680616  0.0173229 -0.0321453   0.158313  0.115742 0.0371773 0 0 0 0 0 0 1.60584
 6.02914  7.45742 -2.88092 -0.00203886  -0.0220694  -0.0105621  0 -0  0 0 0 0  0.0117009 -0.0111931  -0.014258    0.159047   0.136104 -0.0058559 0 0 0 0 0 0 1.6072
6.29889 7.76808 -2.7487 -0.00348508  -0.0215667 -0.00684786  0 -0  0 0 0 0  -0.0123513 0.000787925   0.0563742   0.137476  0.159018 0.0292099 0 0 0 0 0 0 1.61121
 6.47473   8.1142 -2.76328 -0.00388994  -0.0267777  -0.0109987  0 -0  0 0 0 0 -0.00812924  -0.0907068   -0.030789    0.123363    0.17646 -0.0121197 0 0 0 0 0 0 1.61789
 6.61961  8.23643 -2.73135 -0.00171444  -0.0270696  -0.0126244  0 -0  0 0 0 0  0.0328829 -0.0729669 -0.0677069     0.16546   0.175495 0.00623467 0 0 0 0 0 0 1.62062
6.72457 8.26525 -2.5368 -0.000836681   -0.0261929   -0.0128801  0 -0  0 0 0 0  0.0457988 -0.0418862 -0.0599844   0.152061  0.145544 0.0868247 0 0 0 0 0 0 1.62189
 6.88399  8.41802 -2.51564 -0.000645619   -0.0218657   -0.0133471  0 -0  0 0 0 0  0.0344454  0.0379987 -0.0544122   0.168569  0.168172 0.0643345 0 0 0 0 0 0 1.62624
 6.85271  8.75451 -2.54098 -0.000282478   -0.0201273   -0.0137742  0 -0  0 0 0 0 0.0296248 0.0649517 -0.034116    0.0587979    0.218934 -0.00415504 0 0 0 0 0 0 1.62807
 6.70914  8.99212 -2.54277 -0.000432557   -0.0252305   -0.0147583  0 -0  0 0 0 0 0.00399715 -0.0401963 -0.0326606  -0.0209467   0.131882 -0.0110696 0 0 0 0 0 0 1.63327
 6.68779  8.84863 -2.53007  0.0028971 -0.0267826 -0.0139064  0 -0  0 0 0 0  0.0540319 -0.0643561  -0.026423  -0.0344136 -0.0232503 0.00600401 0 0 0 0 0 0 1.63704
 6.60959  8.75031 -2.53619 0.000861909  -0.0330722  -0.0168316  0 -0  0 0 0 0 0.00584446  -0.161836 -0.0975496  -0.0591574 -0.0885776 0.00101282 0 0 0 0 0 0 1.64427
 6.49826  8.60463 -2.72539 -0.00165293  -0.0267517  -0.0171349  0 -0  0 0 0 0 -0.0507302  -0.019033 -0.0726831  -0.0824448  -0.131381 -0.0667388 0 0 0 0 0 0 1.65108
 6.57699  8.46462 -2.84233 -0.00398988  -0.0256705  -0.0173434  0 -0  0 0 0 0 -0.0817531 0.00138816 -0.0569762  0.00309043   -0.15816 -0.0899594 0 0 0 0 0 0 1.65366
 6.96271  8.47172 -2.94381 -0.00716974  -0.0224353  -0.0162323  0 -0  0 0 0 0  -0.0689743   0.0283313 -0.00651813    0.107497 -0.0369656 -0.0472018 0 0 0 0 0 0 1.65833
   7.103  8.38839 -2.95115 -0.00216434  -0.0244565  -0.0147836  0 -0  0 0 0 0  0.0315402 -0.0202566  0.0269252    0.156416 -0.0586377 -0.0166826 0 0 0 0 0 0 1.66392
 7.17347  8.33563 -2.89741 -0.00106594  -0.0281689  -0.0155451  0 -0  0 0 0 0   0.0494086  -0.0837186 -0.00255898    0.142437 -0.0708504  0.0168717 0 0 0 0 0 0 1.66787
 7.18034  8.28514 -2.89335 -0.000443013   -0.0236454   -0.0142326  0 -0  0 0 0 0 0.0477848  0.010136 0.0372644    0.081042 -0.0679334  0.0186349 0 0 0 0 0 0 1.67262
 7.04984  8.08886 -2.90087 -0.00220342  -0.0206365  -0.0134448  0 -0  0 0 0 0 -0.00100093   0.0719132   0.0407354  -0.024726 -0.141214 0.0102603 0 0 0 0 0 0 1.67619
 6.51425  7.91018 -2.92315 -0.0033738 -0.0229464 -0.0131357  0 -0  0 0 0 0 -0.0131856 0.00310184  0.0245797    -0.14936  -0.083649 0.00438376 0 0 0 0 0 0 1.6788
 6.21437  7.76127 -2.90424 0.00104235 -0.0258881 -0.0116492  0 -0  0 0 0 0  0.0675412 -0.0534927   0.048487  -0.302434 -0.120577 0.0226583 0 0 0 0 0 0 1.68431
 5.64454  7.59257 -2.99971 0.00370123 -0.0300306 -0.0121675  0 -0  0 0 0 0  0.107349 -0.128168 0.0431809   -0.574294  -0.201591 -0.0288319 0 0 0 0 0 0 1.68926
4.83976 7.47499  -3.177 0.00365982 -0.0190151 -0.0136109  0 -0  0 0 0 0   0.0769189   0.0968234 -0.00303951  -0.832193 -0.208005 -0.089138 0 0 0 0 0 0 1.70037
 3.21165  7.20635 -3.47056 -0.00308755 -0.00226651  -0.0117324  0 -0  0 0 0 0 -0.0681604   0.401599  0.0515552   -1.32478  -0.26781 -0.209766 0 0 0 0 0 0 1.71852
-0.475032   6.12887  -3.81838 -0.00494426  -0.0068803  -0.0103249  0 -0  0 0 0 0 -0.058316 0.0641977 0.0364437   -1.28463 -0.353845 -0.120514 0 0 0 0 0 0 1.72369
-1.45734  5.75682 -3.87921 0.000232131 -0.00657152   -0.010011  0 -0  0 0 0 0  0.0576828  0.0409931 0.00989572    -1.19096  -0.400511 -0.0855202 0 0 0 0 0 0 1.72889
-2.32432  5.47199 -3.85327 0.00338496 -0.0144726 -0.0101703  0 -0  0 0 0 0   0.114294  -0.137596 0.00953566    -1.20794  -0.404907 -0.0441381 0 0 0 0 0 0 1.7374
-3.48589  5.16131 -3.82909  0.00247846  -0.0161836 -0.00793623  0 -0  0 0 0 0 0.0758933 -0.140972 0.0820497    -1.40112  -0.429029 -0.0333706 0 0 0 0 0 0 1.74035
-5.81152  4.96547 -4.16487  0.00212874  -0.0144482 -0.00574129  0 -0  0 0 0 0  0.0505656 -0.0401836   0.128659   -1.87405 -0.294472 -0.196018 0 0 0 0 0 0 1.74317
-8.95826  4.42155 -4.40829  6.9343e-05  -0.0194138 -0.00641465  0 -0  0 0 0 0 -0.00538344   -0.113779   0.0316144   -1.41299 -0.259849 -0.133688 0 0 0 0 0 0 1.74859
 -9.8425  4.29056 -4.47588  0.00179352  -0.0268298 -0.00698513  0 -0  0 0 0 0  0.0299253  -0.252345 -0.0114535    -1.11717  -0.173866 -0.0985659 0 0 0 0 0 0 1.75622
-10.5757  4.18159 -4.47177  0.00310963  -0.0286347 -0.00759736  0 -0  0 0 0 0  0.0481691  -0.228562 -0.0272481    -1.10502  -0.165252 -0.0724083 0 0 0 0 0 0 1.75854
-11.6103  3.99681 -4.56997  0.00269634  -0.0261577 -0.00571518  0 -0  0 0 0 0 0.0286381 -0.116374 0.0377606   -1.20499 -0.189006 -0.103825 0 0 0 0 0 0 1.76168
-13.6151  3.83106 -5.07395 0.00496562 -0.0110884 -0.0124706  0 -0  0 0 0 0 0.056865 0.210907 -0.10256   -1.70621 -0.147935 -0.299895 0 0 0 0 0 0 1.77835
-16.4909  3.25919 -5.21689 -0.000150058   -0.0057307    -0.012489  0 -0  0 0 0 0 -0.0445098   0.126801 -0.0499341   -1.31102 -0.204405 -0.148547 0 0 0 0 0 0 1.78576
-16.9974  3.18857 -4.98711 -0.000867595   -0.0114937  -0.00430938  0 -0  0 0 0 0 -0.0536069 -0.0626758  0.0807938   -0.88133 -0.127737 0.0822983 0 0 0 0 0 0 1.79579
-17.4701  3.09768 -4.82761 -0.000493971   -0.0120493  -0.00239304  0 -0  0 0 0 0 -0.0345709 -0.0699209  0.0883499  -0.759645  -0.13802  0.115868 0 0 0 0 0 0 1.79782
-18.7588  2.98233 -4.75372 0.00174756 -0.0205489 0.00199747  0 -0  0 0 0 0 0.0171809 -0.174479  0.188704   -1.02257   -0.1575 0.0833451 0 0 0 0 0 0 1.80764
 -21.279  3.29119 -4.93511 -0.00660007 -0.00224102 -0.00392469  0 -0  0 0 0 0 -0.125226   0.28043 0.0833692   -1.91422 0.0752735 0.0145808 0 0 0 0 0 0 1.82862
-25.6441  2.43049 -5.00988 -0.00372289 0.000929932  0.00640069  0 -0  0 0 0 0 -0.0435962   0.168433   0.190374   -1.99152 -0.203651 -0.147531 0 0 0 0 0 0 1.8398
-26.8719  2.18428 -4.81953 -0.00508274  -0.0141949   0.0088098  0 -0  0 0 0 0 -0.0529329  -0.167367  0.0804658     -1.4188  -0.270299 -0.0265501 0 0 0 0 0 0 1.85517
-26.8608  2.09339 -4.69779 -0.00510387  -0.0232824  0.00672303  0 -0  0 0 0 0 -0.0441548  -0.348492 -0.0440591  -0.800258 -0.210739 0.0491054 0 0 0 0 0 0 1.8645
-25.8686  1.82662 -4.65646 -0.00351147  -0.0127999 -0.00106778  0 -0  0 0 0 0 -0.0164257  -0.159611  -0.265299  -0.140198 -0.229337 0.0207055 0 0 0 0 0 0 1.87765
-25.4959  1.56605 -4.38637 -0.00285174 -0.00449344 -0.00927576  0 -0  0 0 0 0 -0.0117681  0.0106217  -0.375151  0.0530706 -0.280617 0.0517503 0 0 0 0 0 0 1.88935
-26.6871  1.67849 -4.42539  0.00523787 -0.00506188   0.0261023  0 -0  0 0 0 0   0.102555 -0.0377633   0.421842   -0.542316 -0.0266598  0.0533969 0 0 0 0 0 0 1.92565
-28.3941  1.77406  -4.6344 0.00419046 0.00116372  0.0142984  0 -0  0 0 0 0 0.0447832  0.120573  0.120341     -0.9458  0.0632537 -0.0399501 0 0 0 0 0 0 1.93903
-29.3894  1.95175  -4.6096 0.00371175 0.00163194 0.00948052  0 -0  0 0 0 0  0.0299355   0.108151 -0.0131534   -1.00997  0.104518 0.0219458 0 0 0 0 0 0 1.9439
-29.5271  2.03344 -4.44013 0.000808164  0.00478304   0.0041084  0 -0  0 0 0 0 -0.0290971  0.0852044  -0.143932  -0.698571  0.064606 0.0999248 0 0 0 0 0 0 1.95077
-28.7511  2.12369 -4.29736 0.00417182 0.00196871 0.00678623  0 -0  0 0 0 0   0.020209 -0.0467519 -0.0713171  -0.181602 0.0665767  0.168231 0 0 0 0 0 0 1.95591
-28.6125  2.39028 -4.07274 0.00324299 0.00225336 0.00718541  0 -0  0 0 0 0 0.00157989 -0.0270908 -0.0476615  -0.0157345   0.077546   0.194609 0 0 0 0 0 0 1.95696
-29.1147  2.39787 -3.98282 0.00301088 0.00668317  0.0082401  0 -0  0 0 0 0 -0.0154792  0.0483234  0.0123498  -0.249892 0.0190096  0.101359 0 0 0 0 0 0 1.96152
-30.1565  2.40059 -4.17514 0.00318969  0.0128055 0.00136128  0 -0  0 0 0 0 -0.0110799   0.167219 -0.0855845   -0.619538  0.0130674 -0.0259173 0 0 0 0 0 0 1.97073
-31.1807  2.36885  -4.2652 0.00107512 0.00575628 0.00311847  0 -0  0 0 0 0 -0.0390454  0.0239142  0.0025371     -0.79565 -0.00306895  -0.0584055 0 0 0 0 0 0 1.97829
-31.4683  2.20252 -4.32847 0.00529944  0.0116451  0.0100823  0 -0  0 0 0 0 0.0299305  0.103531  0.152949   -0.681634 -0.0349911 -0.0927403 0 0 0 0 0 0 1.98834
-31.2545  2.33488 -4.35576  0.00271273   0.0137094 -0.00458433  0 -0  0 0 0 0 -0.00961322    0.121082   -0.244229  -0.0854535 0.00440602 -0.0339982 0 0 0 0 0 0 2.00338
-30.8395  2.77408 -4.23595 -0.00182549  0.00745316 -0.00345758  0 -0  0 0 0 0 -0.0602974 -0.0362181  -0.129871   0.13097 0.149048 0.131684 0 0 0 0 0 0 2.01119
-31.0099   2.8791 -4.31828 -0.00258313  0.00613565  -0.0045765  0 -0  0 0 0 0 -0.0551527  -0.041425 -0.0925137  -0.00925453    0.131704   0.0544333 0 0 0 0 0 0 2.01308
-32.1234  2.78107 -4.43304 -0.00344226 -0.00290527  0.00204394  0 -0  0 0 0 0 -0.0464883  -0.138736   0.116058   -0.454086  0.0375459 -0.0594891 0 0 0 0 0 0 2.02431
-33.4542  2.66349  -4.5112 -3.89774e-05   -0.0129951   0.00895053  0 -0  0 0 0 0 0.0264089 -0.239959  0.265379   -0.829814 -0.0236443   -0.12512 0 0 0 0 0 0 2.03701
-34.3767  2.29096 -4.53529  0.00179792  -0.0286537 -0.00741423  0 -0  0 0 0 0 0.0504573 -0.350555 -0.180467  -0.585915 -0.149688 -0.156738 0 0 0 0 0 0 2.05973
-33.9618  2.57985 -4.40211 -0.00348103  -0.0293431  -0.0053225  0 -0  0 0 0 0 -0.0370333  -0.212198  -0.161299  -0.0102567   0.018407   0.056282 0 0 0 0 0 0 2.06545
-32.6915  2.73359 -4.17719 -0.00232174  -0.0338572  0.00153306  0 -0  0 0 0 0 -0.0118986   -0.25833 -0.0167416   0.529999 0.0730879  0.197267 0 0 0 0 0 0 2.07374
-31.2981  2.83673 -4.16964 -0.00581589  -0.0248735 -0.00445883  0 -0  0 0 0 0 -0.0724313 -0.0711806  -0.169715   0.907288 0.0940643  0.165624 0 0 0 0 0 0 2.08509
-30.2143  2.83792   -4.241 -0.00485952  -0.0205015  -0.0119845  0 -0  0 0 0 0 -0.0439932  0.0116296    -0.3037    1.02336 0.0717905 0.0829778 0 0 0 0 0 0 2.09385
-29.7644  2.62378 -4.28082  0.0019288 -0.0197614 0.00312466  0 -0  0 0 0 0 0.0554485 -0.017843  0.161791    0.440021 0.00185711 -0.0102789 0 0 0 0 0 0 2.11043
-29.7318  2.42286 -4.30036  0.00247029 -0.00874789  0.00671528  0 -0  0 0 0 0 0.0302194  0.163188  0.176892    0.132547 -0.0637041 -0.0501573 0 0 0 0 0 0 2.12202
-29.6597  2.43506 -4.30786  0.00215618 -0.00660347  0.00485872  0 -0  0 0 0 0 0.0183787  0.163818 0.0783671     0.13037 -0.0303802 -0.0272436 0 0 0 0 0 0 2.12488
-28.5549  2.45298 -4.06354 -0.000471524 -0.000285993  -0.00196846  0 -0  0 0 0 0 -0.0345908    0.17694  -0.135882    0.563045 -0.0502915  0.0930834 0 0 0 0 0 0 2.13454
-25.1057  2.17264 -3.92532  0.00714791  0.00821002 -0.00206799  0 -0  0 0 0 0  0.070176  0.114373 -0.152123    1.66834 -0.113366  0.128399 0 0 0 0 0 0 2.14596
-20.6732  2.27155 -3.42106  0.00663327 0.000552509 -0.00830608  0 -0  0 0 0 0  0.0418965 -0.0580284  -0.234228    2.37999 -0.104292  0.246032 0 0 0 0 0 0 2.15585
-17.3553  2.50518 -3.08188 0.00673335 0.00360405 0.00230484  0 -0  0 0 0 0   0.0173506 -0.00494486   0.0729652    2.04261 0.0478014   0.24436 0 0 0 0 0 0 2.16689
-16.0584  2.68868  -2.8466  0.00441131 0.000482508 -0.00185232  0 -0  0 0 0 0 -0.0208902 -0.0305251 0.00236274    1.83772 0.0602885  0.271592 0 0 0 0 0 0 2.17258
-14.4518  2.64134 -2.75931  0.00231868 -0.00254992 -0.00213036  0 -0  0 0 0 0 -0.0542049 -0.0924309 -0.0191201      1.96104 -0.00113953    0.220197 0 0 0 0 0 0 2.17628
-11.6287  2.29015 -2.44875  0.00121654 -0.00827537  0.00193945  0 -0  0 0 0 0 -0.0669792  -0.226314   0.040794    2.43269 -0.178866   0.24875 0 0 0 0 0 0 2.18339
-7.33701  1.71807 -2.21434 -0.000599895   -0.0172189   0.00301965  0 -0  0 0 0 0 -0.0830303  -0.301902  0.0146059    2.84032 -0.344501  0.151869 0 0 0 0 0 0 2.19258
  -4.517  1.11029 -2.32018  0.0015976 -0.0253931  0.0178131  0 -0  0 0 0 0 -0.020507 -0.221823  0.270598     1.72122  -0.272982 -0.0407274 0 0 0 0 0 0 2.20962
-3.68038   1.2182 -2.42711 0.00239719 -0.0363814 0.00381573  0 -0  0 0 0 0  0.004588 -0.330555 -0.046166     1.52803  -0.152371 -0.0724244 0 0 0 0 0 0 2.22743
-2.35888  1.12361 -2.57095  0.00209046  -0.0383535 0.000533099  0 -0  0 0 0 0 -0.00419627   -0.293122   -0.134909    1.71168 -0.142312 -0.116935 0 0 0 0 0 0 2.23127
-0.255119  0.827737  -2.79762 -0.000416634    -0.038071 -0.000436188  0 -0  0 0 0 0 -0.0518192  -0.222216  -0.130065    2.22388 -0.236275 -0.183002 0 0 0 0 0 0 2.23398
  3.90871 0.0706204  -3.29395 -0.000827157   -0.0469659   0.00103397  0 -0  0 0 0 0 -0.0740905  -0.344064 -0.0543726    2.98658 -0.482709 -0.294945 0 0 0 0 0 0 2.243
  8.52198 -0.267947  -3.92229 -0.00277919  -0.0805519   0.0114003  0 -0  0 0 0 0 -0.0468255  -0.563287   0.138914    2.12678 -0.211465 -0.256666 0 0 0 0 0 0 2.27821
   9.3198 -0.223285  -4.20539 -0.00275178  -0.0930233  0.00764584  0 -0  0 0 0 0 -0.0333893  -0.654925  0.0463781     1.48204 -0.0948636  -0.296103 0 0 0 0 0 0 2.29123
  9.91256 -0.314116  -4.36305 -0.0005927  -0.101704 0.00446289  0 -0  0 0 0 0  0.0146693  -0.688916 -0.0638548    1.26924 -0.142996 -0.266169 0 0 0 0 0 0 2.30073
  10.7527 -0.606652   -4.3375 -0.00201992  -0.0652572   0.0071804  0 -0  0 0 0 0 -0.0192176   0.124035 -0.0224466    1.28119 -0.241324 -0.131827 0 0 0 0 0 0 2.3373
  12.9113 -0.914514  -4.96941 -0.0132034 -0.0824761  0.0075471  0 -0  0 0 0 0 -0.237679 -0.264586 0.0126832    1.68654  -0.34516 -0.344584 0 0 0 0 0 0 2.35784
 19.1015 -1.36837 -5.83317 -0.0123411 -0.0599639 0.00715115  0 -0  0 0 0 0 -0.0635387   0.175075 0.00613319    2.04517  -0.25311 -0.269828 0 0 0 0 0 0 2.38037
 20.6582 -1.46134  -6.1315 -0.00952402  -0.0532111  0.00371921  0 -0  0 0 0 0 0.00103016   0.265617 -0.0941775    2.21665 -0.286133 -0.311093 0 0 0 0 0 0 2.38845
 21.8635 -1.49385 -6.61072 -0.00691739  -0.0421591  0.00152653  0 -0  0 0 0 0 0.0381763  0.466727 -0.140665    2.10864 -0.305579 -0.477071 0 0 0 0 0 0 2.40002
 23.2095 -1.59217 -7.14754 -0.00126499   -0.033616  0.00137831  0 -0  0 0 0 0   0.133803   0.543449 -0.0997992    2.08624 -0.359134 -0.554074 0 0 0 0 0 0 2.41026
 26.1109 -1.52647 -7.98466 8.4562e-05 -0.0362772  0.0102195  0 -0  0 0 0 0 0.100024 0.315747 0.190367    2.68679 -0.348947 -0.714329 0 0 0 0 0 0 2.41959
  31.721 -1.46632 -9.57136   0.00938762   -0.0169129 -0.000581131  0 -0  0 0 0 0   0.163873   0.372695 -0.0992902     2.0712 -0.278815 -0.533761 0 0 0 0 0 0 2.44364
 31.6507  -1.5346 -9.77896  0.0037144 -0.0239169 0.00921813  0 -0  0 0 0 0 0.0614319  0.253812  0.173891    1.02442 -0.284742 -0.308565 0 0 0 0 0 0 2.45695
 31.7727 -1.56096 -10.0028 0.00494749 -0.0235683 0.00884446  0 -0  0 0 0 0 0.0728803  0.213708  0.139683   0.593805 -0.242752 -0.295087 0 0 0 0 0 0 2.45829
 31.8677 -1.67375 -10.1423 2.83668e-05   -0.027102  0.00319469  0 -0  0 0 0 0 -0.0433499   0.089583 -0.0600796   0.453958 -0.271422 -0.227985 0 0 0 0 0 0 2.46657
 33.2683 -1.68558 -10.3951 -0.00143776  -0.0281212   0.0115932  0 -0  0 0 0 0 -0.0615563  0.0232423   0.186528    1.00491 -0.241935 -0.246221 0 0 0 0 0 0 2.47515
 36.8487 -1.52918 -11.2995 -0.0048631 -0.0356242 0.00700478  0 -0  0 0 0 0 -0.0629894 -0.0932772  0.0134356    1.15927 -0.164796 -0.272601 0 0 0 0 0 0 2.48459
 37.9076 -1.39635 -11.5346 -0.00729743  -0.0427231 0.000986624  0 -0  0 0 0 0 -0.0904377  -0.189924  -0.166119    1.15959 -0.100417 -0.293419 0 0 0 0 0 0 2.49421
 38.4646 -1.30442 -11.6138 -0.00776808  -0.0457959 -0.00182546  0 -0  0 0 0 0 -0.0773204  -0.205836  -0.195632     1.07446 -0.0274684  -0.245652 0 0 0 0 0 0 2.4984
 39.0134 -1.17221 -11.7511 -0.00412867  -0.0484746 -0.00473589  0 -0  0 0 0 0 0.0149822 -0.214364 -0.215125     1.02528 0.00558815  -0.267177 0 0 0 0 0 0 2.50378
 39.8523 -1.06532 -11.9449 -0.00254836  -0.0458499 -0.00537006  0 -0  0 0 0 0  0.0412489 -0.0995204  -0.159721      1.0296 -0.0173145  -0.272921 0 0 0 0 0 0 2.50691
  41.3398 -0.820891  -11.9203  0.00277639  -0.0595696 -0.00846686  0 -0  0 0 0 0 0.0827082 -0.203229 -0.120448   0.667086 0.0432649 -0.114815 0 0 0 0 0 0 2.52195
 41.0217 -1.03061 -11.6872 -0.000520779   -0.0488292  -0.00341525  0 -0  0 0 0 0 0.0170886 0.0175121 -0.005755     0.25554 0.00522668    0.10194 0 0 0 0 0 0 2.53427
 41.0128 -1.05909 -11.6769 -0.00197684  -0.0493233 -0.00526603  0 -0  0 0 0 0 -0.0182163  0.0154461 -0.0534837    0.151019 -0.0182034  0.0678519 0 0 0 0 0 0 2.53667
 41.2422 -1.01791 -11.6301 -0.00421576  -0.0490553 -0.00412145  0 -0  0 0 0 0 -0.0596598 0.00602786  -0.014985    0.22469  0.022378 0.0476012 0 0 0 0 0 0 2.5392
  41.736 -0.95973 -11.4947 -0.00814407  -0.0461373 2.23717e-05  0 -0  0 0 0 0 -0.122364 0.0426513 0.0797198   0.388036 0.0817848 0.0626829 0 0 0 0 0 0 2.54561
   43.198 -0.835686  -11.3682  -0.00677176   -0.0472956 -9.59393e-05  0 -0  0 0 0 0  -0.0293598 0.000922893   0.0309292   0.488319 0.0723724 0.0216514 0 0 0 0 0 0 2.54741
  44.2962 -0.786089  -11.2549 -0.00830877  -0.0473074 -0.00870905  0 -0  0 0 0 0  -0.063834 -0.0152836  -0.161215   0.684518 0.0596178 0.0578269 0 0 0 0 0 0 2.55616
  44.7791 -0.768689  -11.2339 -0.00976803  -0.0472013  -0.0115447  0 -0  0 0 0 0 -0.0838965 -0.0141174  -0.201141   0.742178 0.0461989 0.0385447 0 0 0 0 0 0 2.55935
  45.3948 -0.709358  -11.1893 -0.00903382   -0.046108  -0.0113531  0 -0  0 0 0 0 -0.0492734  -0.001955  -0.146263   0.817416 0.0780502 0.0212101 0 0 0 0 0 0 2.56068
  45.9993 -0.627218  -11.0971  -0.0103656  -0.0504087 -0.00915442  0 -0  0 0 0 0 -0.0599301 -0.0839502 -0.0334486   0.770438  0.110574 0.0132614 0 0 0 0 0 0 2.56569
  47.1029 -0.558897  -10.8165 -0.000184369   -0.0586465   -0.0135641  0 -0  0 0 0 0   0.111472  -0.138871 -0.0947969    0.52736  0.104993 0.0402743 0 0 0 0 0 0 2.57951
   46.957 -0.610143  -10.6614 -0.00101358   -0.056593 -0.00907558  0 -0  0 0 0 0   0.0739617  -0.0706292 -0.00871186    0.28334 0.0856127 0.0905713 0 0 0 0 0 0 2.58452
  46.9031 -0.812125  -10.6167 -0.00180784  -0.0519223  -0.0109267  0 -0  0 0 0 0 0.0328423 0.0144765  -0.06271   0.167388 -0.029165   0.15973 0 0 0 0 0 0 2.5896
  47.0682 -0.910096  -10.5598 -0.00303017  -0.0524098  -0.0108563  0 -0  0 0 0 0 0.000751383  0.00178971   -0.045289    0.195584 -0.0411266   0.158119 0 0 0 0 0 0 2.59092
 47.0967 -1.09835 -10.4427 -0.00479371  -0.0541291 -0.00957959  0 -0  0 0 0 0 -0.0308164 -0.0266239 0.00817161    0.134235 -0.0468375   0.194979 0 0 0 0 0 0 2.5937
 47.4057 -1.13652 -10.2872 -0.00256586  -0.0577523 -0.00714553  0 -0  0 0 0 0   0.021464 -0.0555115  0.0425175   0.132979 0.0165798 0.0929094 0 0 0 0 0 0 2.5986
 47.7188  -1.1216 -10.3596 -0.00224562  -0.0576087  -0.0115515  0 -0  0 0 0 0  0.0180837 -0.0437968 -0.0690375     0.171782 -0.00151757   0.0246144 0 0 0 0 0 0 2.60302
 47.8189 -1.13937 -10.3623 -0.0041518 -0.0511486  -0.013966  0 -0  0 0 0 0 -0.0251829  0.0502572  -0.110817    0.158223 -0.0214184  0.0179505 0 0 0 0 0 0 2.61017
  48.023 -1.16092 -10.3225 -0.00390704  -0.0491403  -0.0134884  0 -0  0 0 0 0 -0.0120498  0.0673823 -0.0728178     0.199675 -0.00153724   0.0365701 0 0 0 0 0 0 2.61225
 47.9621 -1.22942 -10.3189 -0.00305959  -0.0504545  -0.0123145  0 -0  0 0 0 0   0.0044914   0.0349157 -0.00651988   0.0997363 -0.0164944  0.0468408 0 0 0 0 0 0 2.61421
 47.9537 -1.15107 -10.2748 -0.0019973  -0.050946 -0.0079128  0 -0  0 0 0 0 0.0210514 0.0155608  0.069977   0.0427483  0.0263387 0.00296834 0 0 0 0 0 0 2.61876
 48.0442 -1.09876 -10.3713 -0.00264365  -0.0456557   -0.010182  0 -0  0 0 0 0 0.00241961  0.0718449  -0.010119    0.0306943 -0.00017005  -0.0327829 0 0 0 0 0 0 2.62455
 47.9315 -1.07714 -10.3737 -0.00607218  -0.0472032  -0.0124332  0 -0  0 0 0 0 -0.0586024  0.0380333 -0.0571011   -0.0192086 -0.00358761  -0.0291899 0 0 0 0 0 0 2.62894
 47.9103 -1.06736 -10.4041  -0.004621 -0.0477062 -0.0129924  0 -0  0 0 0 0 -0.0266957  0.0285152 -0.0611722   -0.0252261 -0.00409161  -0.0356281 0 0 0 0 0 0 2.63057
  47.146 -1.01931 -10.5504 -0.00284762  -0.0490337   -0.016597  0 -0  0 0 0 0  0.0020635  0.0215903 -0.0707538   -0.336118 -0.0189353  -0.089561 0 0 0 0 0 0 2.6348
 45.7654 -1.02559 -10.6286 -0.000942705   -0.0489959   -0.0170423  0 -0  0 0 0 0  0.0332978  0.0144275 -0.0525497  -0.593395  -0.02871 -0.050004 0 0 0 0 0 0 2.63676
 44.2048 -1.18256 -10.4237 -0.000251877       -0.049   -0.0119043  0 -0  0 0 0 0 0.0283273 0.0169786 0.0353097   -0.771839 -0.0178691  0.0712167 0 0 0 0 0 0 2.64194
  43.493 -1.27955 -10.3073 -0.000963042    -0.048722   -0.0127947  0 -0  0 0 0 0   0.0102243   0.0162726 -0.00059736   -0.752007 -0.0069202   0.115315 0 0 0 0 0 0 2.64312
 43.0736 -1.37102 -10.1659 -0.00128438    -0.04806  -0.0120986  0 -0  0 0 0 0 0.00997435  0.0276535  0.0207135  -0.802911 0.0239391  0.182329 0 0 0 0 0 0 2.64413
 41.8676 -1.52503 -10.0878 0.000814696   -0.050254  -0.0167064  0 -0  0 0 0 0  0.0412072   0.016943 -0.0580035      -1.07488 -0.000259513     0.194776 0 0 0 0 0 0 2.64965
 39.3407 -1.62097 -9.59751 -0.00195453  -0.0275353  -0.0117148  0 -0  0 0 0 0 -0.0133884   0.347401  0.0592275    -1.3639 0.0926188   0.23073 0 0 0 0 0 0 2.67307
 37.4662  -1.7601 -9.18826 -0.00332505  -0.0410629 -0.00481401  0 -0  0 0 0 0  -0.0379501 -0.00483034    0.163916   -1.03899 0.0982481  0.221453 0 0 0 0 0 0 2.68832
 37.3502 -1.72985 -9.08864 -0.00467404  -0.0443112 -0.00900057  0 -0  0 0 0 0 -0.0635315 -0.0891051  0.0278511  -0.715637 0.0667669  0.179382 0 0 0 0 0 0 2.69379
 37.0327 -1.68153  -9.0152 -0.00564884  -0.0452937 -0.00874126  0 -0  0 0 0 0 -0.0710827 -0.0950995  0.0253112  -0.665964 0.0937909  0.135586 0 0 0 0 0 0 2.6952
  36.271 -1.64183  -8.9176 -0.00361623  -0.0504907  -0.0119521  0 -0  0 0 0 0 -0.0196026  -0.157797 -0.0424951  -0.857227  0.126291  0.126689 0 0 0 0 0 0 2.70163
 32.0859 -1.83413 -8.77568 0.000375764  -0.0377481  -0.0324268  0 -0  0 0 0 0 0.0695984  0.162696 -0.515657   -2.24317 0.0166391  0.183585 0 0 0 0 0 0 2.72608
  26.215 -1.92392  -8.4778 -0.00178734  -0.0416474  -0.0122283  0 -0  0 0 0 0 -0.00352329    0.033018    0.108282   -1.9972 0.035416 0.118196 0 0 0 0 0 0 2.74676
 24.9595 -2.11231 -8.41359  0.00242942  -0.0419066 -0.00387718  0 -0  0 0 0 0  0.0740411 0.00619912    0.30738    -1.90667 -0.0812357    0.16175 0 0 0 0 0 0 2.75612
 23.8972  -2.1547 -8.33325   0.0045252   -0.041749 -0.00119017  0 -0  0 0 0 0  0.107934 0.0187976  0.332699   -2.09191 -0.041685   0.17351 0 0 0 0 0 0 2.75953
 22.0921 -2.33073  -7.9923 0.00572623 -0.0383207 -0.0025175  0 -0  0 0 0 0 0.120019 0.124276 0.189015    -2.46871 -0.0419013   0.338742 0 0 0 0 0 0 2.7634
 18.7662 -2.49449 -7.92176 0.00735178 0.00621174  0.0039685  0 -0  0 0 0 0 0.128273   1.1156  0.26237   -3.19054 -0.100328  0.228831 0 0 0 0 0 0 2.80843
 14.2235 -2.31026 -7.23322 -0.00338559   0.0669192   0.0160932  0 -0  0 0 0 0 -0.113166    1.0893  0.267211   -1.99337 0.0671489  0.227555 0 0 0 0 0 0 2.87126
 13.9642 -2.00689  -7.1263 -0.00450092   0.0911318  0.00574092  0 -0  0 0 0 0 -0.111369   1.28066 -0.221785  -0.767531  0.308932 0.0878031 0 0 0 0 0 0 2.89762
 13.8498 -1.81681 -7.14329 -0.0028479   0.104989 0.00203079  0 -0  0 0 0 0 -0.0523363    1.25235  -0.283117  -0.445382  0.279895 0.0250684 0 0 0 0 0 0 2.91206
 13.5371 -1.69714 -7.80993 -0.00485071   0.0532919 -0.00471225  0 -0  0 0 0 0   -0.11344 -0.0307121  -0.339654  -0.489498  0.159825 -0.300392 0 0 0 0 0 0 2.96423
 12.4313 -1.46256 -8.40713 -0.000657713    0.0410338  -0.00785351  0 -0  0 0 0 0 -0.00244365   -0.274928   -0.277681  -0.865439  0.148699 -0.497203 0 0 0 0 0 0 2.97756
  5.9231 -1.93206 -8.62625 0.00330528 -0.0122844  0.0168412  0 -0  0 0 0 0 0.0413771 -0.760832  0.206477    -1.89923 -0.0718714  -0.176484 0 0 0 0 0 0 3.03646
 3.02097 -2.17639 -8.67642 0.00191181 -0.0315745 0.00711606  0 -0  0 0 0 0 0.00984493  -0.860764 -0.0540813    -2.69399  -0.265609 -0.0715859 0 0 0 0 0 0 3.0581
0.962292 -2.36808 -8.51429 0.00429796 -0.0401229  0.0036157  0 -0  0 0 0 0 0.0639279 -0.848754 -0.140543     -2.957 -0.281876 0.0543223 0 0 0 0 0 0 3.06765
-1.45375 -2.46061 -7.53385 0.00629298 -0.0426558 0.00344927  0 -0  0 0 0 0  0.0888023  -0.711351 -0.0857383   -3.17975 -0.214855  0.465817 0 0 0 0 0 0 3.07087
-4.93571 -2.61997  -6.6075  0.0155775 -0.0186189 0.00353926  0 -0  0 0 0 0   0.230353 -0.0244784 -0.0484327   -3.47181 -0.196577  0.675195 0 0 0 0 0 0 3.09664
-11.5174 -1.97377 -5.32662 0.00919253 -0.0211812 -0.0216237  0 -0  0 0 0 0 0.00243523 -0.0851957  -0.362349   -2.82986 0.0428668  0.566567 0 0 0 0 0 0 3.12273
-12.4469 -1.47728 -4.93229  0.00653601  -0.0159043 -0.00966583  0 -0  0 0 0 0 -0.0500176 -0.0373264  -0.182847  -1.80613 0.335182 0.577592 0 0 0 0 0 0 3.13607
-13.0388 -1.23024 -4.68019  0.00762891  -0.0163553 -0.00875938  0 -0  0 0 0 0 -0.0228668 -0.0579275  -0.142066  -1.40006 0.317469  0.52658 0 0 0 0 0 0 3.13756
-13.9408 -1.00182 -4.86684 0.000941156  -0.0200345 -0.00589464  0 -0  0 0 0 0 -0.136833 -0.112273 -0.018603  -1.31307  0.31158 0.302571 0 0 0 0 0 0 3.14571
 -15.7612 -0.644791  -4.61833  0.00274332 -0.00157532  -0.0103627  0 -0  0 0 0 0 -0.0640014   0.275847  -0.104059   -1.5634 0.302484 0.302575 0 0 0 0 0 0 3.16479
-18.8125 -0.28263  -4.1537  0.00204452  0.00515832 -0.00594006  0 -0  0 0 0 0 -0.0535836   0.190618 0.00796398  -1.37977 0.162489 0.253129 0 0 0 0 0 0 3.17287
  -19.829 -0.138131  -3.95073  0.00166069  0.00492654 -0.00404597  0 -0  0 0 0 0  -0.0472642   0.0999101 0.000845187  -1.13079 0.094185  0.23889 0 0 0 0 0 0 3.17482
  -20.3372 -0.0941499   -3.80434 0.00294254 0.00321675  -0.002671  0 -0  0 0 0 0 -0.0131413  0.0282162  0.0185491  -0.992198 0.0568977  0.235881 0 0 0 0 0 0 3.17736
 -20.6914 -0.196522  -3.76919   0.00306361   0.00391987 -0.000773139  0 -0  0 0 0 0 -0.00510369   0.0125797   0.0402614   -0.790255 -0.0210535   0.153916 0 0 0 0 0 0 3.17939
 -21.1523 -0.276156  -3.58332 0.00389016 0.00329062 0.00176584  0 -0  0 0 0 0  0.00774661 -0.00912193   0.0628337   -0.639162 -0.0787024   0.147289 0 0 0 0 0 0 3.18213
  -21.7377 -0.0920779   -3.40569  0.00121657   0.0024709 -0.00174715  0 -0  0 0 0 0 -0.0324343 -0.0213397 -0.0300605    -0.362961 -0.00575244    0.109414 0 0 0 0 0 0 3.18662
 -21.9918 0.0981597  -3.31514 -0.000279606   0.00500013  -0.00247857  0 -0  0 0 0 0 -0.0453296  0.0345921 -0.0385634  -0.318804 0.0902418  0.141622 0 0 0 0 0 0 3.18965
-22.2831 0.145805 -3.37533 -0.000213121   0.00649354  -0.00311214  0 -0  0 0 0 0 -0.0307367  0.0579453 -0.0414497  -0.336806 0.0794372 0.0691819 0 0 0 0 0 0 3.19127
-22.6033 0.110072  -3.4675 0.000319026  0.00214713  -0.0013683  0 -0  0 0 0 0 -0.00954485  -0.0367916   0.0181482   -0.360376  0.0416047 0.00925383 0 0 0 0 0 0 3.19599
-23.0209  0.10876 -3.56129 -0.00110922  0.00785325 -0.00222202  0 -0  0 0 0 0  -0.0325365   0.0785413 -0.00932235   -0.383933  0.0338279 -0.0343103 0 0 0 0 0 0 3.20193
-23.6186 0.168583 -3.64005  -0.00222385   0.00746297 -0.000597616  0 -0  0 0 0 0 -0.0304073   0.022456  0.0188112   -0.303902  0.0366177 -0.0233717 0 0 0 0 0 0 3.20394
-24.0815 0.203778 -3.70731 -0.00245905   0.0103719 -0.00242568  0 -0  0 0 0 0 -0.0233245  0.0791271 -0.0113642   -0.390614   0.047028 -0.0376012 0 0 0 0 0 0 3.20738
-24.9198 0.206981  -3.6803 -0.00249977   0.0128148 -0.00130804  0 -0  0 0 0 0 -0.0180039   0.125379  0.0453731   -0.634248  0.0184419 -0.0178083 0 0 0 0 0 0 3.21007
-26.1975  0.17719 -3.70347 0.000394608  0.00341756  0.00350296  0 -0  0 0 0 0 0.0421559 -0.046926    0.1834   -0.955632 -0.0131274 -0.0312998 0 0 0 0 0 0 3.22102
-28.0759 0.107781 -3.65484 -0.000491366   0.00453412   0.00416556  0 -0  0 0 0 0    0.0134325 -0.000141713     0.144048    -1.24663 -0.0432935 -0.0203443 0 0 0 0 0 0 3.22259
-29.3653 0.223571 -3.62617 -0.00596726  0.00285863  -0.0162256  0 -0  0 0 0 0  -0.0573699 -0.00197696   -0.265281   -0.758005 -0.0125331 0.00653313 0 0 0 0 0 0 3.24377
-29.1639  0.43726  -3.5577 -0.00666942 -0.00644488 -0.00792151  0 -0  0 0 0 0 -0.0479031  -0.209775  -0.070005  -0.322885  0.109657  0.110633 0 0 0 0 0 0 3.25626
-28.8148 0.532689 -3.41758 -0.00537191  -0.0108645 -0.00761963  0 -0  0 0 0 0 -0.0163113  -0.259962  -0.065372  -0.0422737  0.0842064   0.151368 0 0 0 0 0 0 3.26087
-27.8417 0.493944  -3.5142 -0.00127204 -0.00661266  -0.0107824  0 -0  0 0 0 0 0.0491591 -0.157097 -0.147018   0.340304 0.0766038 0.0692465 0 0 0 0 0 0 3.26757
-27.4844 0.660646 -3.52293 -0.000993625   -0.0108358   -0.0150514  0 -0  0 0 0 0 0.0401353 -0.175158 -0.174576   0.335475  0.102873 0.0693621 0 0 0 0 0 0 3.27359
 -27.081 0.781113  -3.5962  0.00202134 -0.00908023 0.000689935  0 -0  0 0 0 0  0.0497376 -0.0901933   0.152655   0.196989  0.106828 0.0162667 0 0 0 0 0 0 3.28971
-27.1919  0.95223 -3.58106  0.00147557 -0.00514269 -0.00248089  0 -0  0 0 0 0 0.0294744 0.0213493 0.0603134  0.0685624  0.126027 0.0505528 0 0 0 0 0 0 3.29479
-27.0376  1.12699 -3.51528  0.00153922 -0.00255582 -0.00467953  0 -0  0 0 0 0  0.0224393  0.0604564 -0.0178312  0.116281 0.133729  0.09023 0 0 0 0 0 0 3.29819
-26.1647  1.10073 -3.36911 -0.000386014   0.00386465  -0.00704598  0 -0  0 0 0 0 -0.0206851   0.127327 -0.0888172   0.415568 0.0568861  0.111902 0 0 0 0 0 0 3.3053
 -24.524  1.07631 -3.19068  0.00485825 -0.00230146 -0.00145144  0 -0  0 0 0 0  0.0620012 -0.0502965  0.0173016     0.929674 -0.00201727    0.141302 0 0 0 0 0 0 3.31514
-22.2843  1.17824 -3.04092   0.004738 0.00372129 0.00255397  0 -0  0 0 0 0  0.024414 0.0600697 0.0566344    1.03625 0.0102859 0.0921221 0 0 0 0 0 0 3.32237
-21.4245   1.3294  -3.0554  0.00339423  0.00705388 -0.00353898  0 -0  0 0 0 0 -0.00743601    0.121372  -0.0520446   0.915019 0.0756483 0.0628467 0 0 0 0 0 0 3.32945
-20.8666  1.38548 -2.91057  0.00273287  0.00904043 -0.00657037  0 -0  0 0 0 0 -0.0174528   0.134885  -0.100365   0.856437 0.0397719  0.110421 0 0 0 0 0 0 3.33313
-19.9448  1.27005 -2.90362  0.00120136   0.0101332 -0.00754354  0 -0  0 0 0 0 -0.0396218    0.11005  -0.105269    0.966198 -0.0331831   0.062949 0 0 0 0 0 0 3.33525
-18.1003  1.19535 -2.88228 -0.00368012  0.00243429 -0.00535952  0 -0  0 0 0 0  -0.109554 -0.0877932 -0.0513112     1.38201 -0.0579484  0.0592655 0 0 0 0 0 0 3.34462
 -15.485 0.829315 -2.89579 -0.00311352 -0.00138624 -0.00020528  0 -0  0 0 0 0 -0.0543187 -0.0973107  0.0567822      1.2552  -0.119493 -0.0284271 0 0 0 0 0 0 3.35106
-14.1223 0.829252 -2.89944  -0.00489312 -0.000978095  -0.00277522  0 -0  0 0 0 0  -0.0601148  -0.0351247 -0.00641824      1.21038  -0.0477989 -0.00921256 0 0 0 0 0 0 3.35421
-12.9046 0.836481 -2.85942 -0.00749788  0.00268511 -0.00498775  0 -0  0 0 0 0 -0.0969273   0.042106   -0.08408     1.39421 -0.0213886  0.0146481 0 0 0 0 0 0 3.35922
-11.2203  0.76342 -2.75989  -0.00781923 -0.000651753  -0.00898057  0 -0  0 0 0 0 -0.0866083 -0.0557428  -0.191086     1.73924 -0.0480156  0.0547134 0 0 0 0 0 0 3.36444
-7.86487 0.327869 -2.80813 -0.00454967  -0.0158191 -0.00734683  0 -0  0 0 0 0 -0.0226763  -0.375489  -0.187811    2.63378 -0.206384 0.0238157 0 0 0 0 0 0 3.38004
 -1.83433 0.0535092    -3.009 -0.0043776 -0.0204567 -0.0129032  0 -0  0 0 0 0 -0.00996036   -0.228316   -0.161677     2.63608  -0.143617 -0.0708348 0 0 0 0 0 0 3.38728
   0.34462 -0.0436727   -3.11234 -0.00292425  -0.0254495  0.00334477  0 -0  0 0 0 0 0.0172391 -0.224907  0.197622     2.09223 -0.0656682 -0.0912023 0 0 0 0 0 0 3.40434
   1.4401 0.0602705  -3.26762 -0.00201522  -0.0310275 -0.00352764  0 -0  0 0 0 0 0.0404887 -0.268663 0.0115652      1.84681 -0.00130913   -0.130874 0 0 0 0 0 0 3.41324
   2.45888 -0.0862657   -3.36895  -0.00154618   -0.0317873 -0.000634256  0 -0  0 0 0 0  0.045007 -0.229636 0.0843095     1.75492 -0.0899708  -0.135274 0 0 0 0 0 0 3.41626
  3.69906 -0.213331  -3.48939   -0.0023388   -0.0252896 -0.000116669  0 -0  0 0 0 0 0.0237608 -0.065069 0.0650024    1.75092 -0.130679 -0.140732 0 0 0 0 0 0 3.42283
  6.33952 -0.383739  -3.99727 -0.0104204 -0.0412674 0.00421718  0 -0  0 0 0 0 -0.131822 -0.346891  0.120187    2.13405 -0.179877  -0.29775 0 0 0 0 0 0 3.44125
  11.3902 -0.966194  -4.62963 -0.00615353  -0.0472783  0.00554805  0 -0  0 0 0 0 0.00641387  -0.199669  0.0657018    1.97004 -0.221563 -0.224294 0 0 0 0 0 0 3.44874
 12.7404 -1.00551 -4.81569 -0.00566764  -0.0529801  0.00167643  0 -0  0 0 0 0  0.0191653  -0.262338 -0.0482899    1.98023 -0.181647 -0.224454 0 0 0 0 0 0 3.45565
 13.9476 -1.05962 -5.01105 -0.00427453  -0.0587612  0.00205753  0 -0  0 0 0 0  0.0424083  -0.325121 -0.0080593    1.92203 -0.162389 -0.241457 0 0 0 0 0 0 3.46161
 15.1871 -1.14806  -5.1641 -0.00111258  -0.0412516  0.00538962  0 -0  0 0 0 0 0.0922876  0.108527 0.0693651     1.9573 -0.167916  -0.22913 0 0 0 0 0 0 3.47971
 17.8648 -1.31685 -5.67005 -0.0040354 -0.0381893  0.0201943  0 -0  0 0 0 0 -0.00392044     0.12046    0.392925    2.37207 -0.243152 -0.358568 0 0 0 0 0 0 3.49511
 22.6062 -1.32754 -6.46971 -0.00897695  -0.0174726  0.00602243  0 -0  0 0 0 0 -0.0416837   0.323651  -0.042578    1.79567 -0.156784 -0.273168 0 0 0 0 0 0 3.52069
 23.2208 -1.42895 -6.66591 -0.00602484  -0.0190064  0.00331983  0 -0  0 0 0 0 0.0235044  0.260621 -0.113302    1.36662 -0.205811 -0.245364 0 0 0 0 0 0 3.52498
 23.7958 -1.46524 -6.82185  -0.00453646   -0.0206344 -0.000710743  0 -0  0 0 0 0 0.0508122  0.157932 -0.184801    1.10867 -0.164177 -0.214344 0 0 0 0 0 0 3.52957
 24.6454 -1.48807 -6.83561 -0.00442664  -0.0194078 0.000370429  0 -0  0 0 0 0  0.0496392   0.140399 -0.0952773    1.23752  -0.12548 -0.149002 0 0 0 0 0 0 3.53121
 26.6815 -1.42128 -7.17286 -0.00689008  -0.0225187   0.0114893  0 -0  0 0 0 0 -0.0287463  0.0175689   0.249149    1.68992 -0.103393 -0.242402 0 0 0 0 0 0 3.54302
 30.4775 -1.47275 -8.07877 -0.00530237  -0.0207879  0.00335383  0 -0  0 0 0 0  0.0180649  0.0298403 -0.0309302   1.40915 -0.16456 -0.25888 0 0 0 0 0 0 3.55149
 30.9592 -1.49803 -8.40032 -0.00220719  -0.0221204  0.00279307  0 -0  0 0 0 0  0.0736073  0.0340322 -0.0492733   0.969695 -0.193236 -0.308364 0 0 0 0 0 0 3.5549
 31.1944 -1.57001 -8.51176  0.00235908  -0.0231518 0.000659215  0 -0  0 0 0 0   0.157114  0.0167515 -0.0891871   0.734947 -0.181226 -0.222315 0 0 0 0 0 0 3.56005
 31.3764 -1.66837 -8.61182  0.00135633  -0.0251637 -0.00490702  0 -0  0 0 0 0   0.104473 -0.0218691  -0.217268   0.590321 -0.202832 -0.169569 0 0 0 0 0 0 3.56605
 32.1692 -1.77803 -8.85998  0.00138722  -0.0207617 -0.00349545  0 -0  0 0 0 0  0.0718722  0.0738064 -0.0973369   0.714138 -0.226319  -0.17337 0 0 0 0 0 0 3.57067
 33.6987 -1.84454 -9.53213  0.00231937  -0.0214568 -0.00471428  0 -0  0 0 0 0  0.0434116  0.0219961 -0.0558907  0.580062  -0.1694 -0.18088 0 0 0 0 0 0 3.57236
 33.8424 -1.87623  -9.7116  0.00235773  -0.0271925 -0.00272428  0 -0  0 0 0 0  0.0414632 -0.0764683 0.00204326   0.427058 -0.152457 -0.171846 0 0 0 0 0 0 3.57843
 34.1054 -1.91576 -9.82087  0.00335052  -0.0308032 -0.00328783  0 -0  0 0 0 0  0.0543555  -0.142401 -0.0168758   0.440046 -0.149759 -0.142996 0 0 0 0 0 0 3.58222
 34.4959 -1.89231  -9.9523 -0.000143922   -0.0325238  -0.00150458  0 -0  0 0 0 0 -0.0322025  -0.162616  0.0362527   0.529355 -0.139095 -0.172387 0 0 0 0 0 0 3.5865
 35.6711 -1.82658 -10.1705 -0.000693095   -0.0266741   0.00791866  0 -0  0 0 0 0 -0.0347037 -0.0126107   0.261169   0.891429 -0.117328 -0.214585 0 0 0 0 0 0 3.59761
 38.3236 -1.61453 -11.1262 -0.00325416  -0.0272469 4.30176e-05  0 -0  0 0 0 0 -0.0394432 -0.0206827 -0.0163939    0.87528   -0.1381 -0.272657 0 0 0 0 0 0 3.60591
 38.8965 -1.52892 -11.3861  -0.0053074  -0.0308354 -0.00089263  0 -0  0 0 0 0 -0.0661958 -0.0680676  -0.053382   0.805837 -0.126024 -0.297838 0 0 0 0 0 0 3.61015
 39.1488  -1.5091 -11.5168 -0.00839441  -0.0316887 -0.00349503  0 -0  0 0 0 0 -0.116042 -0.059371 -0.111798   0.658258 -0.125891 -0.258003 0 0 0 0 0 0 3.61427
 39.4678  -1.3894 -11.7227 -0.00522006  -0.0337543 -0.00726076  0 -0  0 0 0 0 -0.0226663 -0.0832064  -0.175502    0.596321 -0.0880988  -0.291886 0 0 0 0 0 0 3.61961
 40.3255 -1.19996 -12.0417 -0.00183925  -0.0314566 -0.00484668  0 -0  0 0 0 0  0.0496122 -0.0257722 -0.0653937    0.785414 -0.0803444  -0.365902 0 0 0 0 0 0 3.62436
  41.9125 -0.770884  -12.4661   0.0043001  -0.0385809 -0.00823867  0 -0  0 0 0 0  0.0888463 -0.0911756 -0.0739508    0.572688 -0.0126276  -0.234855 0 0 0 0 0 0 3.63436
  41.8734 -0.779439  -12.2624  0.00074033  -0.0380847 -0.00674912  0 -0  0 0 0 0  0.0332839 -0.0600106 -0.0467604    0.402718  0.0618694 -0.0648087 0 0 0 0 0 0 3.63825
  41.9029 -0.805935  -12.1574 -0.00147228  -0.0386962 -0.00701544  0 -0  0 0 0 0  -0.020588 -0.0520985 -0.0367042   0.269948  0.069355 0.0357851 0 0 0 0 0 0 3.64056
 41.9559 -0.75502 -12.0897 -0.000755953   -0.0417113   -0.0100114  0 -0  0 0 0 0 0.000213215   -0.101297   -0.111638   0.207564  0.103853 0.0391017 0 0 0 0 0 0 3.64487
  41.5289 -0.770042    -12.07 -5.73678e-05   -0.0384461   -0.0149986  0 -0  0 0 0 0  0.015814 0.0206283 -0.179153  -0.0919132  0.0573393  0.0297248 0 0 0 0 0 0 3.65087
   40.548 -0.422747  -11.9966 -0.00102548  -0.0425745    -0.01343  0 -0  0 0 0 0 0.000779696  -0.0338522  -0.0463114   -0.258418  0.0967192 -0.0405571 0 0 0 0 0 0 3.65539
  40.2236 -0.350193  -11.9017 -0.00356798  -0.0412087  -0.0123019  0 -0  0 0 0 0  -0.0441961 -0.00521472  -0.0056565   -0.298351    0.11563 -0.0178217 0 0 0 0 0 0 3.65849
  40.0253 -0.371798  -11.8929 -0.00477577  -0.0422174  -0.0119753  0 -0  0 0 0 0 -0.0607474 -0.0224617 0.00339661     -0.277912    0.0439501 -0.000812605 0 0 0 0 0 0 3.6601
  39.9227 -0.357811  -11.8912 -0.00392626  -0.0424872  -0.0112208  0 -0  0 0 0 0 -0.0340418 -0.0266084  0.0246548   -0.274506  0.0436148 -0.0039365 0 0 0 0 0 0 3.66127
  38.6685 -0.439949  -11.9906 -0.00368303    -0.03411  -0.0145252  0 -0  0 0 0 0 -0.0263602   0.210823 -0.0318796   -0.794945   -0.04282 -0.0206599 0 0 0 0 0 0 3.67028
  35.2966 -0.584548  -11.6931 -0.000250379    -0.032879   -0.0142337  0 -0  0 0 0 0  0.0365171   0.100385 -0.0192675   -1.07189 0.0033884 0.0779447 0 0 0 0 0 0 3.67393
  33.7848 -0.751627  -11.5461 -5.33044e-05   -0.0324221  -0.00844741  0 -0  0 0 0 0 0.0362435  0.103601   0.10122    -1.28613 -0.0169049    0.17017 0 0 0 0 0 0 3.67974
   33.054 -0.913979  -11.3738  0.00207118  -0.0355655 -0.00798465  0 -0  0 0 0 0 0.0771546 0.0201093 0.0782597  -1.28663 -0.02607  0.27435 0 0 0 0 0 0 3.68356
 32.3434 -1.03897 -11.1381 -3.04876e-05   -0.0346949  -0.00705811  0 -0  0 0 0 0 0.0181766 0.0341334 0.0824276     -1.28589 -0.00397591     0.34398 0 0 0 0 0 0 3.68602
 30.4162  -1.4244 -10.8533 -0.00158992  -0.0298834  -0.0145453  0 -0  0 0 0 0 -0.0198521   0.182841  -0.112419   -1.77056 -0.103253  0.430301 0 0 0 0 0 0 3.69506
 26.8437 -1.29081 -9.28609 -0.00594246  -0.0288993   0.0107608  0 -0  0 0 0 0 -0.0617939  0.0688847   0.320531   -1.3499 0.205797 0.448899 0 0 0 0 0 0 3.72075
 27.0286 -1.20933 -8.74431 -0.00326634  -0.0332789 -0.00119259  0 -0  0 0 0 0 -0.0155452   -0.12481  0.0214943  -0.588862  0.289891  0.480788 0 0 0 0 0 0 3.73376
 26.9271 -1.27787 -8.38069 -0.00159002  -0.0361846 -0.00469938  0 -0  0 0 0 0 0.0302065 -0.159016 -0.112964  -0.38435 0.230251 0.524266 0 0 0 0 0 0 3.73861
  26.586 -1.38811 -7.99772 0.000676396  -0.0342425 -0.00473478  0 -0  0 0 0 0  0.0739894 -0.0718785 -0.0752228  -0.452444  0.190877  0.562451 0 0 0 0 0 0 3.7416
 25.5983 -1.79045 -6.94546  -0.0109521  -0.0163083 -0.00498927  0 -0  0 0 0 0  -0.154635    0.36393 -0.0601338  -0.807333  0.167797  0.920292 0 0 0 0 0 0 3.76297
 21.8389  -2.1418 -3.28162 -0.00330314  0.00262846  -0.0373905  0 -0  0 0 0 0 0.0516952  0.385133 -0.452122   -1.1412 0.337433  1.15146 0 0 0 0 0 0 3.80127
 19.1791 -2.34659 -2.09907 1.28998e-05   -0.016633  -0.0105029  0 -0  0 0 0 0  0.0919735 -0.0185798   0.213004  -1.85663 0.361116  1.15239 0 0 0 0 0 0 3.83452
 17.8788 -2.48443 -1.45543  0.00259987  -0.0225878 -0.00510664  0 -0  0 0 0 0  0.123329 -0.153664  0.320496  -1.96589 0.270296  1.13569 0 0 0 0 0 0 3.84296
  16.8433  -2.59765 -0.693739  0.0018615 -0.0216533 0.00148269  0 -0  0 0 0 0 0.0907275 -0.101913  0.406134   -1.8787 0.240058  1.18271 0 0 0 0 0 0 3.84965
 15.0634 -3.08049  1.59471   0.0124351 -0.00451951   0.0083338  0 -0  0 0 0 0 0.314084   0.2927 0.443249  -2.08434 0.254084  1.91516 0 0 0 0 0 0 3.87092
 10.8987 -3.16084  4.20162  0.0221619 -0.0180328  0.0547747  0 -0  0 0 0 0    0.23072 -0.0895808   0.740037   -1.5034 0.193448  1.05668 0 0 0 0 0 0 3.92026
11.5473 -2.5159 4.86126  0.0134288 0.00382416  0.0175578  0 -0  0 0 0 0 0.0937823  0.295889 -0.247551  0.0135249  0.393389  0.852306 0 0 0 0 0 0 3.96429
 12.1885 -2.28231  5.35347  0.0145058 0.00625492  0.0020212  0 -0  0 0 0 0 0.0958971  0.298935 -0.705664  0.519631 0.439111 0.793966 0 0 0 0 0 0 3.98005
12.5347 -2.1209 5.64727   0.0134459  0.00905859 -0.00280994  0 -0  0 0 0 0 0.0461376  0.287645 -0.617008  0.543621 0.411378 0.674884 0 0 0 0 0 0 3.98574
12.9719  -1.871 7.00085    0.01746 0.00779343 -0.0126023  0 -0  0 0 0 0  0.132094  0.199454 -0.691413  0.604556 0.546464  1.01786 0 0 0 0 0 0 3.9964
  11.9677 -0.551956   8.62223 -0.000101025    0.0189022    -0.052441  0 -0  0 0 0 0 -0.187886  0.242977 -0.761851  -0.0831643   0.558814   0.573106 0 0 0 0 0 0 4.04133
  9.58104 -0.897419   9.33487    0.017275 1.02118e-05 -0.00914135  0 -0  0 0 0 0 0.0804985 -0.171337  0.268572  -1.57759 0.386234 0.570193 0 0 0 0 0 0 4.09167
  8.22385 -0.952808   9.67989   0.0205999 -0.00291432 -0.00162287  0 -0  0 0 0 0  0.129658 -0.203414  0.395365  -1.82796 0.241448 0.568415 0 0 0 0 0 0 4.10039
  7.23147 -0.964092   10.0867   0.0233178 -0.00376931  0.00511456  0 -0  0 0 0 0   0.15933 -0.171336  0.457857  -1.73187 0.178673 0.590692 0 0 0 0 0 0 4.10771
 5.64587 -1.02292  11.3686 0.0239152 0.0107202 0.0102959  0 -0  0 0 0 0 0.158267 0.135904 0.447148  -1.97789  0.16221 0.958996 0 0 0 0 0 0 4.12311
 3.52147 -1.23887  13.4433  0.0376419 -0.0242732  0.0302497  0 -0  0 0 0 0  0.225564 -0.433454  0.415439   -1.05152 0.0210408  0.795587 0 0 0 0 0 0 4.16566
 6.04799 -1.28657  14.2959   0.0245149 -0.00169568  0.00885587  0 -0  0 0 0 0 -0.0241515   0.116482  -0.232472    1.74624 -0.268652  0.837249 0 0 0 0 0 0 4.19942
  7.4271 -1.47965  14.7391  0.0243976 -0.0006985 0.00509692  0 -0  0 0 0 0 -0.0222544   0.114909  -0.267627    1.92339 -0.247631  0.789175 0 0 0 0 0 0 4.20331
 8.12498 -1.54617  15.0891   0.0222184 0.000264386  0.00178327  0 -0  0 0 0 0 -0.0588409  0.0904016   -0.24951    1.63092 -0.171111  0.723189 0 0 0 0 0 0 4.2074
 9.55057 -1.76464  16.7081   0.0216464 -0.00581669 -0.00187072  0 -0  0 0 0 0 -0.0400679 -0.0249203  -0.269911    1.78999 -0.106646   1.16656 0 0 0 0 0 0 4.21451
 12.0649 -1.96587  18.7588  0.0124752  0.0574077 -0.0229033  0 -0  0 0 0 0 -0.138599  0.852668 -0.380431    1.14415 0.0152521  0.817306 0 0 0 0 0 0 4.28177
 7.95274 -1.18878  19.7871  0.0222022  0.0261947 0.00538138  0 -0  0 0 0 0 0.0504255 0.0541648  0.243069  -2.09958 0.762632  0.65639 0 0 0 0 0 0 4.325
  6.01049 -0.716036   20.1733  0.0254926  0.0186356 0.00928783  0 -0  0 0 0 0 0.114055 -0.14811 0.323432  -2.49397 0.766756 0.608913 0 0 0 0 0 0 4.33413
  4.51499 -0.452942    20.631  0.024732 0.0190143  0.012634  0 -0  0 0 0 0  0.0765181 -0.0971655   0.290807  -2.40062 0.647765 0.621186 0 0 0 0 0 0 4.33758
 2.32064 0.319862  21.5532 0.0200295 0.0330517  0.016791  0 -0  0 0 0 0 -0.0338579   0.175575   0.328506  -2.66427 0.845036 0.795053 0 0 0 0 0 0 4.35296
-1.70769  1.06095  23.3633  0.0354544 -0.0184827  0.0190091  0 -0  0 0 0 0  0.193415 -0.641471  0.140109  -1.83681  0.40323 0.733401 0 0 0 0 0 0 4.40679
 1.03289 0.796841   24.238  0.0222903  0.0158861 0.00414974  0 -0  0 0 0 0 -0.0306913   0.230609   -0.39181   1.36292 -0.36035 0.821374 0 0 0 0 0 0 4.44648
 3.28221 0.243519   24.906  0.0243798  0.0261796 -0.0020488  0 -0  0 0 0 0 0.0105067  0.400687  -0.51904    2.16967 -0.494831  0.856188 0 0 0 0 0 0 4.45868
 4.43966 0.040476  25.2395   0.0221707   0.0226424 -0.00347897  0 -0  0 0 0 0 -0.0342211    0.23813  -0.374918    2.07013 -0.426399  0.777938 0 0 0 0 0 0 4.46309
  6.47806 -0.502683   26.0909   0.0294316   0.0197103 -0.00841114  0 -0  0 0 0 0 0.0984856  0.145569 -0.403393    2.37003 -0.502283  0.910883 0 0 0 0 0 0 4.47234
 9.51179 -1.98495  26.6589   0.020509  0.0923621 -0.0200023  0 -0  0 0 0 0 -0.0957458    1.04722  -0.310673    1.46688 -0.520412  0.410465 0 0 0 0 0 0 4.54645
  5.95116 -0.604575   27.3513  0.0318244  0.0571021 -0.0081494  0 -0  0 0 0 0   0.13299 0.0914946  0.104797  -1.47674 0.805894 0.405255 0 0 0 0 0 0 4.58534
   3.45875 0.00429698    27.4988  0.0374813  0.0411111 0.00984006  0 -0  0 0 0 0  0.180456 -0.261227  0.456603   -2.3871  0.93995 0.322518 0 0 0 0 0 0 4.61006
 1.92638 0.487836  27.6753 0.0368836 0.0338783  0.016935  0 -0  0 0 0 0  0.127471 -0.342949  0.501093  -2.35519 0.861959 0.297372 0 0 0 0 0 0 4.62021
-0.0832498    1.22858    28.1041 0.0344023 0.0376688 0.0216836  0 -0  0 0 0 0 0.0615119 -0.203446  0.476001  -2.54513 0.925903 0.378948 0 0 0 0 0 0 4.62677
-4.31128  2.56282  29.3028  0.0474171 -0.0193282  0.0349055  0 -0  0 0 0 0  0.190429 -0.823962   0.32594  -1.77943  0.56424 0.458902 0 0 0 0 0 0 4.68671
-1.04385  2.67924  29.9402  0.0273033  0.0190413 -0.0131562  0 -0  0 0 0 0 -0.094854  0.220068 -0.793813   1.37352  -0.2092 0.621571 0 0 0 0 0 0 4.75142
1.05023 1.73211 30.5223   0.0268616   0.0433443 -0.00752347  0 -0  0 0 0 0 -0.106924  0.693953 -0.585083      2.099 -0.606056  0.683748 0 0 0 0 0 0 4.77637
2.72162 1.10192 30.9296   0.0255558   0.0524508 -0.00886214  0 -0  0 0 0 0 -0.11122 0.710657 -0.44987   2.22725 -0.70084 0.664972 0 0 0 0 0 0 4.78567
 4.79392 0.316058   31.466  0.0292598  0.0468622 -0.0155372  0 -0  0 0 0 0 -0.0129047   0.411961  -0.472802    2.39209 -0.795796  0.690026 0 0 0 0 0 0 4.79513
 8.39683 -1.27039  31.9612  0.0179454   0.099934 -0.0323753  0 -0  0 0 0 0 -0.182196  0.932717 -0.429387    1.72227 -0.679134  0.359287 0 0 0 0 0 0 4.85194
   5.66474 0.00931218    32.4904  0.0317662  0.0618391 -0.0228436  0 -0  0 0 0 0  0.109645  -0.12987 0.0337452  -0.920504  0.656569  0.324877 0 0 0 0 0 0 4.89357
 3.39561 0.552882  32.4863 0.0422387 0.0263222  0.003561  0 -0  0 0 0 0  0.240029 -0.849053  0.599405   -1.8341 0.782679 0.196795 0 0 0 0 0 0 4.93905
1.64625 1.32685 32.4919 0.0496274 0.0107886 0.0137533  0 -0  0 0 0 0  0.325348 -0.958027  0.684624  -2.09006 0.914039 0.129444 0 0 0 0 0 0 4.95905
-0.226856   2.26593   32.4495 0.0473955 0.0128484  0.026429  0 -0  0 0 0 0  0.212127 -0.704191  0.808485  -2.29939  1.07051 0.069932 0 0 0 0 0 0 4.97208
-3.56277  3.77762  32.6198  0.0554049 -0.0372649  0.0401475  0 -0  0 0 0 0 0.204791 -1.00985 0.498428   -1.62527  0.719372 0.0916127 0 0 0 0 0 0 5.02465
-0.554959    3.4386   32.7645   0.0338817 -0.00757288  0.00992081  0 -0  0 0 0 0 -0.227964 0.0221948 -0.426062    1.24864 -0.212006 0.0957644 0 0 0 0 0 0 5.07218
 1.1164 2.74563 32.9527  0.0283837  0.0156166 0.00572298  0 -0  0 0 0 0 -0.303853  0.517374    -0.503    1.76023 -0.505684  0.153964 0 0 0 0 0 0 5.09638
2.61268 1.97602 33.1567   0.0248245   0.0299688 -0.00381207  0 -0  0 0 0 0 -0.303311  0.679825 -0.635251    1.90524 -0.726237  0.204942 0 0 0 0 0 0 5.11397
4.33675 1.15136 33.1472  0.025648  0.029465 -0.011311  0 -0  0 0 0 0 -0.226442  0.515124 -0.651795    2.11421 -0.882263  0.171134 0 0 0 0 0 0 5.12153
  8.11891 -0.398634   32.3645  0.0106804  0.0738697 -0.0223809  0 -0  0 0 0 0 -0.314012  0.853899 -0.419076     1.7234 -0.736251 -0.153014 0 0 0 0 0 0 5.16968
  6.66305 -0.676932   31.8549    0.0337148    0.0326892 -0.000271439  0 -0  0 0 0 0  0.147145 -0.351036  0.126077  -0.215588 -0.193928 -0.284319 0 0 0 0 0 0 5.22179
  5.47242 -0.336796   31.6529  0.0375654  0.0111345 0.00461762  0 -0  0 0 0 0  0.197165 -0.720941  0.267825  -0.830118 0.0603126 -0.289238 0 0 0 0 0 0 5.24422
   4.37986 -0.0120315    31.4804  0.0403512 -0.0113998  0.0074521  0 -0  0 0 0 0 0.220965 -1.02249 0.304185   -1.13447  0.185106 -0.295017 0 0 0 0 0 0 5.26711
 3.21547 0.364412   30.382   0.0367828 0.000870512   0.0137707  0 -0  0 0 0 0 0.0846358 -0.530844  0.349304   -1.27915  0.265174 -0.637557 0 0 0 0 0 0 5.28136
 1.41367 0.819035  28.6778 0.0441834   -0.0114 0.0126891  0 -0  0 0 0 0  0.147655 -0.408278  0.123976  -0.948663  0.196144 -0.726359 0 0 0 0 0 0 5.29573
 1.8336 1.13413 27.7844   0.034216 0.00092922 -0.0022193  0 -0  0 0 0 0 -0.0556367   0.039854  -0.196987  -0.0494443   0.113566  -0.677496 0 0 0 0 0 0 5.31749
 2.43703 0.827934  27.3902  0.0327265  0.0186687 0.00730989  0 -0  0 0 0 0 -0.0908332   0.391188  0.0146552    0.287549 -0.0446236  -0.628173 0 0 0 0 0 0 5.33769
 2.93157 0.443932  27.0571  0.0333882  0.0330023 0.00702043  0 -0  0 0 0 0 -0.0660907   0.590789 -0.0276487   0.435898 -0.223539 -0.599669 0 0 0 0 0 0 5.35204
 3.55975 0.111258  27.0209  0.0293447  0.0374291 0.00581724  0 -0  0 0 0 0  -0.120285   0.521881 -0.0501804   0.567294 -0.304112 -0.431678 0 0 0 0 0 0 5.35815
  4.80751 -0.645281   26.4905  0.0253033  0.0446013 0.00653657  0 -0  0 0 0 0   -0.109704    0.319564 -0.00905164   0.561389 -0.330505 -0.263574 0 0 0 0 0 0 5.36642
 4.95399 -1.00975  26.0186  0.027886 0.0436126 0.0112798  0 -0  0 0 0 0 -0.0191664   0.140019  0.0715245   0.250494 -0.260329 -0.288302 0 0 0 0 0 0 5.37191
 4.60807 -1.03067   25.811 0.0286578 0.0369387 0.0134542  0 -0  0 0 0 0 0.00169638 -0.0344266   0.125621  -0.0197806  -0.194081  -0.292996 0 0 0 0 0 0 5.37897
  4.23019 -0.957302   25.6073 0.0252181 0.0293693 0.0143619  0 -0  0 0 0 0 -0.0614001   -0.17966   0.143371  -0.205361 -0.119369 -0.303727 0 0 0 0 0 0 5.38733
 3.89662 -1.02829  23.8389 0.0267523 0.0271747 0.0167792  0 -0  0 0 0 0 -0.0305065  -0.180553   0.165359  -0.309916 -0.176633 -0.931021 0 0 0 0 0 0 5.39094
 4.05224 -1.02586   20.738   0.0302544 -0.00213115    0.024416  0 -0  0 0 0 0 0.0403321 -0.513837  0.193333  -0.0694041  -0.129328   -1.24954 0 0 0 0 0 0 5.42143
 6.35704 -1.23002  18.7751 0.0266915 0.0190819 0.0168521  0 -0  0 0 0 0 -0.00121773    0.147491  -0.0226851    1.03994 -0.228385  -1.24849 0 0 0 0 0 0 5.44423
 7.45478 -1.34597  17.9033 0.0213929 0.0264156 0.0146853  0 -0  0 0 0 0 -0.104449  0.265877 -0.079878    1.23426 -0.273736  -1.23179 0 0 0 0 0 0 5.45353
 8.33028 -1.61627  17.0971 0.0210922 0.0310653 0.0144267  0 -0  0 0 0 0 -0.0883658   0.300201 -0.0767841    1.27185 -0.389487  -1.22481 0 0 0 0 0 0 5.4582
 9.37701 -1.72116  14.9608 0.0194878 0.0294776 0.0126484  0 -0  0 0 0 0   -0.12441   0.202698 -0.0805199    1.33073 -0.478362  -1.74893 0 0 0 0 0 0 5.46107
 12.1826 -1.84304  11.2508   0.017292  0.0363721 0.00703459  0 -0  0 0 0 0 -0.0816163   0.189826  -0.117629    1.24853 -0.397031  -1.65443 0 0 0 0 0 0 5.47023
 12.8416 -1.44194  8.81283  0.0153541  0.0238774 0.00837248  0 -0  0 0 0 0 -0.0693842  -0.132697 -0.0194937   0.649305 -0.171413  -1.61926 0 0 0 0 0 0 5.48294
 13.0227 -1.04264  7.49904  0.0120308  0.0157937 0.00539459  0 -0  0 0 0 0  -0.115971  -0.259279 -0.0535016    0.475221 -0.0502871   -1.72096 0 0 0 0 0 0 5.49218
  13.3117 -0.572662   6.33505  0.0103061  0.0141031 0.00699482  0 -0  0 0 0 0  -0.13004 -0.240604 0.0145753   0.465333 0.0889208  -1.81808 0 0 0 0 0 0 5.49507
 13.7504 0.139688   2.8093  0.019797 0.0152871 0.0103259  0 -0  0 0 0 0 0.00242156  -0.175618   0.111367    0.530045 0.00462064   -2.83865 0 0 0 0 0 0 5.5052
 14.4102  1.54463 -4.06594  0.0201055 0.00404332  0.0110549  0 -0  0 0 0 0 0.00289417  -0.233366  0.0540419   0.406585 -0.108816   -3.1022 0 0 0 0 0 0 5.51647
 14.2486  1.95585 -8.67438   0.0244275 -0.00915244  0.00588281  0 -0  0 0 0 0  0.0612068  -0.352578 -0.0743938   0.118557 -0.339764  -2.82303 0 0 0 0 0 0 5.53129
 14.0292  1.88568 -10.3144  0.0283197 -0.0185146 0.00360925  0 -0  0 0 0 0   0.12611 -0.460077 -0.124781  -0.0096876   -0.49609    -2.6984 0 0 0 0 0 0 5.54168
 13.9027  1.70519 -11.6081  0.0297693 -0.0212644 0.00240077  0 -0  0 0 0 0  0.140381 -0.407786 -0.136157  -0.0525792  -0.607462   -2.45797 0 0 0 0 0 0 5.54502
 13.6474  1.44724 -13.4957   0.0191248  -0.0255636 0.000946571  0 -0  0 0 0 0 -0.0943616  -0.394401  -0.134245  -0.136455 -0.782172  -2.50434 0 0 0 0 0 0 5.55659
  13.586 0.505347   -16.66 0.0146692 -0.054951 0.0060328  0 -0  0 0 0 0 -0.108499 -0.623845 0.0178256  -0.0380953  -0.726579    -1.5874 0 0 0 0 0 0 5.58674
 15.5582 0.290607 -17.9888 0.0202973 -0.052955 0.0098999  0 -0  0 0 0 0 0.0508882 -0.310549  0.075749   0.851621 -0.391082 -0.949025 0 0 0 0 0 0 5.59386
 16.8125 0.203591 -18.6125  0.0228496 -0.0476661 0.00637707  0 -0  0 0 0 0  0.0917022  -0.126699 -0.0582776    1.27531 -0.402812  -0.90136 0 0 0 0 0 0 5.60071
 18.0372  0.18085 -19.0249  0.0228308 -0.0391801 0.00823255  0 -0  0 0 0 0  0.0801749  0.0681527 -0.0105107    1.53344 -0.349876 -0.824983 0 0 0 0 0 0 5.60939
  19.2208 0.0821248  -19.8196  0.0065242 -0.0429194 0.00970782  0 -0  0 0 0 0 -0.246164 -0.026907 0.0453354    1.64928  -0.43801 -0.930674 0 0 0 0 0 0 5.62619
  22.1304 -0.016061  -22.7872 -0.00242234  -0.0327216  0.00215693  0 -0  0 0 0 0 -0.244781  0.158559 -0.102531    1.47698 -0.527863  -1.19784 0 0 0 0 0 0 5.64171
  22.5438 0.0978447  -24.7176 -0.0156866 -0.0362799 -0.0102331  0 -0  0 0 0 0 -0.293162 0.0393783 -0.277948   0.586836 -0.419819  -1.08657 0 0 0 0 0 0 5.66021
   22.0152 -0.0505174   -25.5966   -0.022257  -0.0495406 -0.00453083  0 -0  0 0 0 0  -0.350858  -0.225044 -0.0257431  0.0182959 -0.508247  -1.09489 0 0 0 0 0 0 5.67607
  21.3663 -0.339244  -26.2987  -0.0200044   -0.049029 -0.00888479  0 -0  0 0 0 0 -0.220305 -0.130417 -0.123804   -0.38509 -0.608089 -0.986125 0 0 0 0 0 0 5.681
  20.9328 -0.489298  -27.8998  -0.0158932  -0.0363384 -0.00938309  0 -0  0 0 0 0  -0.12695   0.17719 -0.110709   -0.50828 -0.788049  -1.38221 0 0 0 0 0 0 5.69435
 19.8122 -0.97096 -30.5497 -0.0120284 -0.0282411  -0.010048  0 -0  0 0 0 0 0.00834386   0.208486 -0.0592119  -0.561986 -0.721519  -1.24024 0 0 0 0 0 0 5.70334
 18.9877 -1.27554 -32.5946 -0.00207491  -0.0233901 0.000640178  0 -0  0 0 0 0 0.205008 0.172948 0.145767  -0.514011 -0.547792   -1.0416 0 0 0 0 0 0 5.71873
  18.597 -1.52483 -33.3508 0.000249708   -0.026833  0.00208813  0 -0  0 0 0 0  0.203722 0.0613346  0.138046  -0.534983 -0.608715 -0.998723 0 0 0 0 0 0 5.72313
 18.2602 -1.77644 -33.3889 0.000791326  -0.0302591    0.002576  0 -0  0 0 0 0   0.197785 -0.0295463   0.105387  -0.519663 -0.509536 -0.639129 0 0 0 0 0 0 5.72664
 17.8258 -2.08117 -33.9502 -0.00526293  -0.0285157  0.00300472  0 -0  0 0 0 0 0.0366675 0.0158888 0.0854096  -0.581929 -0.598217 -0.668063 0 0 0 0 0 0 5.73295
 16.5165 -2.73458 -35.3921 -0.00557146  -0.0296724  0.00554061  0 -0  0 0 0 0   0.0159232 -0.00987977    0.080775  -0.664059  -0.56402 -0.631849 0 0 0 0 0 0 5.73576
 14.8478 -3.11007 -36.4732 -0.00810505  -0.0337835  0.00382148  0 -0  0 0 0 0 -0.0137129 -0.0745896  0.0171664  -0.872336 -0.431529 -0.539607 0 0 0 0 0 0 5.74088
 14.0619 -3.32844 -36.9469 -0.00774063   -0.037012  0.00487443  0 -0  0 0 0 0 0.00150575  -0.119454   0.038624  -0.978621 -0.430617 -0.541669 0 0 0 0 0 0 5.7443
 13.4783 -3.59457 -37.2981 -0.00614031  -0.0375321  0.00650544  0 -0  0 0 0 0 0.0354572 -0.100734  0.064524  -0.903599 -0.445673 -0.478533 0 0 0 0 0 0 5.74664
  12.917 -3.81884 -37.5831  -0.010667 -0.0402897 0.00572241  0 -0  0 0 0 0 -0.0578128  -0.134364  0.0298817  -0.923693 -0.461405 -0.455545 0 0 0 0 0 0 5.752
 11.1902  -4.4623 -38.9559 -0.0158016 -0.0490829 0.00793872  0 -0  0 0 0 0 -0.113423 -0.202201 0.0519775  -0.938056 -0.473639 -0.574611 0 0 0 0 0 0 5.76242
 10.5044 -4.52656  -40.064 -0.0155614 -0.0389689  0.0103347  0 -0  0 0 0 0 -0.0449909  0.0840773  0.0524447  -0.596101 -0.239219 -0.596772 0 0 0 0 0 0 5.77282
 10.6667 -4.20513 -40.6179 -0.0157569 -0.0320716 0.00817811  0 -0  0 0 0 0 -0.0385075   0.198724 -0.0129919   -0.269455 -0.0293959  -0.688439 0 0 0 0 0 0 5.78005
 10.8201 -3.99773 -40.9401 -0.0115212 -0.0286634 0.00762315  0 -0  0 0 0 0  0.0595988   0.215374 -0.0342644  -0.0862377  0.0581301  -0.624068 0 0 0 0 0 0 5.78551
 10.7757 -3.82079 -41.3214 -0.0159394 -0.0384927 0.00597915  0 -0  0 0 0 0 -0.0389207 -0.0350726 -0.0523745  -0.0808451   0.091025  -0.604595 0 0 0 0 0 0 5.79641
 10.4181 -3.38256 -42.3491 -0.0210045 -0.0441329 0.00416506  0 -0  0 0 0 0 -0.0995887  -0.108554 -0.0519172  -0.173438  0.118468 -0.608026 0 0 0 0 0 0 5.80421
 10.3297 -3.40672 -43.3339 -0.0166445 -0.0487838 0.00546653  0 -0  0 0 0 0   0.0252186   -0.124828 -0.00466916   -0.118176 -0.0300746  -0.518947 0 0 0 0 0 0 5.81071
  10.315 -3.46249 -43.6755 -0.0139271 -0.0539733 0.00396989  0 -0  0 0 0 0  0.0750424  -0.200596 -0.0458782  -0.0718488 -0.0889742  -0.495645 0 0 0 0 0 0 5.81676
 10.2896 -3.49603 -43.8878 -0.0121841 -0.0588168 0.00394041  0 -0  0 0 0 0  0.0954157  -0.256053 -0.0317926  -0.0643888 -0.0932804  -0.435823 0 0 0 0 0 0 5.82191
 10.2811 -3.55322 -43.7046 -0.0164467 -0.0619916 0.00338357  0 -0  0 0 0 0 0.00125038  -0.258105 -0.0357565  -0.0369537 -0.0750572  -0.207713 0 0 0 0 0 0 5.82725
 10.1554 -3.66842 -43.3642 -0.0210635 -0.0668359 0.00375261  0 -0  0 0 0 0  -0.0688597   -0.204743 -0.00888715  -0.0494547 -0.0432179  0.0645369 0 0 0 0 0 0 5.83395
 10.2974 -3.78555 -43.2605 -0.0191792 -0.0739069 0.00349813  0 -0  0 0 0 0 -0.00216372   -0.216379 -0.00956498   0.0355741 -0.0388527  0.0641495 0 0 0 0 0 0 5.84127
 10.3926 -3.66194 -43.2546 -0.0184998  -0.076634 0.00287363  0 -0  0 0 0 0  0.013611 -0.221723 -0.021026  0.0702503 0.0536736 0.0327802 0 0 0 0 0 0 5.84415
 10.3729  -3.6285 -43.2145 -0.0180161 -0.0816104 0.00389258  0 -0  0 0 0 0 0.0188643 -0.271207 0.0200466  0.0310975 0.0630956 0.0383136 0 0 0 0 0 0 5.84926
 10.2914 -3.64194 -42.8526 -0.0174532 -0.0725458 0.00518499  0 -0  0 0 0 0  0.0271927 -0.0198809  0.0388606  -0.0244557   0.061151   0.181908 0 0 0 0 0 0 5.85843
 10.6639  -3.7046 -42.2396 -0.0279632 -0.0769629 0.00727924  0 -0  0 0 0 0  -0.172864 -0.0911445  0.0553791   0.14891  0.04057 0.292562 0 0 0 0 0 0 5.87002
 12.2939  -3.4574 -41.9311  -0.027092 -0.0604974 0.00857147  0 -0  0 0 0 0 -0.0844394   0.224727  0.0318896  0.617759 0.129157 0.161988 0 0 0 0 0 0 5.88656
 13.1624 -3.01574 -41.8545 -0.0292672 -0.0540779 0.00536996  0 -0  0 0 0 0  -0.106785   0.284174 -0.0497027   0.848994  0.327116 0.0873449 0 0 0 0 0 0 5.89406
 13.5844 -2.63173 -41.7401 -0.0290597 -0.0521508 0.00263802  0 -0  0 0 0 0 -0.0745979   0.255395  -0.103904   0.748623  0.445899 0.0679603 0 0 0 0 0 0 5.89741
  14.108  -2.2522 -41.4793 -0.0264033 -0.0486687 0.00148471  0 -0  0 0 0 0 -0.00132993    0.261046   -0.102006  0.748672  0.51709 0.121527 0 0 0 0 0 0 5.90193
 14.6692 -1.61175 -40.7286  -0.0195346  -0.0330119 -0.00424598  0 -0  0 0 0 0  0.130753  0.406625 -0.145189  0.491066 0.497988 0.272269 0 0 0 0 0 0 5.91997
 14.1202 -1.66886 -40.0243 -0.0156565 -0.0405192 -0.0109486  0 -0  0 0 0 0   0.12977 0.0713456  -0.16609  -0.0339364    0.18332   0.326904 0 0 0 0 0 0 5.93075
  13.315  -2.1066 -39.7551  -0.0163355  -0.0522947 -0.00382811  0 -0  0 0 0 0 0.0873136 -0.158599 0.0658751   -0.497856 -0.0910298   0.407065 0 0 0 0 0 0 5.94453
 12.7039 -2.59802 -39.3574  -0.0136077  -0.0602515 -0.00189496  0 -0  0 0 0 0  0.124898 -0.277655  0.100521   -0.64043 -0.285322  0.527224 0 0 0 0 0 0 5.95316
 12.1098 -3.01412 -38.0883 -0.0108713 -0.0577627 0.00039366  0 -0  0 0 0 0  0.174667 -0.167141  0.122514  -0.696628 -0.249724  0.973302 0 0 0 0 0 0 5.95751
 10.2223 -3.29031 -34.2432 0.00376802 -0.0581574 0.00822752  0 -0  0 0 0 0  0.380381 -0.100998  0.203249  -0.909038  0.104581   1.90221 0 0 0 0 0 0 5.97412
 8.76491  -2.9365 -30.5839   0.010463 -0.0434175  0.0138035  0 -0  0 0 0 0 0.267846 0.187815 0.174199  -0.698842  0.327919   1.75791 0 0 0 0 0 0 5.99124
 8.38127 -2.52215  -29.398 0.00970392 -0.0396934  0.0120585  0 -0  0 0 0 0 0.188819 0.212159 0.093911  -0.594711  0.543802   1.68289 0 0 0 0 0 0 5.99542
 8.21922 -2.19006  -28.342  0.0100155 -0.0308147  0.0113389  0 -0  0 0 0 0  0.148526  0.344424 0.0391851  -0.437159  0.600562   1.61656 0 0 0 0 0 0 6.00434
  7.9405 -1.77281 -26.3573 0.00790053 -0.0337106   0.010909  0 -0  0 0 0 0 0.0963367  0.192582 0.0213369  -0.384653    0.7561   1.97159 0 0 0 0 0 0 6.00795
 7.14046 -1.21113 -22.6892 0.0105163 -0.029945 0.0119837  0 -0  0 0 0 0 0.0951148  0.164447 0.0289286  -0.420698  0.705387   2.15825 0 0 0 0 0 0 6.01266
  6.0014 -1.10174 -18.0844  0.0194294 -0.0320639  0.0103701  0 -0  0 0 0 0    0.155153   0.0355129 -0.00873674  -0.475307  0.423384   2.11224 0 0 0 0 0 0 6.02196
 5.49932 -1.20765 -16.5968   0.024475 -0.0378825 0.00887707  0 -0  0 0 0 0   0.213063 -0.0855517 -0.0432249  -0.531406  0.251175   2.09888 0 0 0 0 0 0 6.0298
  5.0301 -1.53582 -15.3798  0.0265396 -0.0418966 0.00601923  0 -0  0 0 0 0  0.199168 -0.140758 -0.117395    -0.559786 -0.00517528     2.00701 0 0 0 0 0 0 6.03515
  4.5734 -1.83189 -15.7264  0.0157923 -0.0327479 0.00623177  0 -0  0 0 0 0 -0.0826542  0.0938154 -0.0725474  -0.614967 -0.201307   1.22169 0 0 0 0 0 0 6.04926
 3.55379 -2.09811 -13.4907  0.0123728 -0.0266051  0.0048514  0 -0  0 0 0 0 -0.0949618   0.158133 -0.0609694  -0.635468 -0.126902   1.42483 0 0 0 0 0 0 6.05643
 2.75608 -2.27763 -10.4936  0.00826732 -0.00615854  0.00598441  0 -0  0 0 0 0 -0.0974807   0.376305 -0.0242575    -0.41058 -0.0487741    1.38396 0 0 0 0 0 0 6.07731
 2.91898  -2.1563 -9.53801 0.00876389  0.0059734  0.0054778  0 -0  0 0 0 0 -0.0617262   0.514689 -0.0256081  -0.137553 0.0806085    1.3614 0 0 0 0 0 0 6.08947
 3.01946  -2.2257 -8.71699  0.0108593  0.0157214 0.00373185  0 -0  0 0 0 0 -0.00755463    0.589614  -0.0787091  -0.0161498  0.0221568    1.31831 0 0 0 0 0 0 6.09959
  3.0208 -2.16596 -7.59358 0.0167876 0.0105964 0.0016339  0 -0  0 0 0 0  0.117894  0.324871 -0.103484  0.0257503 0.0879309   1.40229 0 0 0 0 0 0 6.1077
 2.64637 -2.11088 -4.51978   0.0297355   0.0268264 -0.00261325  0 -0  0 0 0 0  0.307739  0.462188 -0.135033  -0.0905345   0.134064    1.80016 0 0 0 0 0 0 6.12889
 0.21512 -1.65689 -0.87128  0.0402177  0.0062695 0.00300461  0 -0  0 0 0 0  0.287184 -0.131962  0.046505  -0.782263  0.234318    1.6977 0 0 0 0 0 0 6.15264
-1.43565 -1.55724 0.295049  0.0472041 -0.0108738  0.0100081  0 -0  0 0 0 0   0.34406 -0.421748  0.232123  -1.36978 0.232307  1.67541 0 0 0 0 0 0 6.17243
-2.71355 -1.33035  1.16384   0.051991 -0.0176439  0.0121018  0 -0  0 0 0 0   0.35958 -0.448849  0.229165  -1.54131 0.247172  1.54692 0 0 0 0 0 0 6.18099
-4.18191 -1.10791 0.563023   0.0450646 -0.00652091   0.0153763  0 -0  0 0 0 0   0.130958 -0.0779527   0.241397  -1.65807 0.264462 0.717604 0 0 0 0 0 0 6.19449
 -7.12593 -0.848092   1.39909 0.0434559 0.0077534 0.0283488  0 -0  0 0 0 0 0.0353188  0.222859   0.36891  -1.88788 0.186963 0.616355 0 0 0 0 0 0 6.21385
 -10.8111 -0.478582    2.6149 0.0417157 0.0138016 0.0114873  0 -0  0 0 0 0 -0.0121864   0.205238 -0.0491105  -1.80144 0.103464 0.617836 0 0 0 0 0 0 6.23185
 -12.0506 -0.100689   3.04051   0.0405065   0.0139207 -0.00220327  0 -0  0 0 0 0 -0.0173759   0.164176  -0.327645  -1.65538 0.173003 0.624343 0 0 0 0 0 0 6.24559
 -13.0087 0.0845053   4.00754   0.0389809   0.0136527 -0.00900534  0 -0  0 0 0 0 -0.041616 0.0978547 -0.405001  -1.46705 0.084049 0.849569 0 0 0 0 0 0 6.25257
-13.8688 0.359252  5.33706  0.0407981 0.00737369  -0.012882  0 -0  0 0 0 0 -0.0117677  -0.062599  -0.375985  -1.36204 0.040983  1.18966 0 0 0 0 0 0 6.26017
-15.1102 0.894779  8.35761   0.037065  0.0022913 -0.0241497  0 -0  0 0 0 0 -0.046136 -0.150359 -0.429746    -1.13746 -0.0869242    1.86197 0 0 0 0 0 0 6.27308
-15.8335  1.91395  12.0722  0.0342967 -0.0015019 -0.0461965  0 -0  0 0 0 0 -0.0518212  -0.133234   -0.53868   -0.572412 -0.0741141    1.82327 0 0 0 0 0 0 6.29562
-14.7519  2.23021  13.5898  0.0281815 0.00972917 -0.0372692  0 -0  0 0 0 0  -0.148781 0.00933696  -0.264245    0.155823 -0.0142046    1.80989 0 0 0 0 0 0 6.31122
-13.7203   2.1965  14.5092  0.0279485 0.00668813 -0.0389094  0 -0  0 0 0 0  -0.124102 -0.0920496  -0.258129   0.610985 -0.132226   1.63255 0 0 0 0 0 0 6.31468
-12.9469  2.17045   15.731   0.031202 0.00450998  -0.042346  0 -0  0 0 0 0 -0.0402912  -0.126529  -0.283082    0.74445 -0.237417   1.63786 0 0 0 0 0 0 6.31989
-12.1689  2.04502  18.4778  0.0291344 0.00660341 -0.0388927  0 -0  0 0 0 0 -0.0700736 -0.0435372  -0.090162   0.593416 -0.379986   1.81154 0 0 0 0 0 0 6.32442
-12.5987  1.48885  21.2597  0.0437267  0.0309274 0.00895107  0 -0  0 0 0 0 0.143826 0.347743 0.627989  -0.109543 -0.395602    1.3514 0 0 0 0 0 0 6.38005
-13.7784  1.32982  22.0196  0.0460948  0.0330422 0.00986676  0 -0  0 0 0 0 0.135092 0.362409 0.495792  -0.749321 -0.468433   1.10879 0 0 0 0 0 0 6.38335
-14.943 1.27286  22.418 0.0446645 0.0417844 0.0183321  0 -0  0 0 0 0 0.0782089  0.479613  0.581262   -1.09389 -0.386892   0.90258 0 0 0 0 0 0 6.3956
-15.9234  1.28418  21.3971 0.0483308 0.0507582 0.0275486  0 -0  0 0 0 0 0.139967 0.556092 0.614851   -1.14274 -0.119207  0.223311 0 0 0 0 0 0 6.40898
-17.4008  1.37142  20.8103 0.0481898 0.0647988 0.0393585  0 -0  0 0 0 0 0.0739922  0.622065  0.615348   -1.24151 0.0422611 -0.146502 0 0 0 0 0 0 6.42733
-19.3005  1.94319   19.733  0.0489164   0.065817 0.00598603  0 -0  0 0 0 0 0.0592968  0.333624  -0.14127  -0.919047  0.217367 -0.338479 0 0 0 0 0 0 6.46072
-19.8985  1.95326  19.3799   0.0465846   0.0652458 -0.00966248  0 -0  0 0 0 0 0.00548549   0.230476  -0.436141  -0.757583  0.122142 -0.367727 0 0 0 0 0 0 6.47655
-20.2325   1.6455  18.9839  0.0471137  0.0591719 -0.0176264  0 -0  0 0 0 0 0.0171822 0.0365208 -0.519837   -0.635716 -0.0310557  -0.460907 0 0 0 0 0 0 6.48658
-20.8418  1.32993  18.6311  0.0403295  0.0499833 -0.0248845  0 -0  0 0 0 0 -0.0954596  -0.144076  -0.513331  -0.666291 -0.125022 -0.484842 0 0 0 0 0 0 6.50012
-21.7504 0.873176  17.8276  0.0371581  0.0443424 -0.0284727  0 -0  0 0 0 0 -0.127857 -0.192637 -0.374123  -0.729145 -0.124694 -0.631944 0 0 0 0 0 0 6.50752
-23.7365  0.98091  16.4014   0.0346712   0.0379875 -0.00311201  0 -0  0 0 0 0 -0.0941101  -0.230913   0.176572  -0.946797  0.189051 -0.587143 0 0 0 0 0 0 6.53378
-24.8123  1.25986   15.967   0.0316464   0.0372842 -0.00242294  0 -0  0 0 0 0 -0.113433 -0.164942  0.163875   -1.06694  0.353668 -0.467566 0 0 0 0 0 0 6.53696
-25.3931  1.68219  15.4818   0.0312653   0.0349188 -0.00759496  0 -0  0 0 0 0  -0.080221  -0.165411 -0.0101261  -0.911403  0.528362  -0.41857 0 0 0 0 0 0 6.54266
-25.0038  1.84128  14.8265  0.0336522  0.0412643 -0.0123661  0 -0  0 0 0 0 -0.0256946 -0.0338919  -0.154815  -0.370105  0.501082 -0.437169 0 0 0 0 0 0 6.55095
-24.1861  2.09527  13.9375  0.0309464  0.0306012 -0.0251476  0 -0  0 0 0 0 -0.0577348  -0.218986  -0.407376   0.193119  0.521545 -0.544934 0 0 0 0 0 0 6.56781
-23.2843  2.46073  12.5183  0.0284583  0.0173467 -0.0429118  0 -0  0 0 0 0 -0.0626667  -0.296872  -0.450897   0.413034  0.451249 -0.544838 0 0 0 0 0 0 6.59012
-22.4409  2.58318  12.0018  0.0267358  0.0129513 -0.0338746  0 -0  0 0 0 0 -0.080306 -0.359151 -0.145967   0.631572  0.473925 -0.497251 0 0 0 0 0 0 6.60031
-21.4807  2.90936  11.4429  0.0243569 0.00724732 -0.0297005  0 -0  0 0 0 0   -0.102621   -0.389205 -0.00665028   0.833274  0.552327 -0.472303 0 0 0 0 0 0 6.60777
-20.5069  3.09691  10.8862  0.0298444 0.00847345 -0.0304149  0 -0  0 0 0 0 0.0116107 -0.279155 -0.042427   0.961607  0.539004 -0.507006 0 0 0 0 0 0 6.61344
-18.8313  3.54889  9.63614   0.0404672 0.000666006  -0.0323873  0 -0  0 0 0 0   0.192587  -0.326838 -0.0872058    1.24416  0.654073 -0.679566 0 0 0 0 0 0 6.62677
-15.6183  4.96195  7.81893  0.0383457 -0.0098513 -0.0297541  0 -0  0 0 0 0  0.0644772  -0.296334 -0.0086328    1.37824  0.756051 -0.595416 0 0 0 0 0 0 6.63782
-14.1728  5.38872  7.19726  0.0424661 -0.0094053 -0.0248008  0 -0  0 0 0 0  0.123994 -0.219373 0.0727508    1.53745   0.73421 -0.578164 0 0 0 0 0 0 6.64427
-12.8945  5.56879   6.6769   0.0464581 -0.00547477  -0.0235027  0 -0  0 0 0 0   0.165251 -0.0908185  0.0601221    1.65934   0.62133 -0.611375 0 0 0 0 0 0 6.65003
-11.6193  5.74748  6.01327   0.042455  -0.006293 -0.0206516  0 -0  0 0 0 0  0.0487746 -0.0794871   0.107728    1.67847  0.532337 -0.666918 0 0 0 0 0 0 6.65501
-9.6621 6.04738  4.7663   0.0325327 -0.00516282  -0.0172382  0 -0  0 0 0 0  -0.158195 -0.0294012    0.13517   1.79486 0.502975 -0.87108 0 0 0 0 0 0 6.66556
-6.95956  5.12898  3.14196   0.0336997 -0.00562872 0.000267899  0 -0  0 0 0 0 -0.0824783 -0.0242814   0.284202     1.3522 -0.012569 -0.754321 0 0 0 0 0 0 6.68311
-7.05287  4.48592  2.52949  0.0417949 -0.0137206 0.00615993  0 -0  0 0 0 0 0.0771841  -0.16164  0.306524   0.670631  -0.39284 -0.777792 0 0 0 0 0 0 6.69599
-7.23836  3.99225  2.17516 0.0441376 -0.020982 0.0124361  0 -0  0 0 0 0    0.1051 -0.265994  0.396753   0.316412 -0.505071 -0.712581 0 0 0 0 0 0 6.70587
-7.49901  3.78187  3.14198   0.038023 -0.0157103  0.0165319  0 -0  0 0 0 0 -0.0532132 -0.0766178   0.401964   0.0359146  -0.498935 -0.0871293 0 0 0 0 0 0 6.71492
-8.45035  2.91857  4.88596  0.0562561 0.00236175  0.0396545  0 -0  0 0 0 0 0.290569 0.294736 0.736274  -0.480672 -0.699911  0.636853 0 0 0 0 0 0 6.74947
-11.0294  2.91441  6.40725 0.0575775 0.0163853 0.0776869  0 -0  0 0 0 0 0.148499 0.324801 0.850796  -0.999365 -0.254457   0.62146 0 0 0 0 0 0 6.79003
-12.3683  3.85712  7.02693 0.0521335 0.0110916 0.0380054  0 -0  0 0 0 0  0.102318  0.222922 -0.129614  -1.17838 0.136771 0.706454 0 0 0 0 0 0 6.83043
-13.4092  4.54501  7.60736 0.0477793 0.0177618 0.0182609  0 -0  0 0 0 0 0.0105018  0.324243 -0.576379  -1.25866 0.346946 0.794362 0 0 0 0 0 0 6.85172
-14.4108  4.90854  8.46501  0.0427079  0.0165686 0.00994417  0 -0  0 0 0 0 -0.0876183   0.211565  -0.580279  -1.28226 0.275783 0.912968 0 0 0 0 0 0 6.86153
-14.5819  4.78998  10.8799   0.0465621 -0.00358818  0.00580951  0 -0  0 0 0 0 -0.00433309   -0.291772   -0.480309  -0.884126 -0.128955   1.48316 0 0 0 0 0 0 6.88247
-13.2282  6.04167  14.1184  0.0313415 -0.0251581 -0.0788326  0 -0  0 0 0 0 -0.171207 -0.392456  -1.31066    0.175812 -0.0498898    1.38944 0 0 0 0 0 0 6.97113
-11.4183  5.47941  15.1751   0.0340332 -0.00501727  -0.0543379  0 -0  0 0 0 0   -0.14195 -0.0393833  -0.606286    1.02466 -0.260356   1.32184 0 0 0 0 0 0 7.00295
-10.3358  5.21962  15.5051  0.0333342 0.00260032  -0.050915  0 -0  0 0 0 0 -0.124163   0.13045 -0.313853    1.14389 -0.298729  0.963971 0 0 0 0 0 0 7.01134
-9.0328 4.77644 15.0625   0.026451 0.00836496 -0.0537225  0 -0  0 0 0 0 -0.205365   0.21766 -0.293775    1.36058 -0.359068  0.434461 0 0 0 0 0 0 7.02074
-7.45185  4.14217  13.5029    0.0298083 -0.000644787   -0.0455934  0 -0  0 0 0 0  -0.0797093 -0.00908702 -0.00987738    1.53737 -0.390674 -0.452636 0 0 0 0 0 0 7.03333
-3.20456  3.88364  11.6097  0.0214518 0.00182322 -0.0280114  0 -0  0 0 0 0 -0.141334  0.022464   0.22797    1.65415  -0.14154 -0.701839 0 0 0 0 0 0 7.05296
-1.73074  3.73696  11.0142   0.0220944  0.00390089 -0.00901349  0 -0  0 0 0 0 -0.0950843   0.030528   0.541721    1.66646 -0.048936 -0.691933 0 0 0 0 0 0 7.07208
-0.5789 3.61962  10.476   0.0232948  0.00463873 -0.00229068  0 -0  0 0 0 0 -0.0474022  0.0350532   0.539822    1.68671 -0.087306 -0.725148 0 0 0 0 0 0 7.07895
0.566339  3.45895  7.66776   0.023365  0.0132626 0.00377356  0 -0  0 0 0 0 -0.0430349   0.202957   0.511543    1.73366 -0.130782  -1.76156 0 0 0 0 0 0 7.08949
2.49015 3.62458 2.98847 0.0146094  0.013543 0.0206728  0 -0  0 0 0 0 -0.205098  0.158095  0.670248      1.8203 -0.0819982   -2.93914 0 0 0 0 0 0 7.10852
 5.87626   2.9983 -4.10829  0.0150856 0.00581821  0.0215695  0 -0  0 0 0 0 -0.0765023 -0.0420684   0.293487    1.62004 -0.345724  -2.79719 0 0 0 0 0 0 7.11632
 174.804 -2.46898  174.628 -0.0689764  0.0172698  0.0145485   -179.96 -0.752498   178.631 -0.0862512 -0.0174486 0.00419928 -0.0765026 -0.0420691   0.293486  -0.0102923 0.00084534  0.0144016 -0.000991172   0.00101183  -0.00100056 0.0568617 -0.248367  -9.80669 7.20144
 174.804 -2.46898  174.628 -0.0689763  0.0172685  0.0145467   179.992 -0.790751     178.6 -0.0864969 -0.0179791 0.00650253 -0.0765011 -0.0420855   0.293465   -0.0103281 0.000851426   0.0143741 -0.000991172   0.00101183  -0.00100056 0.0568617 -0.248367  -9.80669 7.20145
 174.804 -2.46898  174.628 -0.0689756  0.0172676  0.0145461    179.95 -0.806313   178.587 -0.0867477 -0.0183088 0.00766144 -0.0764915 -0.0420969   0.293457  -0.0103522  0.0008468  0.0143428 -0.000991172   0.00101183  -0.00100056 0.0568617 -0.248367  -9.80669 7.20145
 173.786 -1.19457  170.836 -0.0767624  0.0148795  0.0294904   179.951 -0.803444   178.572 -0.0868021 -0.0183783 0.00762493  -0.168122 -0.0679924   0.301127  -0.0109366  0.0192508  0.0266754 -0.000991343   0.00101181  -0.00100049   0.05686 -0.248366  -9.80669 7.21847
  173.214 -0.446572   170.005 -0.0764126  0.0171231  0.0253434   179.937 -0.799756   178.582 -0.0860622 -0.0187642 0.00758071   -0.118249 -0.00287162    0.130706  0.0171335 0.0696746 0.0399725 -0.00099115  0.00101156 -0.00100112  0.056862 -0.248363   -9.8067 7.2232
  173.148 -0.405986   170.007 -0.075659 0.0184383 0.0235969   179.936 -0.800787   178.585 -0.0858111 -0.0189209 0.00764491 -0.103774 0.0247762 0.0927836  0.0238315 0.0749693 0.0398951 -0.000991095   0.00101146  -0.00100126 0.0568626 -0.248362   -9.8067 7.22551
   171.635 -0.0446555    168.708 -0.0781856  0.0228232  0.0251199   179.943 -0.803687   178.584 -0.0857744 -0.0198736 0.00775965 -0.118825 0.0860453 0.0877886  0.0569035 0.0729435 0.0439176 -0.000991217   0.00101072  -0.00100163 0.0568622 -0.248355   -9.8067 7.23079
   170.99 -0.297728   167.454 -0.0742549  0.0270716  0.0278219   179.939 -0.825021   178.587 -0.0840031 -0.0209744 0.00858413 -0.0517079   0.119992   0.102713  0.0475486 0.0437476 0.0233804 -0.000990023   0.00100958  -0.00100178 0.0568755 -0.248345   -9.8067 7.23718
169.555 0.17032 164.102 -0.0669628  0.0306029  0.0339111   179.936 -0.842618    178.58 -0.0810971 -0.0211059 0.00931129  0.021511 0.0694172  0.103229   0.046682  0.048113 0.0206927 -0.000986122   0.00100936  -0.00100223 0.0569142 -0.248348  -9.80671 7.24732
 169.559 0.172035  164.099 -0.0642953  0.0303095  0.0341504   179.935 -0.847071   178.579 -0.0803392 -0.0211527  0.0094768  0.044274 0.0669231  0.104917  0.0466509 0.0479883 0.0203063 -0.000985086   0.00100926  -0.00100242 0.0569245 -0.248349  -9.80671 7.25001
169.562 0.17752 164.096 -0.0628604  0.0299839  0.0340658   179.935 -0.848224   178.577 -0.0799356 -0.0211224 0.00950731 0.0565998 0.0641426   0.10399  0.0465269 0.0481212 0.0200684 -0.000984489   0.00100929  -0.00100261 0.0569303  -0.24835  -9.80671 7.25148
 169.564 0.181318  164.094 -0.0620301  0.0297523  0.0339835   179.936 -0.848835   178.577  -0.079702 -0.0210919 0.00951592 0.0637441 0.0621607   0.10317  0.0464187 0.0482315 0.0199002 -0.000984137   0.00100933  -0.00100273 0.0569337 -0.248351  -9.80671 7.25235
 169.566 0.184452  164.092 -0.061495 0.0295404 0.0338834  179.936 -0.84912  178.576 -0.0795514 -0.0210536 0.00950876 0.0683648 0.0603427   0.10224  0.0463166  0.048331  0.019789 -0.000983899   0.00100938  -0.00100282  0.056936 -0.248351  -9.80671 7.25293
 169.568 0.186448  164.092 -0.0611156  0.0293897  0.0337294  179.936 -0.84912  178.576 -0.0794486 -0.0210211 0.00948091 0.0716747 0.0590596  0.100853  0.0462094 0.0484087 0.0197251 -0.000983721   0.00100941  -0.00100293 0.0569377 -0.248352  -9.80671 7.25337
 169.569 0.188216  164.091 -0.060857 0.0292712 0.0336014  179.936 -0.84912  178.576 -0.0793792 -0.0209936 0.00945561 0.0739394 0.0580495 0.0997088  0.0461262 0.0484702  0.019666 -0.000983595   0.00100944  -0.00100301 0.0569389 -0.248352  -9.80671 7.25368
 169.571 0.188673  164.091 -0.0606675  0.0291746  0.0334209   179.936 -0.848584   178.576 -0.0793321 -0.0209657  0.0094133 0.0756334 0.0572344 0.0981136  0.0460126 0.0485136 0.0196087 -0.000983492   0.00100947  -0.00100312 0.0569398 -0.248353  -9.80671 7.25396
 169.573 0.188974   164.09 -0.0605181  0.0290985  0.0332809   179.936 -0.848121   178.576 -0.0792949 -0.0209438 0.00938052 0.0769688 0.0565928  0.096875  0.0459284 0.0485489 0.0195657 -0.00098341  0.00100949  -0.0010032 0.0569406 -0.248353  -9.80672 7.25418
 169.574 0.189276   164.09 -0.0603831  0.0290397  0.0331818   179.936 -0.848121   178.576 -0.0792604 -0.0209282 0.00935845 0.0781636 0.0560964 0.0959943   0.045868 0.0485731 0.0195285 -0.000983341    0.0010095  -0.00100326 0.0569413 -0.248353  -9.80672 7.25436
 169.574 0.189817   164.09 -0.0602547  0.0289753  0.0331007   179.936 -0.848121   178.576 -0.0792265  -0.020912 0.00934119 0.0792955 0.0555482 0.0952735  0.0458598 0.0486003   0.01951 -0.000983276   0.00100952  -0.00100331 0.0569419 -0.248353  -9.80672 7.25452
 169.574 0.189724  164.089 -0.060139 0.0289138  0.033009   179.936 -0.848121   178.576 -0.0791968 -0.0208954 0.00932044 0.0803218 0.0550265 0.0944613  0.0458079 0.0486198 0.0194567 -0.000983215   0.00100954  -0.00100336 0.0569425 -0.248353  -9.80672 7.25468
 169.575 0.189805  164.088 -0.0600291   0.028869  0.0329264   179.936 -0.848121   178.576 -0.0791688 -0.0208834 0.00930193 0.0812961 0.0546504 0.0937264  0.0457553 0.0486261 0.0194021 -0.000983158   0.00100955  -0.00100341  0.056943 -0.248353  -9.80672 7.25483
 169.575 0.189468  164.088  -0.05994 0.0288245 0.0328384   179.936 -0.848121   178.576 -0.0791469 -0.0208702 0.00928122 0.0820939 0.0542754 0.0929483  0.0457306 0.0486315 0.0193627 -0.000983109   0.00100956  -0.00100347 0.0569435 -0.248354  -9.80672 7.25496
 169.575 0.189217  164.087 -0.0598574  0.0287948  0.0327395   179.936 -0.848121   178.576 -0.0791278 -0.0208598 0.00925717 0.0828406 0.0540314 0.0920733  0.0456953 0.0486425 0.0193154 -0.000983063   0.00100957  -0.00100352 0.0569439 -0.248354  -9.80672 7.25509
160.247 3.34056 147.086  -0.0834931 -0.00229769   0.0804849   179.935 -0.850175   178.577 -0.0791109 -0.0206589 0.00932553 -0.225683 -0.237672  0.225107  0.0433479 0.0497044 0.0131197 -0.000983503   0.00101209  -0.00100214 0.0569334 -0.248378  -9.80671 7.31678
161.285  2.2241 146.872 -0.0870342 0.00513274  0.0257923   179.955 -0.744258    178.56 -0.0813133  -0.019372 0.00484322 -0.136273 -0.134603 -0.328417  -0.0549626  0.0145228 0.00570307 -0.000978715   0.00100742  -0.00104538 0.0570056 -0.248277  -9.80711 7.37208
 162.65  2.0854 146.358  -0.0918503 -0.00160004  0.00911215   179.935 -0.741512   178.562 -0.0815201 -0.0189077  0.0049245 -0.191493 -0.264929 -0.592512    -0.147115   0.0119604 -0.00546156 -0.000979554   0.00101537   -0.0010571 0.0569828 -0.248319  -9.80723 7.39071
163.148 2.18367 146.153  -0.0951785 -0.00769849 0.000375675   179.925 -0.746093   178.564 -0.0814277 -0.0190406 0.00522889 -0.218523 -0.342504 -0.666705    -0.170195   0.0141716 -0.00265193 -0.000979781   0.00101911  -0.00105909 0.0569708 -0.248343  -9.80726 7.40187
163.243 2.17818 146.838  -0.0907969 -0.00945359 -0.00640796   179.939 -0.728888   178.542 -0.0824641 -0.0189419 0.00443328 0.00216602  -0.296609  -0.581521   -0.151621 -0.0240286  0.0805629 -0.000972225   0.00101338  -0.00105602 0.0570446  -0.24833  -9.80722 7.41013
163.421 1.53344 148.953 -0.0902799 -0.0124838 -0.0336597   179.958 -0.732458   178.526 -0.0827502 -0.0179808 0.00437526 0.0225961 -0.114723 -0.529832   -0.145907 -0.0385067   0.110265 -0.00097554  0.00100594 -0.00105601 0.0570522 -0.248279   -9.8072 7.43756
162.969  1.6228 149.113  -0.0873048 -0.00909098  -0.0210074   179.983 -0.686734   178.514 -0.0834311 -0.0170259 0.00291151   0.069084 -0.0525747  -0.220255   -0.129708 -0.0249663   0.106151 -0.000973516  0.000995785  -0.00104118 0.0570845 -0.248249  -9.80708 7.45099
 162.94 1.25068 149.244  -0.0886458  -0.0119019 -0.00959241   179.987 -0.660677   178.512 -0.0833385 -0.0166984  0.0019978  0.0428591  -0.082168 -0.0214763   -0.129131 -0.0337913  0.0965044 -0.00097297 0.000993566 -0.00102794 0.0570816 -0.248253    -9.807 7.46282
162.932 1.21713 149.502  -0.0872697  -0.0134673 -0.00634204   179.989 -0.649629    178.51 -0.0834889 -0.0166244 0.00170454  0.0585175 -0.0921463  0.0236248   -0.121786 -0.0294445   0.102512 -0.000971151  0.000992165  -0.00102346 0.0570909 -0.248257  -9.80697 7.46668
162.859 1.66848 149.175    -0.08753  -0.0101481 -0.00374619   180.002 -0.650073   178.511  -0.083431 -0.0162607 0.00158143  0.0529328 -0.0338812  0.0477881        -0.11 -0.00393607   0.0885336 -0.000975934  0.000986087  -0.00102041 0.0570836 -0.248218  -9.80694 7.4709
161.947 2.40567 149.328   -0.0849198  -0.00803394 -0.000520728  -180.009 -0.657259   178.511 -0.0832682 -0.0160644 0.00168664 0.0598912 0.0104918 0.0641528  -0.0993004 0.00819997  0.0885052 -0.000981693  0.000978992  -0.00102108 0.0570775 -0.248168  -9.80694 7.47556
162.029 2.45371 149.307  -0.0849164 -0.00687331 4.72019e-05  -180.005 -0.658349    178.51 -0.0832794 -0.0159638 0.00168614  0.060566 0.0230017 0.0705767   -0.100915 0.00931681  0.0884166 -0.000983058  0.000976154  -0.00101995 0.0570784 -0.248152  -9.80692 7.47685
162.059 2.47998 149.296  -0.0849506 -0.00601555 0.000632372  -180.002 -0.658638    178.51 -0.0833118 -0.0158751 0.00166769 0.0609343 0.0321265 0.0773816   -0.101337 0.00993361  0.0884216 -0.000984047  0.000973917  -0.00101847  0.057079 -0.248141  -9.80691 7.47789
160.317 1.82615 149.419  -0.0821535 -0.00246691  0.00338387  -179.983 -0.666391   178.511 -0.0831047 -0.0159075 0.00204322 0.0617288 0.0705966 0.0559649   -0.0842526 0.000937226   0.0814049 -0.000987164  0.000966019  -0.00102108 0.0570888 -0.248093  -9.80691 7.48318
159.919 1.73686 149.699 -0.0818297 0.00119478 0.00715967  -179.961 -0.679799   178.512 -0.0828992 -0.0156314 0.00244838 0.0588942  0.103763 0.0875037   -0.0709979 -0.00581158   0.0834374 -0.000996749  0.000950705   -0.0010108 0.0570755 -0.248007  -9.80683 7.48845
157.156 1.11928 150.369 -0.0814849  0.0069838   0.011093  -179.963 -0.703777   178.519 -0.0826924  -0.015743 0.00259504 0.0390734  0.099211  0.100027  -0.0585943 -0.0133833  0.0805351 -0.00101305  0.00095561 -0.00101331 0.0569848 -0.247978  -9.80686 7.49546
157.091 1.19916 150.333 -0.0819179 0.00745504   0.011475  -179.961 -0.708893   178.521 -0.0826338 -0.0157155 0.00266284 0.034875 0.103877 0.103105  -0.0571111  -0.011917  0.0803121 -0.00101684 0.000953725 -0.00101138 0.0569695  -0.24796  -9.80685 7.49621
 154.24 1.25061 151.642 -0.0810311  0.0107438  0.0128954  -179.955 -0.715731   178.518 -0.0826132 -0.0159834 0.00274258 0.0264894 0.0780006 0.0884112  -0.0417467 -0.0126721  0.0923241 -0.00101952 0.000955685 -0.00102273 0.0569633 -0.247947  -9.80691 7.4999
153.839 1.06379 151.936 -0.0812078  0.0110933  0.0104173  -179.968 -0.717943    178.52 -0.0826062 -0.0163535 0.00243571 0.0163506 0.0578506 0.0545658  -0.0588509 -0.0196759   0.085126 -0.00102046 0.000969912 -0.00104207 0.0569406 -0.247984  -9.80704 7.5024
 153.59 1.27157 152.385  -0.081523   0.012248 0.00910641  -179.969 -0.727309   178.521 -0.0825568 -0.0165332 0.00241149 0.00634211  0.0460116  0.0370943  -0.0762797 -0.0133075  0.0881284 -0.00102577 0.000974341  -0.0010566 0.0569183 -0.247968  -9.80713 7.50418
152.358 1.96766 153.724 -0.0814027  0.0159079  0.0110662  -179.956 -0.734383   178.524 -0.0826072 -0.0165059 0.00248236 0.00467732  0.0649089  0.0405125   -0.0801253 -0.00643526   0.0848884 -0.00103166 0.000965028 -0.00105888 0.0569171 -0.247903  -9.80713 7.50833
151.134 2.01753 153.556 -0.0839129  0.0173541  0.0149434 -179.961 -0.75267  178.541   -0.08269 -0.0161623 0.00254898 -0.0192529  0.0682073   0.078451   -0.0560469 0.000537283   0.0553588 -0.00104914   0.0009588 -0.00102589 0.0568088 -0.247878  -9.80694 7.51317
 150.36 1.96525 153.639 -0.0843996  0.0184454  0.0129068  -179.959 -0.757307   178.545 -0.0825298 -0.0163528 0.00235686 -0.025881 0.0640274 0.0544873   -0.0449678 -0.00232685   0.0454862 -0.00105379 0.000968666  -0.0010517 0.0567891 -0.247868   -9.8071 7.51553
 149.51  1.9005 153.723 -0.0849533  0.0191271   0.011022  -179.962 -0.758098   178.548 -0.0824495 -0.0166153 0.00202536 -0.0314542  0.0572539  0.0318884   -0.0245909 -0.00507768     0.03446 -0.00105661 0.000980354 -0.00107141 0.0567672 -0.247881  -9.80723 7.51761
148.545 1.77106  153.82 -0.0859743  0.0190303  0.0107218  -179.974 -0.756922   178.553 -0.0824373 -0.0165276 0.00172281 -0.0384769  0.0423805  0.0316244  -0.0130555 -0.0107798  0.0210393 -0.00105856  0.00098931 -0.00107161 0.0567342 -0.247917  -9.80725 7.51868
145.817  1.9807 154.326 -0.087758 0.0234925 0.0139764  -179.931 -0.772544   178.561 -0.0822891  -0.016725 0.00214425 -0.0470502  0.0455613  0.0243504  -0.00921051  -0.0127714   0.0154057 -0.00106871 0.000956879 -0.00106368 0.0567529 -0.247755  -9.80713 7.52449
145.916 2.44471 154.174 -0.0885041  0.0233757  0.0122802  -179.943 -0.767491   178.559 -0.0822506 -0.0166084 0.00200501 -0.0502264  0.0386525 0.00349717   -0.0242526 -0.00332451   0.0129558 -0.00106641 0.000971692 -0.00108214  0.056752 -0.247791  -9.80727 7.52634
145.712 2.83579 154.053 -0.0878506  0.0237937 0.00991364  -179.936 -0.754902   178.554 -0.0820749 -0.0165192 0.00195178 -0.0437503  0.0409172 -0.0214622  -0.0287636 0.00852012   0.010347 -0.00105829  0.00097834 -0.00111088 0.0568139 -0.247784  -9.80743 7.52883
145.413  3.1726 154.104  -0.088409  0.0231258 0.00873836   -179.95 -0.749336   178.551 -0.0820449 -0.0164434 0.00191557 -0.0475007  0.0317942 -0.0309263  -0.0277272  0.0146184  0.0140551 -0.00105445 0.000991639 -0.00111701 0.0568093 -0.247842   -9.8075 7.5303
145.251 3.53386  154.15 -0.0886353  0.0228706 0.00701512  -179.956 -0.744483   178.547 -0.0819043 -0.0163219 0.00192892 -0.0472473  0.0245569 -0.0434297  -0.0358647  0.0199065  0.0184043 -0.00105057   0.0010017 -0.00113172 0.0568244 -0.247866   -9.8076 7.53205
144.548 5.07286 154.231 -0.0900908   0.025145  0.0053136  -179.931 -0.739083   178.546 -0.0819195 -0.0163406  0.0017436 -0.0528178  0.0243959 -0.0452615  -0.0402998  0.0225312  0.0184982 -0.00104786 0.000982618 -0.00113275 0.0568826 -0.247784  -9.80755 7.53524
144.592 5.09473 154.221 -0.0893066  0.0260541 0.00556806 -179.914 -0.73419  178.544 -0.0819167 -0.0163432 0.00163178 -0.0471186  0.0308899 -0.0424575  -0.0408198  0.0232172  0.0185227 -0.00104473 0.000970244 -0.00113439 0.0569286 -0.247732  -9.80752 7.53647
143.779 6.60912 154.475 -0.0917823  0.0253303 0.00475024  -179.944 -0.732894   178.539 -0.0820139 -0.0164598 0.00182039 -0.0673517  0.0219323 -0.0382335  -0.0374986  0.0266681  0.0237284   -0.001042 0.000986843 -0.00112156  0.056888 -0.247846  -9.80751 7.53918
143.636 6.32098 154.417 -0.0921097  0.0253237 0.00448152  -179.944 -0.727826   178.538 -0.0819952 -0.0164819 0.00186468 -0.0689349  0.0233875 -0.0380615  -0.040565 0.0133106 0.0103088 -0.00103654 0.000986574 -0.00112051 0.0569148 -0.247862   -9.8075 7.5396
143.446 6.51192 154.413 -0.0912038  0.0250845   0.003168 -179.938 -0.70628  178.525 -0.0818404 -0.0163462 0.00195057 -0.0595067  0.0217812 -0.0496313  -0.0421124  0.0103318 0.00620401 -0.00101853 0.000988931 -0.00113451 0.0570227 -0.247882  -9.80757 7.54121
144.033 7.55485 154.423  -0.0920406   0.0263211 0.000793794  -179.922 -0.691331   178.516 -0.0817884 -0.0162039 0.00181738 -0.0557475  0.0249647 -0.0691555  -0.0528118  0.0109337 0.00527168  -0.0010072  0.00097911 -0.00114336 0.0571145 -0.247843  -9.80758 7.54402
144.812 8.93312 154.555   -0.0911043    0.0267301 -9.65041e-05  -179.908 -0.653508   178.489 -0.0819076 -0.0163842 0.00174505 -0.0407341 0.00721679 -0.0470101  -0.0554901  0.0138074 0.00977579 -0.00097637  0.00096409 -0.00113878 0.0572949 -0.247867   -9.8075 7.54537
144.996  9.3446 154.622  -0.091973  0.0256985 0.00124813   -179.93 -0.649591   178.479 -0.0821832 -0.0169294 0.00195169  -0.0480514 -0.00885074   -0.026295  -0.0547724    0.01136  0.0104275 -0.000969604  0.000967998  -0.00111417 0.0572825  -0.24797  -9.80739 7.54728
145.185 9.76694 154.625 -0.0930741  0.0250337 0.00237495  -179.947 -0.651008   178.474 -0.0823912  -0.017316 0.00201865  -0.055711 -0.0150625 -0.0128334    -0.06312  0.0140974 0.00938022 -0.000968317  0.000968823  -0.00109427 0.0572548 -0.248032   -9.8073 7.54899
145.374  10.201 154.602 -0.0927286  0.0238514 0.00280036  -179.958 -0.633733   178.458 -0.0824017 -0.0174643 0.00216617   -0.049618   -0.023428 -0.00780748  -0.0763275  0.0211693 0.00902696  -0.0009516 0.000971576 -0.00108789 0.0573241 -0.248103  -9.80727 7.55029
146.375 11.2181 154.524 -0.0919903  0.0234654 0.00267385  -179.937 -0.604364   178.439 -0.0824223 -0.0173545 0.00189909 -0.0382367 -0.0293461 -0.0104766  -0.0840396  0.0208389 0.00656365 -0.000928541  0.000955867  -0.00109304 0.0574795 -0.248077  -9.80723 7.55114
147.828 12.7517 154.825 -0.0903106   0.024396 0.00331187  -179.895 -0.566805   178.422 -0.0825999 -0.0173347 0.00120442  -0.0202888  -0.0124884 -0.00260684  -0.0827864  0.0213361 0.00879839 -0.00090254 0.000919118 -0.00109159 0.0576722 -0.247983  -9.80709 7.55316
147.827 12.7569 154.827 -0.0888024  0.0252116 0.00383812  -179.876 -0.548338   178.413 -0.0826787 -0.0173241 0.00088978 -0.00877116 -0.00763248  0.00406521  -0.0824882  0.0220132 0.00876131 -0.000889505   0.00090247  -0.00109106 0.0577662 -0.247943  -9.80702 7.55495
148.757 14.1615  154.97  -0.088793  0.0246416 0.00568356  -179.886 -0.539195   178.403  -0.0827817  -0.0176859 0.000872457 -0.00926929 -0.00820246    0.012959  -0.085904 0.0301166 0.0142209 -0.00087982 0.000895666 -0.00106923 0.0577845 -0.247997  -9.80689 7.55688
149.233 14.8158 155.095 -0.0884831  0.0240217 0.00543762   -179.89 -0.531157   178.396  -0.0827412  -0.0176253 0.000945953 -0.00863134  -0.0118107  0.00621721  -0.0880504  0.0325674  0.0207081 -0.000873979  0.000901569  -0.00107357 0.0578131 -0.248025  -9.80693 7.55762
150.511 15.8115 155.245 -0.0879445  0.0237282 0.00533731  -179.889 -0.524887   178.381  -0.0827536  -0.0175373 0.000870386 -0.00944762  -0.0154045 0.000671432  -0.130699 0.0299519 0.0222241 -0.000865815  0.000899119  -0.00107719 0.0578655 -0.248024  -9.80693 7.55824
154.079 18.2658 155.888 -0.0870696  0.0245381  0.0052874 -179.861 -0.50391  178.374  -0.0829551   -0.017445 0.000401085  -0.0104373 -0.00105106  -0.0052527  -0.133701 0.0288491 0.0236814 -0.000852798  0.000878533  -0.00108214 0.0579727 -0.247949  -9.80687 7.55943
155.274 19.0995 155.924 -0.0864532  0.0235394 0.00553404  -179.871 -0.493181   178.361 -0.0828333 -0.0175364 0.00065833  -0.0070484 -0.00506603 -0.00608306  -0.137269 0.0318578 0.0224373 -0.000840326  0.000884335  -0.00108081 0.0580235 -0.248009  -9.80687 7.56063
156.481 19.9607 156.054  -0.086726  0.0225978 0.00658626   -179.89 -0.493554   178.354  -0.0828095  -0.0179425 0.000980727   -0.012322 -0.00720058  0.00123828  -0.149378 0.0438789 0.0226435 -0.000834262  0.000889785  -0.00106726 0.0580168 -0.248083  -9.80682 7.56207
157.543  20.722 156.414 -0.0870312  0.0219391 0.00678156  -179.896 -0.486989   178.347 -0.0827439 -0.0180166 0.00119272  -0.0178277 -0.00339611  0.00199123  -0.142897 0.0394707 0.0411176 -0.000833484  0.000896738  -0.00106459 0.0580044 -0.248123  -9.80683 7.56282
158.947 21.5606 156.576 -0.0874559  0.0225806 0.00647558  -179.891 -0.497529    178.35  -0.0828168  -0.0178933 0.000956462   -0.0224726    0.0139611 -0.000781178  -0.156171 0.0333172 0.0246406 -0.000837525  0.000891394  -0.00106769 0.0579993 -0.248081  -9.80683 7.56365
163.571 24.1448 157.299 -0.0868009   0.023958 0.00718296  -179.876 -0.467539   178.333  -0.0829016  -0.0180376 0.000813544   -0.018722   0.0383672 -0.00120299  -0.155723 0.0331798 0.0239744 -0.000811805  0.000876483  -0.00106355 0.0581373 -0.248079  -9.80673 7.56533
164.756 25.0369 157.453 -0.0877547  0.0249965  0.0101075  -179.885 -0.478076   178.328 -0.0830949 -0.0190382  0.0011121 -0.0232392  0.0494649  0.0219919  -0.151023 0.0328689 0.0221759 -0.00080659 0.000865213 -0.00102695  0.058093 -0.248115  -9.80652 7.56858
165.017 26.0142 157.353   -0.0897 0.0268541 0.0104422  -179.882 -0.506188   178.355   -0.083259  -0.0192341 0.000950029 -0.0386667  0.0726727  0.0291033  -0.130035 0.0366095 0.0128334 -0.000828113  0.000860479   -0.0010194 0.0579765 -0.248059   -9.8065 7.57129
165.454 26.7246 157.462 -0.0912215  0.0285936  0.0111707  -179.877 -0.524113   178.373  -0.0833343  -0.0194063 0.000933909 -0.0539736  0.0895784   0.038835   -0.10058 0.0270234 0.0014102 -0.000839906  0.000855962  -0.00101251 0.0579086 -0.248024  -9.80648 7.57371
166.225  27.288 157.951 -0.0915232  0.0293467  0.0112113  -179.876 -0.510348   178.358  -0.0833019  -0.0193251 0.000970978 -0.058078 0.0963178 0.0392204   -0.0811139 -0.00646835   0.0150515 -0.000833137  0.000866543  -0.00102344 0.0579533 -0.248072  -9.80654 7.57452
169.343 28.9637 158.814 -0.0920027  0.0324508  0.0127188  -179.884 -0.470984   178.335  -0.0833183  -0.0190848 0.000783663 -0.0508116   0.119351  0.0485476   -0.0830837 -0.00734644    0.015101 -0.000805865  0.000874914  -0.00103274 0.0580971 -0.248158  -9.80655 7.57801
 169.34 28.9369 158.798 -0.0909878  0.0312745  0.0122943  -179.895 -0.449963   178.321 -0.0833369 -0.0189259 0.00066131 -0.0431888   0.111211  0.0464258  -0.0835082 -0.0069717  0.0151491 -0.000791994  0.000885077    -0.001039 0.0581663  -0.24823  -9.80657 7.57962
170.998 31.7479 159.101 -0.0950607  0.0347936  0.0156789  -179.92 -0.49049  178.331  -0.0833646  -0.0190047 0.000838096 -0.0650263   0.136353  0.0577434   -0.0820468 -0.00304758   0.0155007 -0.000808082  0.000884689 -0.000997677 0.0579845 -0.248248  -9.80641 7.58598
170.926  32.452 159.057 -0.0955216  0.0376647  0.0157378  -179.902 -0.487391   178.341   -0.083331  -0.0191153 0.000772876 -0.067849   0.15302 0.0576804   -0.0671124 -0.00495582   0.0102642 -0.000811329  0.000880067  -0.00101276 0.0580141 -0.248199  -9.80648 7.58889
 171.33  32.915 159.538 -0.0965591   0.038575  0.0152951  -179.923 -0.480432   178.329  -0.0833209  -0.0190717 0.000512118 -0.070267  0.146728 0.0530802  -0.0424767 -0.0325508  0.0175869 -0.000811483  0.000905076  -0.00102533 0.0580121 -0.248313  -9.80659 7.59034
172.496 33.5756 160.414 -0.0997505  0.0423086  0.0148665  -179.954 -0.478491   178.314 -0.0836413 -0.0190864      1e-05 -0.083734  0.144509 0.0402431  -0.0397801 -0.0384059  0.0182274 -0.000819431  0.000934865  -0.00104336 0.0579842 -0.248438  -9.80674 7.59527
172.431 34.3382 160.611 -0.0991349  0.0427595  0.0182355  -179.971 -0.441242   178.298  -0.0833952  -0.0185038 -0.00024572 -0.0589218    0.13558  0.0643218  -0.0349366 -0.0383753   0.017003 -0.000782668  0.000934373  -0.00101897 0.0580873 -0.248522  -9.80652 7.59872
172.291 35.0042 160.345 -0.100138 0.0446762 0.0186518  -179.973 -0.442666   178.299   -0.0834529   -0.0185653 -0.000301365 -0.0620288   0.137234  0.0631539  -0.0321217 -0.0374036  0.0128878 -0.000785941  0.000937598  -0.00102307 0.0580793  -0.24853  -9.80655 7.60092
172.345 35.7993  160.39 -0.100284 0.0465882 0.0191583  -179.973 -0.428821   178.298     -0.08352   -0.0185993 -0.000438368 -0.0539636   0.136093  0.0584716  -0.0217529 -0.0298997 0.00434961 -0.000780822   0.00094003  -0.00103066 0.0581206 -0.248549  -9.80657 7.60291
172.338 36.2243 160.696 -0.100484 0.0470046 0.0176649  -179.992 -0.413665   178.286    -0.083842    -0.018766 -0.000994258 -0.044599     0.118 0.0465162  0.00337204 -0.0490242 0.00942108 -0.000780909  0.000963197  -0.00105275 0.0581509 -0.248661   -9.8067 7.60447
172.628 36.1964 161.486 -0.099965 0.0484645 0.0178373   180.011 -0.372084   178.266  -0.0843443  -0.0187049 -0.00184274 -0.0384007  0.0934377  0.0550756  0.00289873 -0.0555702  0.0102363 -0.000763895  0.000984047  -0.00107243 0.0582555 -0.248794  -9.80675 7.60603
173.227 36.2189 161.532 -0.0980558    0.04809  0.0192021   179.996 -0.328835   178.255  -0.0845011  -0.0183866 -0.00251057 -0.0170653  0.0694523  0.0527341  -0.00208167  -0.0572165  0.00802315 -0.000736244  0.000991826  -0.00107349 0.0583692 -0.248878  -9.80667 7.60841
173.795 36.7324  161.73 -0.0985543   0.049242  0.0193145   179.997 -0.331697   178.255    -0.08457  -0.0184647 -0.00249002 -0.0159639   0.064134  0.0375193  -0.00409074  -0.0491825  0.00723774 -0.000741438   0.00099321  -0.00107795 0.0583582 -0.248877  -9.80671 7.60967
174.394 37.2311 161.924 -0.0990611  0.0500675  0.0189583  179.993 -0.33444  178.255  -0.0846708  -0.0185246 -0.00253091 -0.0141699  0.0619753  0.0226044  -0.00739814  -0.0356365   0.0015246 -0.000748264  0.000997725  -0.00108433 0.0583423 -0.248891  -9.80677 7.6107
174.798 37.4165 162.414 -0.0979844  0.0493257  0.0187702   179.978 -0.308883   178.238  -0.0848813  -0.0184368 -0.00289962 0.000315992   0.0510824   0.0169227   0.0100297 -0.0431215  0.0102578 -0.00073593  0.00101139 -0.00109414 0.0584044  -0.24898  -9.80677 7.61202
175.077 37.4378 163.222 -0.0969981    0.04935  0.0185356   179.96 -0.28707  178.223  -0.0851453  -0.0183847 -0.00330254 0.00462382  0.0399152  0.0135903   0.0127025 -0.0458156  0.0103971 -0.000727944   0.00102685  -0.00110641 0.0584539 -0.249073  -9.80679 7.61303
175.083  37.118 163.296 -0.0962054  0.0486889  0.0177505   179.945 -0.270302   178.211  -0.0854307  -0.0183592 -0.00362773  0.0112757  0.0273058 0.00344073   0.0125414 -0.0486975 0.00839243 -0.000724556    0.0010407  -0.00111917 0.0584883 -0.249153  -9.80684 7.61433
174.918 37.0769 163.179 -0.0961219  0.0486346  0.0173818   179.941 -0.269184   178.205  -0.0855056  -0.0183661 -0.00368617   0.0147121   0.0199621 -0.00259626     0.0160289   -0.0468946 -5.20378e-05 -0.000727257   0.00104688  -0.00112229 0.0584778 -0.249182  -9.80686 7.61471
174.798 37.0779 162.996 -0.0962375  0.0489219  0.0172615   179.945 -0.274176   178.203  -0.0854653  -0.0183929 -0.00363955   0.0162354   0.0139294 -0.00600731   0.0179761 -0.0358464 -0.0129889 -0.000732414   0.00104928  -0.00111997 0.0584452 -0.249186  -9.80687 7.61504
174.719 36.7909 163.152 -0.0955093  0.0480608  0.0170323   179.931 -0.264937    178.19  -0.0856115  -0.0182995 -0.00389798  0.0278934 0.00103477 -0.0120983    0.0265986  -0.0413697 -0.00819841 -0.00072435  0.00105895 -0.00112161 0.0584696 -0.249246  -9.80685 7.61619
174.738 36.2309 163.324 -0.0951164  0.0460782   0.016169  179.904 -0.26785  178.166  -0.0858173  -0.0182497 -0.00408092   0.0244136  -0.0332678 -0.00598359    0.0252644  -0.0428754 -0.00790591 -0.000728799   0.00108212  -0.00112547 0.0584297 -0.249359  -9.80688 7.61839
 176.38 36.6453 163.919 -0.0931313  0.0448472  0.0166135  179.906 -0.24046  178.172  -0.0858791  -0.0181787 -0.00436845   0.0335767  -0.0667351 -0.00134071   0.0211023 -0.0395031 -0.0063523 -0.000707013   0.00107768  -0.00112284 0.0585175 -0.249361  -9.80678 7.62077
178.139 37.1145 164.644 -0.0934822  0.0430365  0.0166661   179.888 -0.251239   178.162  -0.0858452  -0.0182343 -0.00426753   0.0309538  -0.0837951 -0.00568136  0.00692966 -0.0320515 0.00148974 -0.000712136    0.0010904  -0.00111747 0.0584595 -0.249416  -9.80678 7.62262
179.557 37.8018 165.314 -0.0943001  0.0412579  0.0168755  179.873 -0.27346  178.153    -0.08576  -0.0183287 -0.00408994   0.0208776  -0.0815116 -0.00214436  0.00214511 -0.0182116 0.00425633 -0.000720862   0.00110238   -0.0011067 0.0583704 -0.249461  -9.80677 7.62458
-179.411  38.0629  166.126 -0.0933848  0.0402416  0.0168683   179.879 -0.259443   178.158  -0.0858034  -0.0183157 -0.00416689  0.0185342 -0.0658349 0.00723813   0.0124097 -0.0199846 0.00806855 -0.000715745   0.00109731  -0.00111047 0.0584109 -0.249443  -9.80676 7.62595
-178.795  37.8554  167.191 -0.0934065  0.0378109   0.016277   179.866 -0.270835   178.144  -0.0857115  -0.0182316 -0.00404394  0.0190145 -0.0390162 -0.0109671   0.0156473 -0.0229717 0.00785095 -0.000730158   0.00111045  -0.00111914 0.0583609 -0.249499  -9.80685 7.62845
-179.034  37.7197  167.421 -0.0925501  0.0372436  0.0156362    179.87 -0.263452   178.147  -0.0857724   -0.018238 -0.00408017  0.0310925 -0.0221803 -0.0239672   0.0208399  -0.025364 0.00499395 -0.000729958   0.00110829  -0.00112563  0.058386 -0.249491  -9.80687 7.62966
-179.755   37.781   166.95 -0.0923218  0.0379622  0.0159424  179.886 -0.27095   178.16  -0.0857284  -0.0182699 -0.00402926  0.0383285 -0.0106097 -0.0284823     0.0248806   -0.0251086 -0.000303358 -0.000727045   0.00109569  -0.00111083 0.0583679 -0.249423  -9.80681 7.63048
179.798 37.7972  166.47 -0.0919054  0.0379633  0.0156364   179.891 -0.274963   178.162    -0.08569  -0.0182777 -0.00400742  0.0437073 -0.0142664 -0.0285502   0.0260906 -0.0225227 -0.0108619 -0.000729417   0.00109449  -0.00110477 0.0583401 -0.249411  -9.80679 7.63099
179.527 37.4875 166.575 -0.090926 0.0377999 0.0154119 179.892 -0.2728 178.164  -0.0856928  -0.0182736 -0.00400569  0.0500068 -0.0217617 -0.0242647    0.0339116  -0.0306396 -0.00597464 -0.000723165   0.00109111  -0.00110412 0.0583685   -0.2494  -9.80677 7.63201
179.113  36.575 166.638 -0.0893181  0.0369925  0.0142975   179.894 -0.273337   178.168  -0.0857385   -0.018342 -0.00394812  0.0548002 -0.0402306 -0.0259522    0.0336219  -0.0359368 -0.00617305 -0.000728036   0.00108966  -0.00111082 0.058372 -0.24939 -9.80681 7.63413
178.562 35.5044 166.609 -0.0881106  0.0362932   0.013405   179.898 -0.274832   178.172  -0.0857795   -0.018432 -0.00383644  0.0613133 -0.0510194 -0.0284717    0.0342227  -0.0385651 -0.00642959 -0.000733389   0.00108674  -0.00111728 0.0583744 -0.249373  -9.80686 7.63579
178.202 35.1154 166.293 -0.0869779  0.0355598  0.0141333   179.903 -0.276155   178.179 -0.0855233 -0.0182436 -0.0039014  0.0669128 -0.0569779 -0.0196268    0.0333966  -0.0382856 -0.00829271 -0.000721203   0.00108108  -0.00109755 0.0583694 -0.249348  -9.80674 7.63732
178.113 34.6206 166.218 -0.0866866  0.0344133  0.0147142   179.898 -0.293619   178.175  -0.0852835  -0.0181199 -0.00387727  0.0660773 -0.0667238  -0.014631    0.0320518  -0.0387381 -0.00851323 -0.00072063  0.00108491   -0.001078 0.0583039 -0.249359  -9.80665 7.63864
178.239  33.721 166.544 -0.0857842  0.0337702  0.0142969   179.903 -0.298134   178.181  -0.0852833  -0.0181976 -0.00371909  0.0702664 -0.0736085 -0.0170753     0.031211  -0.0408482 -0.00676601 -0.000725973   0.00107944  -0.00108178 0.0583009 -0.249327  -9.80669 7.63982
179.082 30.9437 166.703 -0.0830474  0.0317321   0.013375   179.907 -0.280484   178.197  -0.0855537  -0.0181317 -0.00398259  0.0809086  -0.085447 -0.0186912    0.0266269  -0.0486728 -0.00723591 -0.000719166   0.00107265  -0.00108871 0.0583621 -0.249304   -9.8067 7.64336
179.293 28.3848 166.631 -0.0808202   0.029218  0.0121155  179.906 -0.27388  178.197  -0.0859908  -0.0181185 -0.00398704  0.0927212 -0.0936889 -0.0208562    0.0260869  -0.0514431 -0.00818409 -0.000723047   0.00107457  -0.00109978 0.0583792 -0.249314  -9.80676 7.64694
178.984 27.2123 166.281 -0.0791135  0.0282871  0.0137721  179.918 -0.29189  178.201   -0.084836  -0.0181644 -0.00386592   0.102921 -0.0872468 -0.0182318   0.0274595 -0.0507439 -0.0115902 -0.000715489   0.00106854  -0.00107239 0.0583299  -0.24928  -9.80662 7.6495
179.038  25.865 166.091 -0.0772982  0.0270356  0.0149902   179.916 -0.299291   178.213  -0.0840487  -0.0181603 -0.00390408   0.111162 -0.0950135 -0.0101049   0.0209535 -0.0545703 -0.0112085 -0.000706714   0.00106652   -0.0010514  0.058303 -0.249271   -9.8065 7.65202
 179.38 24.3682  166.09 -0.0764023  0.0260399  0.0146982   179.909 -0.307346   178.228  -0.0841212  -0.0182383 -0.00356688   0.112218  -0.108143 -0.0061843   0.0122609 -0.0657574 -0.0056192 -0.00071561  0.00106237 -0.00105575 0.0582836 -0.249242  -9.80655 7.65339
-179.649  20.4763  166.291 -0.0707366  0.0232382  0.0151064   179.933 -0.292302   178.256 -0.0837206 -0.0181999 -0.0041806  0.140053 -0.124906 0.0127004    0.0117241   -0.066528 -0.00489844 -0.000701613   0.00103864  -0.00104632 0.0583471 -0.249133  -9.80647 7.65972
-179.352  17.7078  166.466 -0.0679495  0.0196675   0.016142   179.922 -0.317881   178.234  -0.083327  -0.018391 -0.0032308    0.161594   -0.127925 -0.00148183    0.0148159   -0.064635 -0.00306474 -0.000712871   0.00104909  -0.00104426 0.0582744 -0.249171  -9.80649 7.66437
179.997 16.3911 166.256 -0.0662526  0.0192007  0.0151482   179.946 -0.317696   178.233  -0.0841705  -0.0184157 -0.00295156   0.181283  -0.114108 -0.0162012    0.0231664  -0.0617697 -0.00578133 -0.000721088   0.00103512  -0.00105379 0.0582839 -0.249092  -9.80657 7.66639
179.482 14.9104 166.029 -0.0634262  0.0179593  0.0154606   179.953 -0.318329   178.236  -0.0837411  -0.0184316 -0.00300197   0.192176  -0.117639 -0.0141782   0.0249651 -0.0628184  -0.007156 -0.000717471   0.00103067  -0.00104811 0.0582879 -0.249072  -9.80653 7.66949
179.917 13.3866 166.045 -0.0612648  0.0160118  0.0166179   179.946 -0.338093   178.229  -0.0829991  -0.0185933 -0.00245765    0.191119   -0.135917 -0.00732682    0.0229949   -0.062863 -0.00671579 -0.00071995  0.00103801 -0.00103591 0.0582302 -0.249101  -9.80647 7.67262
-179.558  11.2125  166.063 -0.058115 0.0145802 0.0165818   179.969 -0.367641   178.238  -0.0828728  -0.0187606 -0.00171389   0.204534  -0.125594 -0.0282497    0.0231857  -0.0617787 -0.00675369 -0.000737322     0.001023  -0.00103268 0.0581569 -0.249005  -9.80652 7.67608
179.912 8.31347 165.985 -0.0548331  0.0105227  0.0169561   179.965 -0.459227   178.207   -0.0825187   -0.0191152 -0.000126992   0.200622  -0.116546 -0.0410343    0.0247971  -0.0601331 -0.00625012 -0.000781168   0.00103568  -0.00100498 0.0578598 -0.249009  -9.80649 7.68131
179.532 7.04602 165.955 -0.0513312 0.00852664  0.0173195   179.964 -0.456119   178.205   -0.0822295   -0.0190832 -0.000179465  0.209954 -0.123531 -0.035268    0.0258694  -0.0590138 -0.00614625 -0.000771309   0.00103681 -0.000992633 0.0578747 -0.249019   -9.8064 7.68536
 179.73 6.08787 166.084 -0.0486998 0.00629444  0.0167814   179.953 -0.451561   178.201   -0.0822519   -0.0190575 -0.000279329   0.213837  -0.139382 -0.0444227    0.0245596  -0.0580771 -0.00547536 -0.000768953   0.00104432 -0.000993882 0.0578812 -0.249061   -9.8064 7.68885
179.762 6.09607 166.086 -0.0486395 0.00578767  0.0167592   179.945 -0.448939   178.197  -0.0822633  -0.0190425 -0.00033953   0.214271  -0.144202 -0.0439511     0.024284  -0.0580127 -0.00542361 -0.000767462   0.00104985  -0.00099452  0.057884 -0.249091   -9.8064 7.68936
-179.938  4.16264  166.061 -0.0466682 0.00579595  0.0156531   179.999 -0.538247   178.209   -0.082687  -0.0191349 5.86971e-05   0.184355 -0.0927713  -0.062598     0.024922  -0.0557193 -0.00591204 -0.000813426   0.00101603 -0.000955756 0.0576101 -0.248854  -9.80632 7.69162
179.919 2.28186 165.906 -0.0464835 0.00527483  0.0145201  -180.002 -0.629882   178.206   -0.0835735   -0.0191188 -5.92544e-05   0.131841 -0.0712829 -0.0309199    0.0252894  -0.0530774 -0.00561806 -0.000861626   0.00100311 -0.000912389 0.0572999  -0.24872   -9.8062 7.69289
179.688 1.64413 165.883 -0.0457897 0.00515225  0.0136282  -179.993 -0.645997   178.205   -0.0836658   -0.0191145 -0.000168971   0.124637 -0.0638337 -0.0327517    0.0263121  -0.0516061 -0.00574048 -0.000873203  0.000998012  -0.00091165 0.0572444 -0.248682  -9.80622 7.69402
  179.22 0.948591  165.894 -0.0438584 0.00541433  0.0141156 -179.979 -0.64526    178.2    -0.083724   -0.0191268 -5.24298e-05   0.132216 -0.0514301  -0.024664    0.0353328  -0.0502305 -0.00585676 -0.000868348   0.00098891 -0.000903198 0.0572648 -0.248636  -9.80617 7.69603
 178.801 0.318568  165.894 -0.0420971 0.00455853  0.0141045  -179.982 -0.643613   178.196  -0.0837358  -0.0191199 -2.7395e-05   0.138333 -0.0514353 -0.0183289    0.0386589  -0.0486739 -0.00501216 -0.000865815  0.000990253  -0.00090148 0.0572743 -0.248644  -9.80616 7.69799
  178.528 -0.272836   165.737 -0.0436441 0.00809922  0.0136803  -179.934 -0.689338   178.198   -0.0842087   -0.0191052 -0.000342785   0.111707  -0.018299 -0.0111294    0.0288354  -0.0347917 -0.00766423 -0.000898336  0.000965144 -0.000887105 0.0571095 -0.248478  -9.80613 7.70188
 178.407 -2.58866  165.387 -0.0403003  0.0113702  0.0130194   -179.88 -0.717751   178.202   -0.0843087   -0.0192326 -0.000294383   0.0931143  -0.0131025 -0.00424673   0.0272397 -0.0347331 -0.0072747 -0.000916702   0.00093279 -0.000887198 0.0570424 -0.248294  -9.80616 7.7066
 178.822 -3.81876  165.301 -0.0421278  0.0108907   0.015637  -179.893 -0.750262   178.203   -0.0845891   -0.0192609 -0.000143047  0.0705009 -0.0222127  0.0149872    0.0242861  -0.0386887 -0.00742912 -0.000931557  0.000940999 -0.000854837 0.0569352 -0.248312  -9.80598 7.70983
 178.846 -4.53453  165.307 -0.0414166  0.0112154   0.016419  -179.887 -0.754037   178.201   -0.0846111   -0.0192711 -5.95369e-05  0.0759921 -0.0134152  0.0141512    0.0259393   -0.038659 -0.00722756  -0.00093223  0.000937064 -0.000848179 0.0569309  -0.24829  -9.80594 7.71093
178.789 -4.5299 165.317 -0.0417361  0.0115722  0.0167949  -179.883 -0.758628     178.2   -0.0846435   -0.0192799 -5.24259e-06  0.0736266 -0.0107157  0.0169161     0.026788  -0.0386376 -0.00699789 -0.000934136  0.000934957  -0.00084412 0.0569202 -0.248276  -9.80592 7.71154
 178.754 -4.52948  165.328 -0.0420621  0.0118942  0.0170638  -179.881 -0.762702   178.199  -0.0846752   -0.019288 3.71474e-05   0.0712237 -0.00825503   0.0188976   0.0273143 -0.0386823 -0.0067806 -0.000936233  0.000933123 -0.000841133  0.056909 -0.248263   -9.8059 7.71207
 177.432 -8.57716  165.745 -0.0393803 0.00937582   0.016975  -179.912 -0.799932   178.198   -0.0849349   -0.0192109 -0.000303915  0.0919257 -0.0236292 -0.0152048   0.0274435 -0.0388851  -0.006148 -0.000962026  0.000952257 -0.000839201 0.0567622 -0.248333  -9.80587 7.71575
 177.376 -8.68567  165.859 -0.0394618  0.0103878  0.0157248  -179.898 -0.817177   178.195   -0.0849687   -0.0191957 -0.000457743  0.0791074 -0.0184061  -0.025098    0.0280474  -0.0357577 -0.00545358 -0.000974435  0.000944467 -0.000849591 0.0567063 -0.248281  -9.80593 7.71736
 177.417 -8.62341   165.87 -0.0413667  0.0114765  0.0155477  -179.889 -0.837761   178.193   -0.0851399   -0.0191339 -0.000623155  0.0625977 -0.0072779 -0.0247811     0.027965  -0.0354646 -0.00523652 -0.000988498  0.000939548 -0.000849474 0.0566387  -0.24824  -9.80592 7.71957
 177.463 -9.60805    166.2 -0.0417327  0.0119596  0.0139764  -179.884 -0.859416   178.191   -0.0852136   -0.0190698 -0.000832345    0.050994 -0.00864941  -0.0252437    0.0287493  -0.0350455 -0.00450378 -0.00100379 0.000936761 -0.00085936 0.056564 -0.24821 -9.80597 7.72125
 176.912 -9.38872  166.315 -0.0427753  0.0118328  0.0128065  -179.887 -0.876461   178.188  -0.0851998   -0.019047 -0.00105199   0.0395935 -0.00781096  -0.0327979    0.0327961  -0.0297502 -0.00412238 -0.00101619 0.000939604 -0.00086731 0.0564999 -0.248212    -9.806 7.72282
  172.59 -10.4147  166.339 -0.0538621 0.00789523 0.00944602  -179.937 -0.958009   178.199  -0.0855068  -0.0188095 -0.00259819   -0.075969  -0.0527484 -0.00894343    0.0372811  -0.0294208 -0.00493821  -0.00107641   0.00097068 -0.000883973 0.0561747 -0.248308  -9.80602 7.73506
 170.705 -10.0572  166.648 -0.0542148  0.0104229 0.00988191  -179.91 -0.96321  178.182 -0.0855361 -0.0189355 -0.0022213  -0.074664 -0.0258806 -0.0120331    0.0411359  -0.0253477 -0.00275028  -0.00107594  0.000955569 -0.000883946 0.0561933  -0.24823  -9.80601 7.73765
 169.464 -10.1327  166.742 -0.0550068   0.010353  0.0103397  -179.907 -0.962318   178.179  -0.0855969  -0.0188791 -0.00215738 -0.0787932 -0.0318609  -0.010729    0.0414024  -0.0241998 -0.00270751  -0.00107562  0.000953429 -0.000879928 0.0561979  -0.24822  -9.80599 7.73856
 168.643 -10.0551   166.82 -0.0567849 0.00921811 0.00867669  -179.914 -0.967826   178.174  -0.0854637  -0.0189789 -0.00235651 -0.0893639 -0.0487599 -0.0319426    0.0369915  -0.0195382 -0.00239327  -0.00107909  0.000957844 -0.000889811 0.0561738 -0.248236  -9.80604 7.74125
 167.822 -9.70685  166.845 -0.0574054 0.00980003 0.00807299  -179.902 -0.966722   178.166  -0.0854058  -0.0190789 -0.00216619  -0.087382  -0.047686 -0.0450182    0.0358606  -0.0169013 -0.00241529   -0.0010776  0.000951465 -0.000892446 0.0561866 -0.248204  -9.80606 7.74229
 166.733 -8.58433  167.026 -0.0640244  0.0119459 0.00697503  -179.869 -0.984606   178.152  -0.0856127  -0.0191104 -0.00239876  -0.126183 -0.0373624 -0.0310503    0.0346451  -0.0157566 -0.00193427  -0.00109185  0.000930513 -0.000885227 0.0561417 -0.248089  -9.80599 7.74934
 166.945 -8.59417  166.836 -0.0680212  0.0129049 0.00711121  -179.864 -0.997366    178.15  -0.0856915  -0.0191491 -0.00263522  -0.145468  -0.026457 -0.0201863     0.027502  -0.0214529 -0.00907764  -0.00110421  0.000924861 -0.000881791 0.0560909 -0.248052  -9.80596 7.75345
 166.951 -8.43285  166.734  -0.069222  0.0116025 0.00611942  -179.871 -0.992747   178.152  -0.0856102  -0.0190907 -0.00256967  -0.145766 -0.0331198 -0.0238049   0.0223705  -0.020496 -0.0105197   -0.0011012  0.000929079 -0.000887028 0.0560977 -0.248072  -9.80599 7.75548
 167.006 -8.43614  166.721 -0.0688143  0.0109104 0.00567049  -179.875 -0.988648   178.153  -0.0855624  -0.0190552 -0.00250967  -0.142923 -0.0377374 -0.0277079   0.0203374 -0.0205252  -0.011068  -0.00109816  0.000931742 -0.000889865 0.0561077 -0.248086  -9.80601 7.7564
 167.038 -8.43779  166.716 -0.0684585  0.0102538 0.00547143   -179.88 -0.985003   178.154   -0.085541  -0.0190369 -0.00245302  -0.140412 -0.0423548 -0.0297185   0.0191279 -0.0206014 -0.0112649 -0.00109552 0.000934341 -0.00089094 0.0561169   -0.2481  -9.80602 7.75717
 164.403 -7.06566   166.18 -0.0788778 0.00980207 0.00529153  -179.841 -0.982005   178.136  -0.0855396  -0.0190918 -0.00258989   -0.168318  -0.0548318 -0.00144069   0.0186727 -0.0202753 -0.0118285  -0.00109573  0.000909201 -0.000883096 0.0561436 -0.247983  -9.80597 7.7676
 165.218 -6.68351  166.052  -0.0816318   0.0104332 -0.00244888  -179.822 -0.993209   178.132    -0.08497  -0.0184017 -0.00262893  -0.179899 -0.0426531  -0.073145   0.0150743 -0.0207499  -0.012923  -0.00108903   0.00090742 -0.000959846 0.0561309 -0.247905  -9.80636 7.77584
 166.18 -6.3752 165.678  -0.0826324  0.00855131 -0.00214176  -179.835 -0.981845   178.133  -0.0850703  -0.0185269 -0.00247907   -0.17843 -0.0563611 -0.0701907   0.0114442 -0.0203286 -0.0141689  -0.00108343  0.000912843 -0.000947582 0.0561585 -0.247947  -9.80631 7.778
 166.768 -6.10731  165.444 -0.0843367 0.00679226 -0.0023576  -179.846 -0.975588   178.136  -0.0851305   -0.018622 -0.00233696  -0.178889 -0.0656445  -0.065956   0.0101656 -0.0204112 -0.0148788  -0.00107988  0.000918048 -0.000941039  0.056174 -0.247981  -9.80629 7.78046
 167.379 -5.95627  165.447  -0.0853166   0.0072182 -0.00369774   -179.83 -0.967862   178.127  -0.0850979  -0.0184689 -0.00252573  -0.168939 -0.0550422 -0.0607253  0.00900758 -0.0213806 -0.0145651  -0.00107497  0.000908089 -0.000943694 0.0562023 -0.247932  -9.80631 7.78217
 168.175 -5.88136  165.477 -0.0879011 0.00782814  -0.005995 -179.793 -0.92538  178.102  -0.0851711  -0.0184336 -0.00297588  -0.127155 -0.0126492 -0.0455496  0.00855454 -0.0226759  -0.013219  -0.00104993  0.000881601 -0.000929755 0.0563422 -0.247834  -9.80629 7.78568
 167.978 -5.76783  165.597  -0.0863403    0.010054 -0.00548651  -179.763 -0.901458   178.083  -0.0852126   -0.018541 -0.00324993 -0.0966036 0.00680988 -0.0368118     0.012104  -0.0216767 -0.00763967  -0.00103636  0.000860283 -0.000912598 0.0564299 -0.247759  -9.80622 7.78845
 167.747 -5.50319  165.608  -0.0851156   0.0106572 -0.00153788  -179.755 -0.884012   178.073  -0.0851607  -0.0189182 -0.00331287 -0.0814614 0.00579138 -0.0074509     0.019563  -0.0154265 -0.00505686  -0.00103247  0.000847611 -0.000867784 0.0564819 -0.247756  -9.80601 7.79263
 167.833 -5.17514   165.61  -0.0849619  0.00953237 8.24597e-05  -179.766 -0.871737   178.073  -0.0851422  -0.0190703 -0.00326708  -0.0745547 -0.00698474 0.000132813    0.0184464  -0.0130115 -0.00429602  -0.00102815  0.000850422 -0.000847814 0.0565083 -0.247796  -9.80592 7.7946
 168.016 -4.80387  165.743  -0.0850289    0.010946 0.000713752 -179.748 -0.86651  178.065  -0.0851993  -0.0191212 -0.00336567 -0.0672018  0.0007664 0.00102037    0.0177067  -0.0116763 -0.00333036  -0.00102599   0.00083814 -0.000841057 0.0565311 -0.247746  -9.80588 7.79615
 169.523 -3.76281  166.353 -0.0851938  0.0149556 0.00156424  -179.689 -0.841655   178.036  -0.0854425  -0.0192166 -0.00367526 -0.0538227   0.026645  0.0139629    0.0164388  -0.0127148 -0.00246992 -0.00101083 0.000801424 -0.00083253 0.0566314 -0.247589  -9.80584 7.80026
 170.017 -2.75487   166.31  -0.0845742   0.0164278 0.000332074  -179.673 -0.829941   178.034  -0.0854283  -0.0191261 -0.00377247  -0.0418292   0.0442074 0.000471698    0.0159394 -0.00011264 -0.00455368  -0.00100051   0.00079446 -0.000850912 0.0566784 -0.247543  -9.80594 7.80227
 170.178 -1.86826  166.357 -0.0814142  0.0171784 0.00144343  -179.661 -0.789301   178.027  -0.0854539  -0.0193278 -0.00376206 -0.0168349  0.0500922 0.00480246     0.0195532    0.0148223 -0.000760944  -0.00097724  0.000785524 -0.000834044  0.056796 -0.247536  -9.80589 7.80571
  170.416 -0.670461   166.438 -0.0809061  0.0172965 0.00155876 -179.667 -0.77836  178.027  -0.085414 -0.0193714 -0.0036932 -0.0134921  0.0468033 0.00387412    0.0194666   0.0172793 0.000307836 -0.000970463  0.000789227 -0.000832592 0.0568242 -0.247561   -9.8059 7.80624
  170.598 0.0717209   166.319 -0.0804356  0.0180964 0.00167792   -179.66 -0.772164   178.023  -0.0854152  -0.0193961 -0.00367113 -0.0114272  0.0461683 0.00671544      0.019334    0.0181056 -0.000204652 -0.000966269  0.000784699 -0.000832399 0.0568478 -0.247543   -9.8059 7.80718
172.647  3.2802 166.736 -0.0789842   0.022546 0.00246412  -179.605 -0.748742       178  -0.0854806   -0.019468 -0.00366783 -0.0119032  0.0398954  0.0147179     0.0187221     0.017737 -3.46599e-05 -0.000950435   0.00075238 -0.000834149 0.0569473   -0.2474   -9.8059 7.81192
173.942 4.73102 167.018 -0.0782266  0.0263238 0.00320076  -179.549 -0.743772   177.982  -0.0857151  -0.0195122 -0.00387823 -0.00669501   0.0613655   0.0181745   0.0140147  0.0227808 0.00169223 -0.000948369  0.000718818 -0.000826619 0.0569822 -0.247247  -9.80585 7.81584
174.623 5.89572 167.247 -0.0763943  0.0253998 0.00391411  -179.572 -0.708888   177.989  -0.0855994  -0.0196321 -0.00358474 0.00182235  0.0537921  0.0200928   0.0136131  0.0313472 0.00357745 -0.000927203   0.00073062 -0.000819114  0.057072 -0.247328  -9.80584 7.81802
  175.2 7.07176 167.403 -0.0747676  0.0253672 0.00232929  -179.576 -0.689143   177.995  -0.0851076  -0.0194743 -0.00343784 0.00853254  0.0608667 0.00285137   0.0144827  0.0384094 0.00296377 -0.000912006  0.000736923 -0.000856517 0.0571413 -0.247342  -9.80605 7.82029
175.682 8.45144 167.475 -0.0734094  0.0251589 0.00238011   -179.59 -0.667461   177.994  -0.0849335  -0.0195115 -0.00320438  0.0121364  0.0622968 0.00190109   0.0143213  0.0392488 0.00250449 -0.000897169  0.000744459 -0.000859738  0.057207 -0.247389  -9.80608 7.82166
177.774 12.4304 168.046 -0.0729269  0.0282792 0.00299828 -179.576 -0.65743  177.988  -0.0848499  -0.0195036 -0.00316424 -0.0255421   0.065683  0.0364819   0.0136673  0.0391139 0.00260868 -0.000890634   0.00073745 -0.000866707 0.0572447 -0.247356  -9.80612 7.82488
178.735 13.2729 168.571 -0.0717026  0.0278827 0.00368921    -179.6 -0.619572   177.982  -0.0845917  -0.0194938 -0.00296191 -0.0281957  0.0629995   0.047976   0.0141273  0.0339875 0.00404958  -0.00086755   0.00075341 -0.000874362 0.0573442 -0.247446  -9.80618 7.82634
179.046 13.8639 168.641  -0.073054  0.0301995 0.00221445  -179.578 -0.644784   177.986  -0.0844817  -0.0194125 -0.00309853 -0.0377667  0.0878514  0.0303618     0.0189831    0.0262242 -0.000682133 -0.000881986  0.000746168 -0.000921478 0.0572947 -0.247373  -9.80641 7.8294
178.903 14.4617 168.611  -0.0730597   0.0317456 0.000622159  -179.567 -0.644113   177.997  -0.0843242  -0.0194203 -0.00315647 -0.0392409   0.101031  0.0152834   0.0280359  0.0242629 -0.0063831 -0.000881459  0.000742473 -0.000963562 0.0573139 -0.247334  -9.80662 7.83162
178.801 15.2298 168.756   -0.0739328    0.0340716 -0.000452461  -179.551 -0.655572   178.007  -0.0842042  -0.0194808 -0.00319578  -0.047294   0.117154 0.00662297   0.0353079  0.0189869 -0.0086828 -0.000888754  0.000737913 -0.000993019 0.0572934 -0.247292  -9.80677 7.83433
178.309 17.5004 169.497  -0.0757658   0.0364464 0.000193831  -179.595 -0.639098    178.01  -0.0841526  -0.0193504 -0.00338778 -0.0712454   0.118284   0.014548    0.0361841   0.0189311 -0.00808355 -0.000879052  0.000760111 -0.000979407 0.0573188 -0.247411  -9.80671 7.8374
178.196 18.5063 169.988  -0.0767524   0.0374408 0.000308721   -179.63 -0.616158    178.01  -0.0840302   -0.019342 -0.00363179 -0.0825282   0.100059  0.0213526    0.0361829   0.0182395 -0.00783918 -0.000866164  0.000779034 -0.000981795 0.0573696  -0.24751  -9.80673 7.8388
 177.75 18.9236 170.063  -0.0777837   0.0388694 0.000183858  -179.628 -0.615724   178.013  -0.0840245  -0.0194285 -0.00363163 -0.0876733   0.102989  0.0201315   0.0385022  0.0168524 -0.0086135 -0.000866646  0.000779402 -0.000991111 0.0573723 -0.247508  -9.80678 7.84057
177.397 19.6789 170.164  -0.0790813   0.0403358 0.000189622   -179.63 -0.616935   178.016  -0.0840319  -0.0194797 -0.00363932 -0.0901372   0.105719  0.0144251   0.0432161  0.0190747 -0.0108866 -0.000869193  0.000779664 -0.000996505 0.0573641 -0.247506  -9.80681 7.84253
177.088 20.2739 170.304  -0.0806063    0.041211 0.000321346  -179.641 -0.621339    178.02  -0.0840514  -0.0194206 -0.00374111 -0.0919303   0.106064   0.012873   0.0443117  0.0169053 -0.0124462 -0.000872506  0.000784933 -0.000994097 0.0573439 -0.247529   -9.8068 7.84429
176.474 22.1518 170.627  -0.0832731   0.0432126 0.000927376  -179.663 -0.604246   178.018  -0.0840301  -0.0193263 -0.00397375 -0.105988 0.0786606 0.0205003   0.0438438  0.0168568 -0.0126157 -0.000862699  0.000794876  -0.00098861 0.0573797 -0.247583  -9.80677 7.84768
177.955 23.8139 171.067 -0.0858475  0.0465835 0.00310869  -179.634 -0.597656    178.02 -0.0840329 -0.0192537 -0.0037365 -0.114134 0.0710912 0.0352067  0.0426146 0.0170419 -0.012367 -0.000854619  0.000776373 -0.000963141 0.0574011 -0.247504  -9.80663 7.85245
179.009 24.4446 171.624  -0.087804  0.0464207 0.00355025  -179.652 -0.603631   178.013  -0.0840223  -0.0192347 -0.00378087 -0.122375 0.0615773 0.0337272   0.0399274  0.0163866 -0.0108098 -0.000857659  0.000787178 -0.000961618 0.0573798 -0.247552  -9.80663 7.85446
179.563  25.183 171.957  -0.089689  0.0473058 0.00419355  -179.652 -0.606036   178.008  -0.0840191  -0.0192323 -0.00377082 -0.127827 0.0666239 0.0359937   0.0362399  0.0134703 -0.0115611 -0.000857497  0.000787083 -0.000959196 0.0573781 -0.247551  -9.80661 7.85664
179.791 25.7391  172.37 -0.0910133  0.0482263 0.00477122  -179.652 -0.595324   178.009  -0.0840065  -0.0192246 -0.00381846 -0.130334 0.0716491 0.0450827   0.0366916  0.0123455 -0.0114544 -0.000851817  0.000787361 -0.000960995  0.057406 -0.247555  -9.80661 7.85835
179.995 26.6765 173.115 -0.0927634   0.046414 0.00633065 -179.704 -0.56516  177.997  -0.0837636  -0.0192091 -0.00403144 -0.129816 0.0481679 0.0555436   0.0371102  0.0114943 -0.0109462 -0.000834011  0.000816312 -0.000963675 0.0574801 -0.247697  -9.80659 7.86132
    180  27.617 173.544 -0.0956007  0.0450956 0.00764058  -179.744 -0.542948   177.987  -0.0835624  -0.0192144 -0.00422534 -0.129481 0.0309577 0.0437848   0.0375439  0.0100595 -0.0112991  -0.00082302  0.000839037 -0.000974079 0.0575376 -0.247807  -9.80661 7.86471
179.688 27.8007 173.478 -0.0957939  0.0459323 0.00635497  -179.737 -0.524492   177.994  -0.0835594  -0.0193415 -0.00432036 -0.117796 0.0360423 0.0217593   0.0396537 0.00796229 -0.0130765 -0.000820897  0.000835548   -0.0010049 0.0575935 -0.247792  -9.80676 7.86626
179.181 27.9366  173.24  -0.096267  0.0466711 0.00664073 -179.734 -0.50404  178.003  -0.0835605  -0.0193679 -0.00438294 -0.107918  0.033299 0.0195842   0.0417893 0.00315458 -0.0185294 -0.000812425  0.000831343  -0.00100843 0.0576381 -0.247773  -9.80676 7.86718
178.739  27.704 173.215  -0.096599  0.0470289 0.00687326  -179.733 -0.486743   178.009  -0.0835795  -0.0193518 -0.00451891 -0.100396 0.0268323 0.0181901     0.0428909 -0.000143989   -0.0193965 -0.000803163  0.000829996  -0.00100992 0.0576813 -0.247769  -9.80675 7.86772
178.342 27.2577 173.387 -0.0976868   0.046451 0.00684054  -179.746 -0.469184   178.008 -0.0837141 -0.0193177  -0.004869 -0.0936441 0.00792738  0.0201059    0.0430635 -0.00289713  -0.0194854 -0.000794409  0.000837138  -0.00101444 0.0577232 -0.247803  -9.80675 7.86895
178.178 26.3395 173.556 -0.0995281  0.0461477 0.00723002  -179.748 -0.442742   178.015  -0.0839158  -0.0192752 -0.00532006 -0.0745576  -0.010705  0.0202088   0.0408667 -0.0069736 -0.0201232 -0.000780926  0.000837101  -0.00101618 0.0577822 -0.247803  -9.80674 7.87086
178.219 26.1401  173.53 -0.0981736  0.0460216 0.00680566  -179.748 -0.420626   178.019   -0.084106  -0.0192478 -0.00569264 -0.0621777 -0.0114981  0.0200039    0.0405509 -0.00777147  -0.0202333 -0.000770364   0.00083629  -0.00101929 0.0578311   -0.2478  -9.80674 7.87228
178.347 25.1216 173.426 -0.0985829  0.0452096 0.00493438  -179.751 -0.393845   178.022  -0.0849292  -0.0192244 -0.00614064 -0.0365275 -0.0281177 -0.0121489    0.0399041 -0.00832125  -0.0204322 -0.000764239  0.000838405  -0.00104367 0.0578902 -0.247804  -9.80685 7.87436
178.121 24.7892 173.109 -0.0983759  0.0441639 0.00533081  -179.758 -0.386744   178.021    -0.08472  -0.0190686 -0.00643312 -0.0259163 -0.0379288 -0.0218741    0.0398152 -0.00832142   -0.021259 -0.000757048  0.000841345  -0.00103135 0.057901 -0.24782 -9.80678 7.8755
 177.99  24.426 173.054 -0.0972428   0.042837 0.00434166  -179.762 -0.361494   178.025  -0.0849474  -0.0188449 -0.00703725 -0.00385065  -0.0482087  -0.0350373    0.0392964 -0.00822928    -0.02113 -0.000744565  0.000841941  -0.00103129 0.0579526 -0.247821  -9.80675 7.87751
177.872 22.6948 172.176 -0.0949256  0.0397441  0.0022653  -179.766 -0.324242   178.036  -0.0852645  -0.0183558 -0.00804674  0.0214489 -0.0674849 -0.0326973    0.0378774 -0.00984748  -0.0222883 -0.000726177  0.000840553  -0.00102814 0.0580246 -0.247814  -9.80671 7.88189
177.963 21.8293 171.997  -0.0945677   0.0383803 0.000519525  -179.772 -0.313682   178.036  -0.0859123   -0.018259 -0.00825191  0.0297891 -0.0758832 -0.0391122   0.0367246 -0.0122396 -0.0225202 -0.000726141  0.000843807  -0.00104192 0.0580438 -0.247824  -9.80677 7.88414
178.012 21.7062 171.972  -0.0942165   0.0378104 0.000204225  -179.779 -0.305893   178.035  -0.0861078  -0.0181366 -0.00850288  0.0340378  -0.080431 -0.0390637   0.0361982 -0.0128648 -0.0227377 -0.000722817  0.000847062  -0.00104265 0.0580575 -0.247837  -9.80677 7.88488
177.848 19.5607 171.039  -0.0929175   0.0354248 -0.00279007   -179.78 -0.289655   178.039 -0.0870688 -0.0179476 -0.0087943 0.0594901 -0.083717 -0.053121   0.0360507 -0.0144797 -0.0238117 -0.000722638   0.00084827  -0.00106212 0.0580857 -0.247836  -9.80687 7.88892
177.543 18.5076 170.742  -0.0896333   0.0328681 -0.00398075  -179.789 -0.259968   178.042  -0.0872853  -0.0174303 -0.00977899  0.0937922 -0.0918976  -0.047356   0.0361419 -0.0143681 -0.0237033 -0.000705596  0.000849747  -0.00105505 0.0581461 -0.247842   -9.8068 7.89325
177.517 13.4729 169.787  -0.0809393   0.0274273 -0.00689785  -179.793 -0.209866   178.058 -0.0878263 -0.0166978 -0.0113319   0.150838  -0.117692 -0.0307461   0.0355228 -0.0151592 -0.0239147 -0.000681313  0.000846137  -0.00105395 0.0582487 -0.247822  -9.80676 7.90391
177.938 10.1203 169.352  -0.0793632   0.0265748 -0.00947328  -179.786 -0.206352   178.067 -0.0885607 -0.0166551 -0.0112334   0.155807  -0.116583 -0.0479847    0.034755 -0.0185679 -0.0244426 -0.000688423  0.000841019  -0.00107377 0.0582481 -0.247792  -9.80687 7.90705
178.017 9.95497 169.348  -0.0798555   0.0271322 -0.00878004  -179.782 -0.214745   178.069 -0.0882529 -0.0167863 -0.0109811    0.14944  -0.112079 -0.0449002   0.0346078 -0.0189922 -0.0244802 -0.000690886  0.000838508   -0.0010695  0.058232 -0.247783  -9.80686 7.90807
177.735 4.23469  168.73  -0.0774781   0.0262362 -0.00974435  -179.768 -0.230222   178.068 -0.0881197 -0.0170075 -0.0103241   0.161389 -0.0927144 -0.0708017   0.0355499 -0.0219419 -0.0249131 -0.000698423  0.000830494  -0.00107209 0.0582032 -0.247745  -9.80688 7.91078
177.641  4.1532 168.661  -0.0768672   0.0268996 -0.00995721  -179.761 -0.225053   178.073 -0.0881365  -0.016944 -0.0105088   0.167365 -0.0846485 -0.0712829   0.0356519 -0.0220316 -0.0250937 -0.000696317   0.00082546   -0.0010722 0.0582136 -0.247722  -9.80688 7.91171
 172.304 -2.37651   167.99 -0.0726497  0.0185904 -0.0151092   -179.79 -0.293857   178.031  -0.0880069  -0.0170011 -0.00955487  0.184707 -0.135723 -0.142932   0.0378942 -0.0185878 -0.0228803 -0.000728797  0.000847024  -0.00105108 0.0580394 -0.247818  -9.80682 7.92236
 172.392 -2.04386  168.245 -0.0672955  0.0168918 -0.0185531  -179.785 -0.278236   178.036  -0.0881098  -0.0170183 -0.00987191  0.208613 -0.166548 -0.162265   0.0331046 -0.0106118 -0.0199127 -0.000722038  0.000841578  -0.00105916 0.0580812 -0.247793  -9.80685 7.92895
 173.849 -3.00027  168.074 -0.0636844  0.0100541 -0.0208808  -179.812 -0.269697    178.04  -0.0880985  -0.0170047 -0.00999202  0.212229  -0.23776 -0.167648    0.0278091 -0.00895285  -0.0204546 -0.000717903  0.000861843  -0.00105928 0.0580951 -0.247888  -9.80684 7.93702
 174.681 -2.99497   168.09 -0.0603052 0.00680418  -0.021004  -179.821 -0.256303   178.048 -0.0880557 -0.0170166 -0.0100101  0.230631 -0.256471 -0.161267    0.0252376 -0.00569564  -0.0205274 -0.000707043  0.000867932  -0.00105311 0.0581354 -0.247921  -9.80679 7.94171
 174.815 -2.88021  168.064 -0.0593564 0.00641334 -0.0201782  -179.823 -0.249678    178.05 -0.0880486 -0.0170387 -0.0100147  0.239104 -0.260445 -0.153139    0.0245804 -0.00516666  -0.0206063 -0.000700829  0.000869285    -0.001048 0.0581569 -0.247929  -9.80676 7.94303
175.885 -5.2316 168.491   -0.055191 -0.00551109  -0.0299278 -179.815 -0.32189  178.056 -0.0888829 -0.0165266 -0.0110499  0.198778 -0.196888 -0.150414    0.0244359 -0.00377516  -0.0198471 -0.000748165  0.000862211  -0.00101987 0.0579084 -0.247881  -9.80668 7.95899
 175.976 -4.97733  168.493  -0.0569722 -0.00544404  -0.0324168  -179.798 -0.353948   178.062  -0.089352 -0.0162352 -0.0118264  0.154049  -0.16547 -0.115747    0.0240009 -0.00135549   -0.019496 -0.000769808   0.00085026  -0.00100633 0.0577959 -0.247819  -9.80665 7.96205
  176.55 -5.26666  168.423  -0.0543076 -0.00741509  -0.0316666  -179.799 -0.346371   178.061 -0.0895976 -0.0164761 -0.0116106  0.159733 -0.162965 -0.067997      0.023147 -0.000658145   -0.0196096 -0.000760996  0.000851559 -0.000993572 0.0578263 -0.247828  -9.80658 7.96544
 177.239 -5.15976   168.54  -0.0501321 -0.00981848  -0.0287172  -179.805 -0.325582   178.071 -0.0900267 -0.0170007 -0.0110907   0.180762   -0.17323 -0.0436154   0.0213903 0.00905586 -0.0176656 -0.000741986  0.000856625  -0.00096986 0.0578943  -0.24786  -9.80645 7.97109
 177.846 -4.95236  168.777 -0.0496101 -0.0122624 -0.0296114  -179.807 -0.337886   178.083  -0.090127 -0.0168268 -0.0114008   0.163624  -0.164774 -0.0477733   0.0231079  0.0181978 -0.0157522 -0.000751839  0.000857982 -0.000967447 0.0578451 -0.247864  -9.80644 7.97375
 179.901 -4.51512   169.23 -0.0490666 -0.0121669 -0.0335166  -179.759 -0.395658   178.088 -0.0909637 -0.0162277 -0.0133303   0.122577 -0.0783553 -0.0565187   0.0223562  0.0196931 -0.0152268 -0.000790324  0.000829461 -0.000951478 0.0576626 -0.247723   -9.8064 7.97769
-179.218 -5.46494  169.506 -0.0550764 -0.0097658 -0.0318551  -179.745 -0.451889   178.091 -0.0921177 -0.0162463 -0.0144967  0.0534618 -0.0493749 -0.0247878   0.0212212  0.0179212 -0.0146348 -0.000821624  0.000818819 -0.000910354 0.0575113 -0.247665   -9.8062 7.98437
 -178.19 -5.66585  169.889  -0.0558997 -0.00929787   -0.030357   -179.74 -0.459767   178.084 -0.0925261 -0.0164393 -0.0147006  0.0444279 -0.0578508  0.0307829   0.0254168  0.0172356 -0.0129626 -0.000828468  0.000814893 -0.000891797  0.057477 -0.247642  -9.80611 7.98615
-178.689 -5.64617   170.46  -0.0567684 -0.00672617  -0.0292193  -179.717 -0.469695    178.08 -0.0929766 -0.0163412 -0.0151699 0.0737805  0.028993 0.0981119   0.0327201  0.0164528 -0.0110301 -0.000838223  0.000802093 -0.000879746 0.0574276 -0.247579  -9.80606 7.98909
-178.958 -5.66432  170.565  -0.0578716 -0.00496697  -0.0284631  -179.704 -0.477526   178.079 -0.0933347 -0.0162966 -0.0154342 0.0669854 0.0438413  0.107116   0.0345791  0.0164142 -0.0102779  -0.00084347   0.00079426 -0.000868016  0.057401 -0.247542  -9.80601 7.9913
-179.245 -6.57425  169.659 -0.0603591 0.00352102 -0.0122511  -179.655 -0.553914   178.072 -0.0937028 -0.0161142 -0.0159852 0.0418799 0.0778197  0.253398   0.0347888  0.0157257 -0.0116266 -0.000884485  0.000772721 -0.000858307 0.0572377 -0.247436  -9.80591 8.00977
-179.191 -6.64556  169.521 -0.0646331 0.00607816 -0.0119883  -179.635 -0.594317    178.07 -0.0938531 -0.0160494 -0.0162832 0.0106382 0.0984572  0.258942    0.034809  0.0156276 -0.0118251 -0.000906238  0.000765233 -0.000855841 0.0571492 -0.247397  -9.80587 8.01475
-179.572 -5.58141  169.915  -0.0638664  0.00896392 -0.00978657  -179.629 -0.593951   178.064 -0.0933979 -0.0163749 -0.0161974 0.00383162   0.094448   0.167324   0.0357232    0.01836 -0.0107908 -0.000902388  0.000766853 -0.000900975 0.0571519 -0.247401  -9.80609 8.01846
-179.496  -5.1464  169.941 -0.0661964   0.010606 -0.0112191  -179.628 -0.619711   178.062 -0.0930347 -0.0165865 -0.0164072 -0.0244734  0.0927481   0.127621   0.0353796  0.0189136 -0.0107244 -0.000912931  0.000770002 -0.000943048 0.0570957 -0.247409  -9.80627 8.02165
-179.689 -4.93058  169.964  -0.0681729   0.0120684 -0.00998386  -179.627 -0.636109   178.061 -0.0930532 -0.0165719 -0.0165611 -0.0428509  0.0958825   0.128634  0.0359557 0.0187537   -0.0107 -0.000921553  0.000769713 -0.000945778 0.0570594 -0.247405  -9.80627 8.02441
-179.369 -4.75275  169.499 -0.0715689  0.0193654 -0.0027627  -179.601 -0.651537   178.052 -0.0930221 -0.0166283 -0.0165319 -0.0683376   0.141555   0.193843   0.0354098  0.0183836 -0.0117409 -0.00093039 0.000757362 -0.00094677 0.0570268 -0.247348  -9.80626 8.03522
-179.249 -5.36437  169.147 -0.0735766    0.02256 0.00135594  -179.595 -0.659387   178.053 -0.0930244 -0.0166168 -0.0165393 -0.0797898   0.151458   0.202763   0.0336845  0.0119378 -0.0149774 -0.000937268  0.000753114 -0.000937096 0.0570054 -0.247327  -9.80621 8.0408
-179.247  -5.5494  169.014  -0.0775377   0.0249518 -0.00126933 -179.593 -0.69168  178.047 -0.0928945 -0.0169204 -0.0165976 -0.106363  0.158502  0.159391   0.0351384  0.0112239 -0.0145247 -0.000945581  0.000754816 -0.000999589 0.0569442 -0.247331  -9.80648 8.04612
-179.117 -5.51985  168.879 -0.0801574  0.0267703 -0.0042622  -179.593 -0.706346   178.045  -0.092797 -0.0171287 -0.0166407 -0.117997  0.164423  0.110914   0.0346761  0.0138295 -0.0134815 -0.000944961  0.000758054  -0.00105879 0.0569174 -0.247346  -9.80675 8.0505
 -179.05 -5.32746  168.668  -0.0816119   0.0290681 -0.00299944   -179.59 -0.705889   178.044 -0.0927871 -0.0171312 -0.0166391 -0.118071  0.169238 0.0884128   0.0359248  0.0195345 -0.0134059 -0.000944022  0.000759163  -0.00106064 0.0569187 -0.247353  -9.80676 8.0535
-179.139 -4.45751  167.788  -0.0868334   0.0355625 -0.00150251  -179.601 -0.705278   178.048 -0.0928065 -0.0171335 -0.0166717   -0.113303    0.151446 1.17033e-06  0.0361403  0.019663 -0.013966 -0.000942526   0.00076497  -0.00106753 0.0569196 -0.247379  -9.80679 8.06196
-179.981  -2.1396  168.168  -0.0859313   0.0364676 -0.00507638  -179.605 -0.679931   178.035 -0.0924499 -0.0172672 -0.0165195  -0.106241   0.111507 -0.0934822     0.037446   0.0328353 -0.00914968 -0.000917236  0.000775224  -0.00111075 0.0570068  -0.24744  -9.80702 8.06576
  179.882 -0.524197   168.267 -0.0865422  0.0364421 -0.0111779  -179.613 -0.679859   178.036 -0.0917474 -0.0175844 -0.0164481 -0.126393 0.0549656 -0.162261    0.0403253   0.0431012 -0.00744177 -0.000906814  0.000785002  -0.00117898 0.0570326 -0.247498  -9.80734 8.07189
179.744 0.56855 168.537 -0.0878787  0.0361604 -0.0182674  -179.622 -0.691753   178.037 -0.0908762 -0.0179841 -0.0164057 -0.136456 0.0344757 -0.207575    0.0407152   0.0429421 -0.00695103 -0.000902785  0.000790809  -0.00126253  0.057034 -0.247536  -9.80773 8.07911
 179.741 0.572069  168.559 -0.0880474    0.03545 -0.0212674  -179.631 -0.699999   178.039 -0.0904017 -0.0182004 -0.0164135 -0.139909 0.0295568  -0.22731    0.0404758   0.0425803 -0.00686804 -0.000901234  0.000796123  -0.00130897 0.0570315 -0.247567  -9.80794 8.0822
179.908 3.91803 169.713 -0.0844587  0.0358737 -0.0289602  -179.632 -0.594719   178.049  -0.089866 -0.0187264 -0.0150711  -0.120248  0.0396833 -0.0899308    0.0397923   0.0416517 -0.00667131 -0.00082173 0.000795518 -0.00132765  0.057376 -0.247602  -9.80809 8.0907
179.754  2.4124 170.192 -0.0793669  0.0373214 -0.0290443  -179.615 -0.481987   178.063 -0.0899404 -0.0191205 -0.0149376 -0.0546674  0.0360234    0.03545    0.0394644   0.0345318 -0.00744449 -0.000746559  0.000784067  -0.00131657 0.0576867 -0.247585  -9.80816 8.09599
179.953 1.34071 170.224  -0.086072  0.0363716 -0.0290276  -179.642 -0.554304   178.064 -0.0897723  -0.018901 -0.0149373 -0.0997281  0.0439153  0.0352011     0.037505   0.0260908 -0.00785106 -0.000792632  0.000802961  -0.00133172 0.0574931 -0.247649  -9.80814 8.10276
  179.93 0.844275  170.354 -0.0885084  0.0362865 -0.0311182  -179.651 -0.568415   178.066 -0.0898386 -0.0188756 -0.0149389 -0.113125 0.0422165 0.0197465    0.0371502   0.0221616 -0.00774613 -0.000795836  0.000807157  -0.00137621 0.0574637 -0.247669  -9.80834 8.10598
 179.914 0.785552  170.477 -0.0896972  0.0356311 -0.0310959  -179.667 -0.563896   178.071 -0.0897743 -0.0188943 -0.0149727  -0.114932  0.0283176 0.00580961    0.0369878   0.0217031 -0.00774591 -0.000792911  0.000816401  -0.00137815 0.0574734  -0.24771  -9.80835 8.10733
  179.99 0.598457   170.62 -0.0912777  0.0356953 -0.0308151  -179.673 -0.557251   178.074  -0.089741 -0.0189158 -0.0150099 -0.109629 0.0234788 0.0103643    0.0367028    0.021231 -0.00782843 -0.000789327  0.000819625  -0.00137416 0.0574883 -0.247726  -9.80833 8.10894
179.874  0.4974 170.445 -0.0949551  0.0347748 -0.0308929 -179.703 -0.53208  178.083 -0.0897533 -0.0189095 -0.0151853  -0.0992994   0.0115208 -0.00255288    0.036629  0.0209262 -0.0085914 -0.000775383  0.000834405  -0.00137564 0.0575388 -0.247794  -9.80835 8.11273
 179.893 0.624606  170.425 -0.0958835  0.0344955 -0.0316201  -179.708 -0.524802   178.085 -0.0898124 -0.0188971  -0.015242  -0.0961028  0.00600976 -0.00619136    0.0355871   0.0224666 -0.00897076 -0.000771019  0.000836681   -0.0013858 0.0575521 -0.247805   -9.8084 8.11394
 179.911 0.693944  170.414 -0.0974753  0.0337396 -0.0318174   -179.72 -0.530196   178.087 -0.0898115 -0.0188946 -0.0152171  -0.0993674 -0.00237257 -0.00115256    0.0345077   0.0231991 -0.00901295 -0.000773771  0.000843387  -0.00139029  0.057539 -0.247832  -9.80841 8.11572
 179.939 0.803501  170.366 -0.0992496  0.0331389  -0.031348   -179.73 -0.535403   178.088 -0.0897734 -0.0189043  -0.015184   -0.103915 -0.00700552  0.00400823    0.0341809   0.0235966 -0.00918738 -0.000776983  0.000848521  -0.00138408 0.0575268 -0.247852  -9.80837 8.11765
 179.942 0.494164  170.509 -0.0991575  0.0331134 -0.0316926  -179.722 -0.495429   178.091  -0.089825 -0.0188754 -0.0154278  -0.0885229 -0.00374801  -0.0124918   0.0340307  0.0227599 -0.0089146 -0.000756074  0.000843385  -0.00137973 0.0576087 -0.247838  -9.80839 8.118
 179.935 0.358982   170.54  -0.099805   0.032195 -0.0325757  -179.727 -0.458092   178.097 -0.0898744 -0.0188273 -0.0156375 -0.0703799 -0.0131613 -0.0153207   0.0334085  0.0212006 -0.0085081 -0.000736235  0.000844304  -0.00138022 0.0576853 -0.247847  -9.80842 8.11943
 179.875 0.548615  170.545  -0.100739  0.0313644 -0.0335629  -179.735 -0.456674   178.097 -0.0899244 -0.0188126 -0.0156617 -0.0705966 -0.0195414 -0.0204064     0.033962   0.0244579 -0.00829349 -0.000734966  0.000848998  -0.00139324 0.0576876 -0.247868  -9.80848 8.12103
 179.904 0.461906  170.518  -0.102059  0.0301557 -0.0343839  -179.751 -0.460943   178.099 -0.0899669 -0.0188028 -0.0156481 -0.0746036 -0.0280905 -0.0264667     0.032983   0.0226955 -0.00870066 -0.000736872  0.000856578  -0.00140403 0.0576779 -0.247899  -9.80852 8.123
 179.884 0.517088  170.518  -0.103101  0.0293288 -0.0341112  -179.759 -0.462346     178.1 -0.0899425 -0.0188064 -0.0156399 -0.0779116 -0.0324361 -0.0273672    0.032629  0.0232854 -0.0085738 -0.000737872  0.000860679  -0.00139431 0.0576743 -0.247915  -9.80847 8.12435
 179.877 0.409143  170.619  -0.101738  0.0288146 -0.0347885  -179.752 -0.422592   178.104 -0.0899593 -0.0187699 -0.0158192 -0.0610227 -0.0307619 -0.0334838    0.0324581   0.0226395 -0.00815495 -0.000716779   0.00085582  -0.00139041 0.0577574   -0.2479  -9.80848 8.12596
 179.886 0.269904  170.571   -0.10068  0.0292694 -0.0353339  -179.716 -0.370972   178.105 -0.0899182 -0.0187225 -0.0159973  -0.033454 -0.0157021 -0.0174486    0.0324713   0.0221981 -0.00847302 -0.000689752  0.000835746   -0.0013731 0.0578661 -0.247823  -9.80844 8.12723
 179.848 0.357889   170.54 -0.0998333  0.0278465 -0.0355326 -179.732 -0.34826  178.108 -0.0899413  -0.018682 -0.0160787  -0.024249 -0.0266124 -0.0163311    0.0324771   0.0230492 -0.00900303 -0.000677467  0.000843317  -0.00137023 0.0579133 -0.247857  -9.80844 8.1289
-179.979 0.371054  170.564 -0.0997407  0.0267837 -0.0356691  -179.743 -0.340641    178.11 -0.0899545 -0.0186676 -0.0161009 -0.0195031 -0.0339447 -0.0096314    0.0316509   0.0230161 -0.00886165 -0.000673328  0.000848573  -0.00136926  0.057929 -0.247879  -9.80843 8.12998
 179.991 0.388271  170.571 -0.0994882  0.0254322 -0.0365572 -179.755 -0.33001  178.113 -0.0899869 -0.0186411 -0.0161296 -0.0157178 -0.0391694 -0.0146351    0.0315287   0.0229169 -0.00880714 -0.000667249  0.000854833  -0.00138386 0.0579518 -0.247907   -9.8085 8.13161
-179.953 0.325036   170.53 -0.0976952  0.0250137 -0.0370757  -179.744 -0.297778   178.115 -0.0899882 -0.0185975 -0.0162135 -0.00452147  -0.0403838  -0.0272868    0.0312914   0.0226906 -0.00896337 -0.000649886  0.000848393  -0.00138415 0.0580204 -0.247884  -9.80853 8.13353
-179.857 0.249887  170.349 -0.0946651  0.0225924  -0.038635  -179.742 -0.246781    178.12 -0.0899979 -0.0185163 -0.0163209   0.017586 -0.0526046 -0.0339792   0.0303952    0.02227 -0.0099456 -0.000621987  0.000845674  -0.00138546 0.0581299 -0.247878  -9.80856 8.13771
-179.907 0.271929   170.35 -0.0944594  0.0216186  -0.038769  -179.747 -0.247032    178.12 -0.0900008 -0.0185172 -0.0163223  0.0188517  -0.051998 -0.0259177    0.0306283    0.022297 -0.00983858 -0.000622068  0.000848064  -0.00137966 0.0581296 -0.247887  -9.80853 8.13871
-179.895 0.322598  170.347  -0.093863   0.020844 -0.0383544  -179.748 -0.241733   178.121 -0.0899985 -0.0185148 -0.0163352  0.0207577 -0.0553815 -0.0215227    0.0302436    0.022732 -0.00981083 -0.000619346  0.000848494  -0.00136395 0.0581404 -0.247889  -9.80846 8.13977
-179.966 0.359765  170.312  -0.093568  0.0200013 -0.0381518  -179.75 -0.24116  178.121 -0.0900004 -0.0185147 -0.0163398  0.0214006  -0.059955 -0.0157203   0.0307695   0.022973 -0.0101333 -0.000619069  0.000849768  -0.00135468 0.0581415 -0.247894  -9.80841 8.14069
-179.883 0.330184  170.513 -0.0927267  0.0198708 -0.0380435  -179.735 -0.236451    178.12 -0.0899946 -0.0185209 -0.0163454  0.0276043 -0.0573983 -0.0024348    0.0303688     0.02281 -0.00932466 -0.000616431  0.000841248  -0.00134808 0.0581525 -0.247859  -9.80839 8.14155
-179.935 0.387816  170.488 -0.0898377  0.0182872 -0.0377738  -179.714 -0.212675    178.12 -0.0899885 -0.0185228 -0.0163609  0.0402138 -0.0558486 0.00242816    0.0300948   0.0230846 -0.00936097 -0.000603215  0.000829598  -0.00134121 0.0582048 -0.247813  -9.80838 8.14485
-179.928  0.37795  170.468 -0.0895617  0.0170717 -0.0377299   -179.72 -0.217351    178.12 -0.0899911 -0.0185211 -0.0163589  0.0383988 -0.0597696 0.00473163    0.0298122   0.0226492 -0.00947812 -0.000605878  0.000833068  -0.00134171 0.0581942 -0.247827  -9.80838 8.1461
-179.926   0.3711  170.466 -0.0898233  0.0167435 -0.0378311 -179.726 -0.22071   178.12 -0.0899929 -0.0185194 -0.0163579  0.0366156 -0.0620966 0.00416339    0.0297333   0.0225409 -0.00948417 -0.000607733  0.000836281  -0.00134415 0.0581868  -0.24784  -9.80839 8.14653
-179.958 0.335182  170.369 -0.0888498  0.0148628 -0.0371743 -179.731 -0.21874  178.121 -0.0899989 -0.0185124 -0.0163653  0.0384782  -0.077154 0.00930229    0.0297032   0.0224267 -0.00967546 -0.000606731  0.000838614  -0.00133227 0.0581908 -0.247849  -9.80833 8.14875
-179.924 0.386031  170.354 -0.0878922  0.0144993 -0.0371836  -179.714 -0.215967    178.12 -0.0899852 -0.0185199 -0.0163576  0.0423385 -0.0743461  0.0132379    0.0296302    0.022532 -0.00972877 -0.000605281  0.000829437  -0.00133653 0.0581968 -0.247812  -9.80836 8.14977
 180.009 0.394751  170.461 -0.0850197  0.0124167 -0.0361348 -179.692 -0.20235  178.119 -0.0899907  -0.018522 -0.0163526  0.0484009 -0.0626729   0.016259    0.0297828   0.0226045 -0.00960502 -0.000597653  0.000817696  -0.00132962 0.0582271 -0.247764  -9.80834 8.15347
 180.011 0.305233  170.444 -0.0848685  0.0120909 -0.0352097 -179.683 -0.21367  178.117 -0.0899893 -0.0185201 -0.0163391  0.0395147 -0.0592749  0.0102946   0.0298172  0.0222817 -0.0096108 -0.000604205  0.000813061  -0.00131247  0.058202 -0.247744  -9.80826 8.15447
-179.963 0.245129  170.492 -0.0844516  0.0109241 -0.0351363  -179.692 -0.212633   178.118 -0.0899882 -0.0185179 -0.0163457  0.0383324 -0.0622801 0.00652214    0.0295884   0.0220711 -0.00943854 -0.000603558  0.000817872  -0.00131301 0.0582045 -0.247763  -9.80826 8.15571
-179.903 0.380377  170.315 -0.0843652  0.0103049 -0.0351658  -179.691 -0.219444   178.117 -0.0899834 -0.0185233 -0.0163391  0.0361874 -0.0577582 0.00855593    0.0294498   0.0222691 -0.00982005 -0.000607561  0.000817433  -0.00131597 0.0581887 -0.247761  -9.80827 8.15633
 -179.82 0.478819  170.413 -0.0840311  0.0108911 -0.0353974  -179.664 -0.227896   178.114 -0.0899735 -0.0185284 -0.0163268  0.0331605 -0.0433413 0.00151834    0.0293711   0.0224138 -0.00958883 -0.000612474  0.000803345  -0.00132295 0.0581697 -0.247703  -9.80831 8.15705
-179.838 0.700309  170.441 -0.0822123  0.0118772  -0.035086  -179.617 -0.229585   178.108 -0.0899806 -0.0185418 -0.0163092  0.0350107 -0.0241297 0.00370199    0.0294352   0.0230116 -0.00944901 -0.000613737  0.000778374  -0.00131735 0.0581655 -0.247601   -9.8083 8.15914
 -179.81 0.570183  170.403 -0.0824537  0.0118477 -0.0334409 -179.614 -0.24148  178.108 -0.0899975 -0.0185449 -0.0163084 0.0299019 -0.023172 0.0236189    0.0286595   0.0216196 -0.00960262 -0.000620953  0.000776908  -0.00128689  0.058138 -0.247592  -9.80815 8.1608
-179.893 0.568433   170.41 -0.0829931  0.0114195 -0.0333957 -179.618 -0.25394  178.107 -0.0899911 -0.0185464 -0.0163005  0.0245895 -0.0242311  0.0287632    0.0290759   0.0214171 -0.00948722 -0.000627903  0.000779307  -0.00129274 0.0581109   -0.2476  -9.80817 8.16149
-179.873 0.558026  170.438 -0.0836589   0.010843 -0.0326742  -179.624 -0.266736   178.106 -0.0899895 -0.0185431 -0.0162943   0.018488 -0.0293046  0.0393816    0.0289523   0.0213134 -0.00936796 -0.000635261  0.000782771  -0.00128684 0.0580823 -0.247613  -9.80814 8.16263
-179.863 0.568103  170.444 -0.0844948  0.0106146 -0.0325141 -179.629 -0.27797  178.106 -0.0899867 -0.0185408 -0.0162882  0.0117145 -0.0312601  0.0410833    0.0289224   0.0212966 -0.00932998 -0.000641709   0.00078562  -0.00128451 0.0580573 -0.247623  -9.80812 8.16351
-179.943 0.662059  170.376 -0.0827866  0.0102958 -0.0300938  -179.602 -0.269202   178.104 -0.0899919 -0.0185472 -0.0162763  0.0189355 -0.0293094  0.0424195   0.0289569  0.0214251 -0.0094669 -0.000636901  0.000771191   -0.0012843 0.0580764 -0.247566  -9.80813 8.16649
-179.947 0.575083  170.326 -0.0837305  0.0118402 -0.0289323  -179.581 -0.286948     178.1  -0.089984 -0.0185569 -0.0162427   0.010337 -0.0124239  0.0509085    0.0288208   0.0207266 -0.00989538 -0.00064726 0.000760188 -0.00127642 0.0580371 -0.247519  -9.80809 8.16864
-179.908 0.602041  170.283 -0.0838062  0.0107268 -0.0293298  -179.592 -0.287709   178.101 -0.0899817 -0.0185576 -0.0162453  0.0106017 -0.0168679   0.048551   0.0283965  0.0207208 -0.0100787 -0.000647535  0.000766319  -0.00129413  0.058035 -0.247544  -9.80817 8.16983
-179.896 0.591218  170.248 -0.0848152  0.0105679   -0.02938  -179.593 -0.300863     178.1 -0.0899754 -0.0185673 -0.0162285 0.00225017 -0.0175387  0.0440538   0.0282986  0.0205852 -0.0101761 -0.000654869   0.00076716  -0.00130548 0.0580064 -0.247547  -9.80822 8.17085
-179.842  0.54886  170.441 -0.0844015  0.0121817  -0.029153   -179.57 -0.299306   178.098 -0.0899938 -0.0185712 -0.0162245  0.00484888 -0.00397689   0.0380849    0.0283061    0.020503 -0.00977743 -0.000653902  0.000755101  -0.00131087 0.0580101 -0.247499  -9.80825 8.17253
-179.766 0.458196  170.411 -0.0847155   0.013654 -0.0271088  -179.555 -0.308187   178.096 -0.0899976 -0.0185731 -0.0162073 0.00196812  0.0129292  0.0487911    0.0281506   0.0201957 -0.00980727 -0.000658891  0.000747286  -0.00131303 0.0579912 -0.247467  -9.80826 8.17507
-179.866 0.491568   170.36 -0.0844339  0.0138932 -0.0263435  -179.554 -0.305732   178.095  -0.089998 -0.0185745 -0.0162104 0.0032729 0.0101723 0.0475009   0.0292695  0.0204368 -0.0105807 -0.000657525  0.000746902  -0.00131296 0.0579963 -0.247466  -9.80827 8.17592
 -179.89 0.471771   170.38 -0.0851125  0.0133826 -0.0274091  -179.561 -0.311833   178.096 -0.0900011 -0.0185755 -0.0162042 -0.00101149  0.00223588   0.0380638    0.029201  0.0202358 -0.0104712 -0.000660837  0.000750598  -0.00133711 0.0579827 -0.247481  -9.80837 8.17728
 -179.87 0.461429  170.376 -0.0855409  0.0128574 -0.0282606  -179.566 -0.315731   178.096 -0.0900023 -0.0185741 -0.0162018 -0.00405238 -0.00151922   0.0317023   0.0290782  0.0201545 -0.0104664 -0.00066272 0.000753728 -0.00134974  0.057975 -0.247494  -9.80843 8.17837
-179.967 0.559788  170.245 -0.0856618   0.012927 -0.0272184  -179.565 -0.316717   178.096 -0.0900013 -0.0185756 -0.0161998  0.000418292 -1.88247e-06    0.0509923   0.0291799  0.0202271 -0.0106364 -0.000663296  0.000753296  -0.00135039 0.0579728 -0.247492  -9.80843 8.17942
-179.948 0.623016  170.322 -0.0839303  0.0153562  -0.024439  -179.537 -0.303422   178.094 -0.0900048 -0.0185862 -0.0161946 0.0145487 0.0160613 0.0611522    0.029043  0.0202759 -0.0103177 -0.000656274  0.000738907   -0.0013491 0.0579996 -0.247437  -9.80844 8.1835
-179.946  0.58586  170.316 -0.0840126  0.0172981 -0.0233436   -179.52 -0.308961   178.092 -0.0900054 -0.0185951 -0.0161782 0.0121724 0.0286842 0.0623823   0.0287515  0.0196692 -0.0103548 -0.000659384  0.000730081  -0.00134636 0.0579884 -0.247402  -9.80843 8.18573
-179.865 0.640046  170.266  -0.085124  0.0174668 -0.0244804  -179.522 -0.321271   178.092 -0.0899969 -0.0185978 -0.0161673 0.00102297   0.029507  0.0425271   0.0282382   0.019736 -0.0105957 -0.000665938  0.000731712   -0.0013727  0.057963 -0.247409  -9.80855 8.18733
-179.875 0.676489  170.306 -0.0857294  0.0169852 -0.0260305   -179.53 -0.326162   178.092 -0.0899852 -0.0185954 -0.0161645 -0.00438503   0.0217835   0.0233963   0.0280831  0.0196476 -0.0104374 -0.000668321  0.000736199  -0.00140304 0.0579532 -0.247428  -9.80868 8.18906
-179.962  0.66643  170.204 -0.0858994  0.0184569 -0.0259253 -179.517 -0.32901   178.09 -0.0899779 -0.0186065 -0.0161524 -0.0058004  0.0231069  0.0187206   0.0283387  0.0195429 -0.0107459 -0.000669932  0.000729656  -0.00140653 0.0579475 -0.247403   -9.8087 8.19055
-179.881 0.741869  170.362 -0.0850476   0.021067  -0.024514  -179.497 -0.319326   178.089 -0.0899864 -0.0186159 -0.0161555 0.00197479  0.0306729  0.0270029   0.0279361  0.0195981 -0.0100794 -0.000664805  0.000719536  -0.00140214  0.057967 -0.247364  -9.80869 8.19363
-179.821 0.641238  170.372 -0.0847412  0.0229817 -0.0241692   -179.48 -0.318072   178.088 -0.0899936 -0.0186232 -0.0161569 0.00479707  0.0426807  0.0293389    0.0269477   0.0183693 -0.00962231 -0.00066419 0.000710862 -0.00140346 0.0579697 -0.247331   -9.8087 8.1956
-179.811 0.624149  170.355 -0.0853657  0.0227221 -0.0255426  -179.488 -0.323979   178.089  -0.089992 -0.0186151 -0.0161516 0.00116536   0.040887  0.0199691    0.0266071     0.01803 -0.00976003 -0.000667147   0.00071503  -0.00143125 0.0579578 -0.247348  -9.80883 8.19713
-179.765 0.693617  170.276 -0.0861141   0.022933 -0.0270088  -179.491 -0.331913   178.089 -0.0899858 -0.0186087 -0.0161435 -0.00435948   0.0391077  0.00662716    0.0263618   0.0180663 -0.00992279 -0.000671268  0.000716698  -0.00145989 0.0579418 -0.247355  -9.80895 8.19879
-179.816 0.666331  170.351  -0.086409  0.0234647 -0.0267153  -179.492 -0.334787   178.089 -0.0899852 -0.0186086 -0.0161403 -0.00666328   0.0359558  0.00902107    0.0264175   0.0180059 -0.00976779 -0.000672778  0.000717032  -0.00145651 0.0579363 -0.247356  -9.80894 8.19947
-180.001  0.60845  170.467 -0.0860893  0.0252056 -0.0262086  -179.488 -0.328334   178.089 -0.0899897 -0.0186167 -0.0161447 -0.000732605    0.0314746    0.0190794    0.0267514   0.0177001 -0.00932623 -0.000669053  0.000714907  -0.00146403 0.0579502 -0.247349  -9.80898 8.20131
-179.953  0.54829  170.428 -0.0858966  0.0255919 -0.0260028  -179.489 -0.325214    178.09 -0.0899901 -0.0186167 -0.0161502 0.000905144   0.0297346   0.0201492    0.0256753   0.0169267 -0.00980082 -0.000667632   0.00071514  -0.00146557 0.0579551  -0.24735  -9.80898 8.20179
-179.936 0.539503  170.413 -0.0857047  0.0254677 -0.0262875  -179.489 -0.322643    178.09 -0.0899915 -0.0186178  -0.016155 0.00239791  0.0290058   0.018077   0.0254343  0.0168429 -0.0100243 -0.000666171  0.000715612  -0.00147065 0.0579602 -0.247353  -9.80901 8.20215
-179.757 0.623273  170.403 -0.0863794  0.0255658 -0.0280868  -179.496 -0.330127    178.09 -0.0899891 -0.0186104 -0.0161405 -0.00242455   0.0232275   0.0037792   0.0250278  0.0167897 -0.0100191 -0.000669959  0.000719196  -0.00151103 0.0579453 -0.247368  -9.80919 8.20408
-179.961 0.576398  170.422 -0.0860385  0.0253533 -0.0287672  -179.502 -0.324088   178.091 -0.0899927 -0.0186159 -0.0161485   0.002339  0.0158902 0.00544589    0.0252428   0.0166745 -0.00997386 -0.000666505  0.000721936  -0.00152529 0.0579575  -0.24738  -9.80925 8.20487
-179.926 0.465378  170.458 -0.0857688  0.0260629 -0.0277157  -179.501 -0.324561   178.091  -0.089992 -0.0186153 -0.0161483 0.00746479 0.00909451  0.0262203     0.025124   0.0165242 -0.00991637 -0.000666741  0.000721278  -0.00152267 0.0579568 -0.247377  -9.80924 8.20616
 -179.83 0.464462  170.461 -0.0859902  0.0259203 -0.0280162 -179.504 -0.32757  178.091 -0.0899918 -0.0186159 -0.0161415 0.000997232  0.00480779   0.0096152    0.0249383   0.0164672 -0.00990093 -0.000668298  0.000723074  -0.00153333 0.0579508 -0.247384  -9.80929 8.20656
-179.828 0.461114  170.457 -0.0862916  0.0257706 -0.0282879  -179.506 -0.330811   178.091 -0.0899904 -0.0186167 -0.0161361 -0.00140039  0.00363259  0.00760662    0.0249238   0.0164419 -0.00990037 -0.000669981  0.000724223  -0.00153792 0.0579445 -0.247389  -9.80931 8.207
-179.781 0.568778  170.619 -0.0870786  0.0250738 -0.0303921  -179.516 -0.337555   178.091 -0.0899778 -0.0186117 -0.0161197 -0.00579844 -0.00109108 -0.00549371    0.0247029   0.0165366 -0.00954994 -0.00067339 0.000729122  -0.0015735 0.0579315 -0.247409  -9.80946 8.20935
-179.721 0.555415  170.713  -0.087457   0.024488 -0.0315168  -179.523 -0.340967   178.091 -0.0899695  -0.018605  -0.016111 -0.00868162 -0.00598198  -0.0145091    0.0245505   0.0164856 -0.00935325 -0.000674957  0.000732508  -0.00159089 0.0579255 -0.247422  -9.80954 8.21067
-179.853 0.520003  170.469  -0.087413  0.0241901 -0.0322179   -179.52 -0.336232   178.092 -0.0899715 -0.0186031 -0.0161141 -0.00429222  -0.0104025  -0.0123517   0.0245964   0.016392 -0.0095875 -0.000672499  0.000730797  -0.00159019 0.0579344 -0.247416  -9.80954 8.21143
-179.848 0.503953   170.41 -0.0873123  0.0250129  -0.032214   -179.51 -0.335859   178.091 -0.0899672 -0.0186035 -0.0161107 -0.00434546 -0.00956611  -0.0152264    0.0244272   0.0162961 -0.00986995  -0.0006725 0.000725883 -0.00158611 0.0579347 -0.247398  -9.80952 8.21226
-179.836 0.514487  170.403 -0.0872567  0.0258725 -0.0319615  -179.502 -0.336483    178.09 -0.0899635 -0.0186045 -0.0161078 -0.00392728 -0.00204513  -0.0131859    0.0243955   0.0163441 -0.00992235 -0.000672946  0.000722029   -0.0015824 0.0579333 -0.247383  -9.80951 8.21316
-179.742 0.391003   170.46 -0.0877154  0.0251429 -0.0344202  -179.507 -0.338053   178.091 -0.0899685 -0.0186027 -0.0161001 -0.0108249 -0.0139148 -0.0457558   0.0242244  0.0161388 -0.0098323 -0.000673588  0.000724588  -0.00160585 0.0579302 -0.247394  -9.80961 8.21577
-179.713 0.380309  170.443 -0.0878286  0.0246716 -0.0353476  -179.511 -0.338532   178.091 -0.0899719 -0.0185998  -0.016097 -0.0114029 -0.0179732 -0.0539673    0.0241742   0.0161121 -0.00984684 -0.000673637    0.0007266  -0.00161706 0.0579296 -0.247402  -9.80966 8.21681
-179.848  0.61952  170.583 -0.0884996  0.0242211 -0.0399995  -179.505 -0.336069   178.091 -0.0899725 -0.0186012 -0.0160924 -0.0203194 -0.0147352 -0.0885963    0.0242151   0.0162321 -0.00973921 -0.000672306  0.000723575  -0.00161982 0.0579346 -0.247391  -9.80968 8.22153
-179.832 0.400941  170.382 -0.0890176  0.0232535 -0.0413901   -179.51 -0.336349   178.091 -0.0899745 -0.0185998 -0.0160964 -0.0209036 -0.0240034  -0.083107  0.0241007 0.0156727 -0.010199 -0.000672496  0.000726001  -0.00161771 0.0579337   -0.2474  -9.80966 8.22331
-179.845 0.413328  170.357 -0.0885832  0.0213062 -0.0392188  -179.521 -0.330441   178.093 -0.0899927 -0.0185792 -0.0161238 -0.0177577 -0.0441244 -0.0583619   0.0240362  0.0156776 -0.0102556 -0.000669512  0.000731817  -0.00158815 0.0579442  -0.24742  -9.80953 8.22625
-179.565 0.481778  170.275 -0.0885591  0.0200761 -0.0389918 -179.526 -0.32799  178.094 -0.0900031 -0.0185873 -0.0161232  -0.017783 -0.0503914 -0.0545735    0.023378  0.0158104 -0.0104219 -0.000668355  0.000734402  -0.00157911 0.0579479 -0.247429  -9.80949 8.22751
-179.619 0.450973  170.292 -0.0879574  0.0201872 -0.0399737   -179.52 -0.323255   178.094 -0.0899983 -0.0185819 -0.0161321 -0.0106216 -0.0381515 -0.0607816  0.0234693 0.0157001 -0.010389 -0.000665624  0.000730935  -0.00158039 0.0579581 -0.247417   -9.8095 8.22866
-179.719 0.612678  170.393 -0.0872504  0.0198652 -0.0424832  -179.511 -0.318122   178.093 -0.0899969 -0.0185876 -0.0161318 0.00475994 -0.0258108 -0.0457635    0.023525  0.0158666 -0.0101918 -0.00066262 0.000725896 -0.00158043 0.0579695 -0.247399   -9.8095 8.23129
-179.737  0.45499   170.39 -0.0875563  0.0204694 -0.0427456  -179.505 -0.321193   178.092 -0.0899993 -0.0185897 -0.0161245 0.000251258  -0.0148032  -0.0426102   0.0235409  0.0155124 -0.0101769 -0.000664549  0.000722569   -0.0015748 0.0579631 -0.247386  -9.80948 8.23202
-179.743  0.41516  170.411 -0.0881221  0.0209851 -0.0422729 -179.502 -0.32485  178.092 -0.0900005 -0.0185894 -0.0161175 -0.00457288   -0.010625  -0.0385349   0.0235628  0.0154329 -0.0101338 -0.000666771  0.000721271   -0.0015709 0.0579554  -0.24738  -9.80946 8.23292
-179.732 0.281837  170.433 -0.0881872  0.0207839 -0.0405878  -179.503 -0.324386   178.092 -0.0899895 -0.0185816 -0.0161131 -0.0110263 -0.0129693 -0.0338083   0.0235141  0.0152753 -0.0100886 -0.000667111  0.000721488  -0.00154767 0.0579551 -0.247379  -9.80936 8.23461
-179.753 0.422942   170.43 -0.0879081  0.0203143  -0.041042  -179.504 -0.321317   178.092 -0.0899883 -0.0185811 -0.0161184  -0.010428  -0.015511 -0.0420092  0.0235239 0.0158437 -0.010048 -0.000665392    0.0007223  -0.00154702  0.057961 -0.247383  -9.80936 8.23532
-179.735 0.588166  170.366 -0.0867616  0.0200142 -0.0435561  -179.498 -0.310451   178.092 -0.0899768 -0.0185861 -0.0161234 0.00169566 -0.0165281  -0.049273   0.0231613  0.0164637 -0.0102055 -0.000659237  0.000718852  -0.00155352 0.0579826 -0.247372  -9.80939 8.2381
-179.582 0.436033  170.377 -0.0871988  0.0212064 -0.0437537  -179.487 -0.315534    178.09 -0.0899816 -0.0185964 -0.0161167 0.000633761 -0.00631678  -0.0360602   0.0228923  0.0161444 -0.0101694 -0.000662402  0.000713083  -0.00154573 0.0579722  -0.24735  -9.80936 8.23939
-179.555 0.424516   170.37 -0.0874918  0.0208749 -0.0422178  -179.491 -0.317799   178.091 -0.0899852  -0.018601 -0.0161079 -0.00120132  -0.0139377  -0.0194206   0.0227921  0.0160784 -0.0101601 -0.00066411  0.00071495 -0.00152625 0.0579666 -0.247355  -9.80927 8.24099
-179.557 0.428887  170.359 -0.0877734  0.0205879 -0.0412616  -179.494 -0.319737   178.091 -0.0899871 -0.0186023 -0.0161026 -0.00360551  -0.0165441  -0.0123611   0.0227837  0.0160706 -0.0101739 -0.000665399  0.000716722  -0.00151673 0.0579622  -0.24736  -9.80923 8.24202
-179.671 0.430882  170.347 -0.0879763  0.0200417  -0.040224  -179.496 -0.320913   178.091 -0.0899906 -0.0185951 -0.0161011 -0.0030618 -0.0208557 0.00403043   0.0229465  0.0160118 -0.0101611 -0.000666287  0.000717884  -0.00150308 0.0579594 -0.247363  -9.80916 8.24321
-179.656 0.383335  170.332 -0.0887295  0.0196021 -0.0391063  -179.492 -0.326816    178.09 -0.0899919 -0.0185954 -0.0160884 -0.00918597  -0.0233091  0.00630082   0.0225624  0.0155584 -0.0101293 -0.000669877  0.000715678  -0.00148732 0.0579478 -0.247353  -9.80909 8.24463
-179.655 0.314264  170.363  -0.089146  0.0197907 -0.0392608 -179.485 -0.32959  178.089 -0.0899943 -0.0186014 -0.0160815 -0.0110285  -0.019922 0.00261381    0.0224732   0.0152168 -0.00994278 -0.000671324  0.000711965  -0.00149116 0.0579431  -0.24734  -9.80911 8.24511
 -179.76 0.363546    170.4 -0.0890257  0.0195541 -0.0367379  -179.486 -0.327303    178.09 -0.0899947 -0.0185825 -0.0160803   -0.01071 -0.0163161  0.0161301    0.0227364   0.0153274 -0.00978193 -0.000670604  0.000712662  -0.00145709 0.0579466  -0.24734  -9.80896 8.24765
-179.765 0.355485  170.415 -0.0890708  0.0189799 -0.0365661  -179.491 -0.326533    178.09 -0.0899931 -0.0185791 -0.0160858 -0.00971679  -0.0173697   0.0185485    0.0226838   0.0152396 -0.00966767 -0.000669997  0.000714936  -0.00145665 0.0579485 -0.247348  -9.80896 8.24825
 -179.81 0.422537  170.559 -0.0893806  0.0179132  -0.035818 -179.501  -0.3276  178.091 -0.0899849 -0.0185653 -0.0160953 -0.00913315  -0.0202037   0.0295486    0.0227719   0.0154231 -0.00907253 -0.000670574  0.000720116  -0.00144939 0.0579467 -0.247366  -9.80892 8.24959
-179.698 0.443032  170.468 -0.0891918  0.0183116 -0.0341559  -179.485 -0.323142    178.09 -0.0899901 -0.0185757 -0.0160914 -0.00630164  -0.0115827   0.0317713    0.0211454   0.0150233 -0.00976866 -0.000668835  0.000711729  -0.00144244 0.0579527 -0.247336   -9.8089 8.25131
-179.685 0.359612  170.427 -0.0891745   0.019257  -0.033597 -179.469 -0.32308  178.089 -0.0899915 -0.0185847 -0.0160849 -0.00793228 -0.00417909    0.018773     0.021192    0.014681 -0.00986828 -0.000668913  0.000703548  -0.00144313  0.057953 -0.247308  -9.80891 8.25241
-179.723 0.434871  170.387 -0.0890513  0.0186939 -0.0331922  -179.475 -0.319805    178.09 -0.0899928 -0.0185802 -0.0160914 -0.00693856 -0.00752087   0.0210802    0.021313  0.0150119 -0.0100508 -0.000667178  0.000706978  -0.00143913 0.0579586  -0.24732  -9.80889 8.25311
-179.734 0.362478  170.412 -0.0894462   0.018508 -0.0335453  -179.476 -0.323264    178.09 -0.0899929 -0.0185808 -0.0160902 -0.00808111 -0.00957555   0.0205659    0.0212562   0.0145759 -0.00990796  -0.0006688 0.000707531 -0.00145072 0.0579528 -0.247322  -9.80894 8.25368
-179.724 0.518043  170.386 -0.0897752   0.019096 -0.0335527  -179.466 -0.327604   178.088 -0.0899872  -0.018588 -0.0160844 -0.0087603 -0.0077041  0.0238401    0.0211309   0.0152278 -0.00998427 -0.000671231   0.00070252  -0.00145705 0.0579447 -0.247305  -9.80897 8.25435
-179.701 0.667475  170.471   -0.08875  0.0197757 -0.0325405  -179.445 -0.309741   178.087 -0.0899839 -0.0185978 -0.0160829 -0.000972729  -0.00344539    0.0246157   0.0204049    0.01692 -0.0086617 -0.000661663  0.000691609  -0.00146261 0.0579775 -0.247269  -9.80901 8.25594
-179.619 0.466202  170.346 -0.0880023  0.0201931  -0.031574  -179.436 -0.299143   178.087 -0.0899838 -0.0185986 -0.0160907 0.00304543 0.00122814  0.0305971    0.0201988   0.0164607 -0.00895684 -0.000656319  0.000686537  -0.00145316 0.0579959 -0.247252  -9.80897 8.25723
-179.663 0.479179  170.415 -0.0883532  0.0199791   -0.03144   -179.44 -0.304453   178.087 -0.0899823 -0.0185973 -0.0160876 -0.000943305 -4.48917e-05    0.0246113    0.0202865   0.0164276 -0.00870483 -0.000658968  0.000688894  -0.00145847 0.0579869  -0.24726  -9.80899 8.25767
 -179.59 0.555994  170.377 -0.0888958  0.0196921  -0.031851  -179.445 -0.311766   178.087 -0.0899775 -0.0185931 -0.0160843 -0.00644538 -0.00192268   0.0117551    0.0199774   0.0166418 -0.00880845 -0.000662693  0.000691681  -0.00147439 0.0579738  -0.24727  -9.80906 8.2584
-179.617 0.610001  170.298 -0.0894766  0.0200554 -0.0317021 -179.439 -0.32104  178.086 -0.0899749 -0.0186015 -0.0160777   -0.0108413 -0.000462653   0.00794125    0.0201228   0.0169193 -0.00921888 -0.000667755  0.000689125  -0.00147323 0.0579568  -0.24726  -9.80905 8.25911
-179.584 0.450634  170.332 -0.0896063  0.0213079 -0.0314607  -179.414 -0.319204   178.084 -0.0899738 -0.0186115 -0.0160707 -0.0044962  0.0054179 0.00668812    0.0196078   0.0136732 -0.00849812 -0.000666834  0.000675576  -0.00147609 0.0579615 -0.247213  -9.80907 8.26039
-179.551 0.394083  170.591 -0.0890408  0.0217156 -0.0315843  -179.407 -0.312197   178.084 -0.0899829 -0.0186148 -0.0160771  0.0193114 0.00675064 0.00790448    0.0195778   0.0136692 -0.00820231 -0.000662937  0.000671936  -0.00148604 0.0579744 -0.247202  -9.80912 8.2611
-179.598 0.513111  170.651 -0.0890004  0.0220687 -0.0314918  -179.402 -0.317687   178.083  -0.089985 -0.0186126 -0.0160717  0.0281353 0.00768088  0.0118512    0.0196973   0.0139332 -0.00810831 -0.000665889  0.000669648  -0.00148683 0.0579646 -0.247193  -9.80912 8.26146
-179.605 0.537685  170.643 -0.0894575   0.022215 -0.0313521  -179.401 -0.326432   178.082 -0.0899845 -0.0186078 -0.0160652 0.0253065 0.0085712 0.0128234    0.0197271    0.013908 -0.00809949 -0.000670622  0.000669014  -0.00148249 0.0579489  -0.24719   -9.8091 8.26196
-179.814 0.544718  170.814 -0.0888211  0.0215135 -0.0309209  -179.416 -0.325233   178.084 -0.0899696  -0.018603  -0.016082   0.0327426 -0.00946822   0.0146975     0.019866   0.0138775 -0.00812498 -0.000669989  0.000676612  -0.00147808  0.057951 -0.247216  -9.80908 8.263
-179.736 0.492998  171.665 -0.0862926  0.0216092 -0.0305271  -179.401 -0.293944   178.084 -0.0900143 -0.0186841 -0.0161008  0.0152418 -0.0232659  0.0129067     0.019202   0.0138978 -0.00700376 -0.000652747  0.000668889  -0.00148587 0.0580082 -0.247193  -9.80913 8.26556
-179.769 0.455125  171.829 -0.0860932  0.0212516 -0.0299299    -179.4 -0.297525   178.085 -0.0900136 -0.0186723  -0.016098   0.0193075 -0.00353949   0.0210659    0.0188614    0.013293 -0.00865655 -0.000655057  0.000668763   -0.0014785     0.058 -0.247192   -9.8091 8.26629
-179.779 0.476854  171.892 -0.0862654  0.0206296 -0.0293956  -179.414 -0.303883   178.085  -0.089975 -0.0186504 -0.0161007  0.0157582 0.00889035  0.0277571    0.0187096   0.0134139 -0.00885786 -0.000658516  0.000675617  -0.00147151 0.0579892 -0.247215  -9.80906 8.26713
-179.781 0.485016  171.881 -0.0866123  0.0200847 -0.0293083  -179.425 -0.309283   178.086 -0.0899455 -0.0186338 -0.0161022  0.0130244 0.00491642  0.0287741     0.018633   0.0134677 -0.00901524 -0.000661408  0.000681065  -0.00146913 0.0579801 -0.247233  -9.80904 8.26778
-179.752 0.308254  171.768 -0.0871434  0.0200494  -0.029201  -179.429 -0.321515   178.086 -0.0899391 -0.0186205 -0.0160855 -0.00172928  0.00584697   0.0141717    0.0185784   0.0132286 -0.00912974 -0.000667735  0.000683406    -0.001482 0.0579587 -0.247241  -9.80909 8.26832
 -179.796 -0.209289   172.624 -0.0853473  0.0198013 -0.0290045  -179.422 -0.285783   178.087  -0.090009 -0.0187232 -0.0161666 -0.00149508  -0.0265408   0.0315827    0.0184537   0.0130066 -0.00868025 -0.000648213  0.000679111  -0.00149657 0.0580219 -0.247229  -9.80917 8.27014
-179.654 -1.15443  173.166 -0.0851765  0.0204649  -0.027631    -179.4 -0.284732   178.088 -0.0900438 -0.0187317 -0.0161793 0.00633157 -0.0118543  0.0365893    0.0175679   0.0107897 -0.00841879 -0.000647148  0.000669567  -0.00147989 0.0580246 -0.247196  -9.80911 8.27168
-179.494  -1.6721  173.392 -0.0853462  0.0202654 -0.0267574  -179.402 -0.289775   178.089 -0.0899939 -0.0187231 -0.0161497  0.00775443 -0.00500849   0.0426155    0.0170342  0.00993076 -0.00849164 -0.000649758  0.000671011  -0.00147246 0.0580174 -0.247202  -9.80907 8.27259
-179.281 -2.02774  173.487  -0.085568  0.0199115 -0.0263783  -179.407 -0.294395    178.09 -0.0899806 -0.0187062 -0.0161159 0.0096505  0.001888 0.0480232    0.0165386  0.00968104 -0.00861801 -0.000651936  0.000674036   -0.0014775 0.0580107 -0.247213  -9.80909 8.27316
-179.079 -2.14101  173.626 -0.0856223  0.0183447 -0.0261799  -179.432 -0.294748   178.093 -0.0899228 -0.0186987 -0.0160698   0.0107838 -0.00183857   0.0437057    0.0161346  0.00996915 -0.00845623 -0.00065192 0.000686161 -0.00148957 0.0580135 -0.247256  -9.80913 8.27474
-176.904 -2.49455  173.299 -0.0848753  0.0222097 -0.0244014   -179.38 -0.298482   178.087 -0.0899022 -0.0187563 -0.0163791  0.0152122 0.00822092   0.042915    0.0156902   0.0100733 -0.00893835 -0.00065442 0.000660713  -0.0014703 0.0579986 -0.247168  -9.80908 8.27906
-170.597 -1.21355  173.642  -0.084053  0.0251619 -0.0151383  -179.374 -0.299756   178.076 -0.0900288 -0.0214618 -0.0161467  0.0145116 -0.0114694   0.113391     0.008674   0.0126092 -0.00895972 -0.000650167  0.000670661  -0.00133494 0.0580147 -0.247183  -9.80847 8.28881
-164.979 0.434339   173.48 -0.0826195  0.0258987  -0.012524 -179.373 -0.29161   178.09  -0.090149 -0.0222375  -0.016138   0.0212505 -0.00376498    0.126852  0.00300674  0.0149452 -0.0100815 -0.000634828  0.000672144  -0.00131572 0.0580718  -0.24719  -9.80839 8.29188
-160.73 1.36393 173.956 -0.0829716  0.0232384 -0.0179832  -179.363 -0.299147   178.126 -0.0896911 -0.0187749 -0.0175796 0.0172622 0.0216036 0.0794421  0.00173529  0.0155871 -0.0100244 -0.000646544  0.000656467   -0.0013998 0.0580256 -0.247174  -9.80882 8.29797
-157.412  2.71069  174.797 -0.0827646  0.0223036 -0.0177913  -179.369 -0.296109   178.158 -0.0895152 -0.0180794 -0.0174822 0.0196746 0.0297259 0.0581669    0.0019016   0.0171656 -0.00966249 -0.000649506  0.000658921  -0.00141551  0.058017 -0.247195  -9.80888 8.29894
-150.797  4.87604  176.768 -0.0823221  0.0237354 -0.0169063  -179.364 -0.284219   178.178 -0.0894438 -0.0178281 -0.0177015  0.025333 0.0728255 0.0412616   0.00358555   0.0179684 -0.00663507 -0.000668168  0.000663992  -0.00142087 0.0579239 -0.247215  -9.80892 8.30068
-147.083  6.73313  178.393 -0.0826016  0.0243734 -0.0187179  -179.366 -0.296312   178.231 -0.0890386 -0.0167402  -0.018504 0.0124151 0.0879986 0.0261846   0.00770491   0.0196781 -0.00727972 -0.000673885  0.000657489  -0.00144786 0.0579102  -0.24723  -9.80906 8.30262
-144.179  7.89102  179.813 -0.0813367  0.0193437 -0.0229039  -179.391 -0.289922   178.274 -0.0875227 -0.0134217  -0.018523 -0.00111315   0.0938396 -0.00368612   0.00841684   0.0199681 -0.00691876 -0.000681664  0.000657126  -0.00152648 0.0579191 -0.247306   -9.8094 8.30929
-140.559  8.36869  -178.78 -0.0808891  0.0183892 -0.0241454   -179.4 -0.28152  178.278 -0.0869459 -0.0120937  -0.018357 -0.0201283   0.128108 0.00235624   0.00796747   0.0193096 -0.00593645 -0.00068785 0.000659933 -0.00155355 0.0579068 -0.247341  -9.80951 8.31092
-137.978  8.33569 -177.733 -0.0812029  0.0179509 -0.0275745 -179.399 -0.27595  178.285 -0.0864951 -0.0100666 -0.0193993  -0.0362819    0.170863 -0.00644993    0.0103631   0.0172418 -0.00485776 -0.000699811   0.00065523  -0.00158831 0.0578557 -0.247375  -9.80971 8.31439
-134.112  8.78449 -176.084 -0.0842969  0.0243485 -0.0300499  -179.387 -0.295428   178.277 -0.0868046 -0.0101769 -0.0203419 -0.0454807   0.216129 -0.0320642    0.0112272   0.0171051 -0.00474463 -0.000710877  0.000646594  -0.00159721 0.0577964 -0.247369  -9.80981 8.32191
-131.037  8.82233 -174.793 -0.0859599  0.0284872 -0.0310525  -179.389 -0.295237   178.271  -0.0867648 -0.00994851  -0.0204234 -0.0515835   0.227641 -0.0366071   0.0138644   0.015423 -0.0035634 -0.000721374  0.000649299  -0.00160262 0.0577529 -0.247387  -9.80983 8.32649
-128.775  8.93426 -173.684 -0.0864371  0.0337864 -0.0288258  -179.392 -0.289759   178.275 -0.0866178 -0.0100943 -0.0198248 -0.0495496   0.253146 -0.0305794    0.0158126   0.0151783 -0.00378582 -0.00071848 0.000663826 -0.00156753   0.05777 -0.247372  -9.80962 8.33225
-127.582  9.12782 -172.905 -0.0856547  0.0384596 -0.0255551  -179.399 -0.274651   178.292 -0.0863189  -0.010045 -0.0189677 -0.0407782   0.276646 -0.0285713    0.0190994   0.0149159 -0.00439516 -0.000708856  0.000684904  -0.00152561 0.0578178 -0.247361  -9.80935 8.33801
-127.932  9.82938 -172.693 -0.0854282  0.0420375 -0.0366396  -179.397 -0.271666   178.315 -0.0862858 -0.0100645 -0.0204802 -0.0322724   0.309061  -0.123465    0.0245925   0.0146875 -0.00678223 -0.000703151  0.000629796    -0.001663 0.0578453 -0.247428  -9.81011 8.34966
 -132.79  10.0917 -172.927  -0.088792  0.0613728 -0.0501207 -179.321 -0.30653  178.354 -0.0867716 -0.0147052 -0.0184234 -0.0452551   0.378243  -0.254689    0.0674548  0.00548203 -0.00673335 -0.000695169  0.000542045  -0.00181675 0.0578603 -0.247408  -9.81105 8.37347
-139.007  11.5029 -173.492  -0.090041  0.0812304 -0.0613314  -179.262 -0.311658   178.332 -0.0861388 -0.0176971 -0.0151817 -0.0539712   0.420005   -0.32478    0.0728357  0.00536836 -0.00884881 -0.000697058  0.000482476  -0.00190437  0.057863 -0.247332  -9.81157 8.39631
-142.804  12.0302  -173.78 -0.0902705  0.0700494 -0.0586675  -179.379 -0.292556     178.4 -0.0878987 -0.0116971 -0.0224741 -0.0379873   0.352516  -0.239039    0.0771238    0.004808 -0.00812699 -0.000686717  0.000573328  -0.00171198   0.05787 -0.247361  -9.81055 8.40781
-147.172  12.3588 -174.813 -0.0896131   0.063284 -0.0559986  -179.453 -0.266266   178.461  -0.0893835 -0.00684869  -0.0276484 -0.0247644   0.298298  -0.183887   0.0800393 0.00373936 -0.0087817 -0.000676506  0.000617344  -0.00156861 0.0578729 -0.247284  -9.80984 8.41511
-150.617  12.8948 -175.515 -0.0886418   0.057593 -0.0579845 -179.538 -0.24551  178.478  -0.0905263 -0.00514429  -0.0319222 -0.0141474   0.230162    -0.1545    0.0799253  0.00429747 -0.00822764 -0.000665593  0.000652913  -0.00152084 0.0579137 -0.247299  -9.80947 8.42121
-157.716  13.5813 -177.764 -0.0920273  0.0542213 -0.0654562  -179.631 -0.258575   178.442 -0.0918308 -0.0060686 -0.0355768 -0.0293762   0.134607  -0.150728   0.0845137 0.00283497 -0.0115436 -0.000699939  0.000681074   -0.0015408 0.0577956 -0.247403  -9.80938 8.43008
-164.722  14.0292 -179.997 -0.0946808  0.0536248 -0.0722085  -179.672 -0.263809   178.414 -0.0926238 -0.0073458 -0.0373836 -0.0408954  0.0641864  -0.152095   0.0893162 0.00164696 -0.0149436 -0.000725157   0.00068942  -0.00156126 0.0576961 -0.247452  -9.80942 8.43736
-169.744   14.022  178.667 -0.0949975  0.0499371 -0.0724734  -179.696 -0.254852    178.45  -0.0935344 -0.00519626  -0.0394325 -0.0395282  0.0221938  -0.144094    0.0920486 0.000680041  -0.0154333 -0.000715286  0.000705127  -0.00151227 0.0577097 -0.247439  -9.80917 8.44107
-173.792  13.6565  177.532 -0.0962734  0.0458355 -0.0646674   -179.69 -0.256109    178.53 -0.0939194 0.00193864 -0.0405514 -0.043555 0.0157823 -0.102118    0.0936043 -0.00157962  -0.0157542 -0.000714448  0.000721149  -0.00136621 0.0576644 -0.247305  -9.80857 8.44998
-178.073  13.2542  176.161 -0.0955379  0.0427167 -0.0629526  -179.701 -0.234593   178.574 -0.0943035 0.00459976 -0.0416922 -0.0374506 -0.0180298 -0.0821597   0.0938213 -0.0019792 -0.0161485 -0.000702215  0.000731522  -0.00131539 0.0576876 -0.247262  -9.80833 8.45362
173.135 12.1144 173.022 -0.0954998  0.0347189 -0.0686108  -179.763 -0.204107   178.589 -0.0960369 0.00434177 -0.0445247 -0.0201519  -0.152444 -0.0942601    0.0933876 -0.00192473  -0.0166212 -0.000689904  0.000737851  -0.00134345 0.0577416 -0.247325  -9.80832 8.46341
166.298 10.6247 170.491 -0.0919783  0.0302736 -0.0699876  -179.744 -0.154418    178.67 -0.0953038  0.0050049 -0.0438153 0.00244258  -0.226442  -0.113886    0.0926251 -0.00207351  -0.0176279 -0.000659059  0.000733392  -0.00133357 0.0578456 -0.247261  -9.80827 8.46925
165.188 9.86401 169.885 -0.0930214  0.0214025 -0.0689212  -179.79 -0.15943  178.665 -0.0960159 0.00697274 -0.0453547 -0.00575191   -0.295084   -0.101283    0.0902863 -0.00226176  -0.0172708 -0.000665258  0.000775645   -0.0012916 0.0578058 -0.247374  -9.80793 8.47824
165.395 9.88557 169.902 -0.0929986  0.0185952 -0.0678962 -179.813 -0.15626  178.666 -0.0963897 0.00785877 -0.0461276 -0.0037108  -0.309024 -0.0903781    0.0898776 -0.00220776  -0.0171905 -0.000662296  0.000793331  -0.00127546 0.0578121  -0.24742  -9.80778 8.48123
165.501 9.88174 169.925 -0.0929526  0.0162641 -0.0672379  -179.834 -0.153169   178.667 -0.0967397 0.00851424 -0.0467971 -0.00161433   -0.321028  -0.0823146     0.089638 -0.00219943  -0.0171185 -0.00065946 0.000806219   -0.001265 0.0578212 -0.247455  -9.80767 8.48366
161.334 6.60189 166.229 -0.0903449 -0.0011749 -0.0740953  -179.752 -0.136882   178.732 -0.0955751 0.00827654  -0.046686 0.0124943 -0.449828 -0.162395    0.0886525 -0.00225542  -0.0178137 -0.000643426  0.000768292  -0.00123082  0.057828 -0.247248  -9.80773 8.50258
162.239 6.25924 167.942 -0.0858557 -0.0069026 -0.0773539 -179.663 -0.11232  178.812  -0.095131  0.0078244 -0.0472522 0.0423066 -0.406878 -0.149254    0.0869529 -0.00212559  -0.0146383 -0.000603422  0.000740762  -0.00115649 0.0578707 -0.247027  -9.80755 8.51055
  162.4  6.3721 168.141  -0.0847736 -0.00263602  -0.0765285  -179.621 -0.107687   178.839  -0.094984 0.00763628 -0.0474792 0.0501807 -0.368051 -0.140314    0.0866772 -0.00201269  -0.0143938 -0.000590467  0.000729118  -0.00112257 0.0578692 -0.246935  -9.80748 8.51503
162.453 6.42822 168.235  -0.0840618 0.000297948  -0.0757033  -179.591 -0.105291   178.857 -0.0948617  0.0074862 -0.0476269 0.0550984 -0.341617 -0.131834    0.0865826 -0.00195106  -0.0143056 -0.000580758  0.000723312  -0.00109554 0.0578679 -0.246876  -9.80742 8.51816
159.066 4.31425  167.98 -0.0818725 -0.0115001 -0.0688425  -179.578 -0.115731   178.853 -0.0935385 0.00657921 -0.0473177  0.0530982  -0.355697 -0.0301837    0.0868952 -0.00227575  -0.0146078 -0.000559936  0.000781078 -0.000970719 0.0578459 -0.247014  -9.80675 8.53198
156.934 3.73855  167.47 -0.0819496 -0.0161505 -0.0712439  -179.524 -0.131322   178.865 -0.0939446 0.00637599 -0.0478022  0.0453489  -0.329381 -0.0749061    0.0859083 -0.00138987  -0.0144103 -0.000570853  0.000754033 -0.000962345 0.0577775 -0.246882  -9.80675 8.53721
159.479 3.66493 168.773 -0.0806673 -0.0187443 -0.0815597  -179.471 -0.133098   178.896 -0.0949164 0.00694608 -0.0486993 0.0563694  -0.28357 -0.138201     0.0826072 -0.000906329   -0.0130241 -0.000586481  0.000711314  -0.00102151 0.057738  -0.2467 -9.80705 8.54793
160.454 3.29875 168.991 -0.0803319 -0.0211967 -0.0804329  -179.467 -0.136717   178.901 -0.0948711 0.00663776 -0.0487767 0.0552566 -0.272639  -0.11472    0.0801069 -0.00130189  -0.0133024 -0.000581788  0.000713629 -0.000995506 0.0577348 -0.246714  -9.80693 8.55065
161.045 2.74925 169.118 -0.0793987 -0.0255606 -0.0759583  -179.472 -0.138397   178.897 -0.0944629 0.00593174 -0.0486893  0.0548288  -0.278073 -0.0572777    0.0790227 -0.00193971  -0.0138474  -0.00057011    0.0007246 -0.000942383 0.0577458 -0.246774  -9.80668 8.55697
 160.64 2.33894 169.302 -0.0785022  -0.026008 -0.0719851  -179.456 -0.140126   178.899 -0.0944594 0.00536101  -0.048948   0.0594071   -0.246122 -0.00415573    0.0795536 -0.00208642  -0.0139819 -0.000561894  0.000715595 -0.000896389 0.0577423 -0.246773  -9.80646 8.56106
158.272 1.09393 170.112 -0.0805439 -0.0299937 -0.0703108   -179.44 -0.163881   178.914 -0.0947391 0.00531892  -0.049037 0.0387408 -0.187238 0.0383653    0.0803729 -0.00202649  -0.0131087 -0.000574701  0.000700611 -0.000885879 0.0576959 -0.246738  -9.80639 8.56585
 156.309 0.626627  170.134 -0.0816492 -0.0315546 -0.0714267  -179.414 -0.181212   178.932 -0.0949845 0.00528806 -0.0492323 0.0487736 -0.173743 0.0160475     0.0792912 -0.000771632    -0.013073 -0.000590251  0.000698032 -0.000918422  0.057653 -0.246681  -9.80647 8.56806
 157.093 0.455179  170.134 -0.0814636 -0.0326418 -0.0765875  -179.407 -0.183623    178.94  -0.094915 0.00542884 -0.0493391  0.0506848  -0.178839 -0.0329975    0.0760596 -0.00040543  -0.0132725 -0.000598576  0.000719819 -0.000973416 0.0576389 -0.246664   -9.8067 8.57334
 157.391 0.507391  170.171 -0.0817424  -0.032709 -0.0780403 -179.408 -0.18548  178.942 -0.0948815 0.00548601 -0.0493512  0.0485616  -0.178776 -0.0451862     0.0753754 -0.000315075   -0.0131531 -0.000601043  0.000726418 -0.000987543 0.0576348 -0.246662  -9.80677 8.57482
160.137 1.11235 170.345 -0.0788992 -0.0403468 -0.0847831  -179.423 -0.172904   178.936 -0.0943401 0.00614714 -0.0488836  0.0642528  -0.217361 -0.0961964    0.0732849 0.000566116  -0.0128176 -0.000601321  0.000766639  -0.00105758 0.057659 -0.24671 -9.80709 8.5854
164.732 2.14181 171.468  -0.080593 -0.0367726 -0.0884403  -179.353 -0.205903   178.985 -0.0947566 0.00628196 -0.0501062  0.0412118  -0.112081 -0.0608006     0.071732 0.000999975  -0.0122422 -0.000626274  0.000732141  -0.00108378 0.0575791 -0.246615   -9.8071 8.59078
169.563 1.07776 172.651 -0.0786883 -0.0324148  -0.091239  -179.285 -0.209571   178.979 -0.0951048 0.00634944 -0.0511936  0.0402741 -0.0323191 -0.0529073    0.0704439 -0.00122589  -0.0117792 -0.000632337  0.000702892  -0.00110322 0.0575517 -0.246533  -9.80709 8.5963
  171.26 0.254634  172.818 -0.0811701 -0.0377615  -0.084633 -179.347 -0.23089   178.97 -0.0946968 0.00488933  -0.050734   0.0123333  -0.0798157 0.000116119     0.068458 -0.00322645  -0.0120984 -0.000627752  0.000697426 -0.000993091 0.0575646 -0.246566   -9.8067 8.60515
171.454 0.17666 172.798  -0.081297 -0.0410536 -0.0825794  -179.377 -0.230338   178.962 -0.0944954 0.00448728 -0.0503052 0.00938625  -0.106741  0.0133382   0.0678942 -0.0035061 -0.0121247 -0.000622488  0.000704126 -0.000961545 0.0575826 -0.246597   -9.8066 8.60904
 179.381 -1.08881  172.979 -0.0812955 -0.0485933 -0.0785037  -179.432 -0.233521   178.966 -0.0941074 0.00346227 -0.0491095 0.0143371 -0.167891 0.0259969    0.0625351 -0.00381698  -0.0125384 -0.000610515  0.000723098 -0.000914954 0.0576361 -0.246657   -9.8064 8.61761
 -173.393 -0.483953   175.523 -0.0877559 -0.0512923 -0.0769361  -179.435 -0.278809   179.065 -0.0941979 0.00325546 -0.0493754 -0.0335882  -0.148404  0.0424622     0.062033 -0.00128873  -0.0109056 -0.000655206  0.000711752 -0.000899158 0.0574787 -0.246633  -9.80633 8.62478
-175.044 0.811877  175.192 -0.0915538 -0.0547687 -0.0800591  -179.485 -0.309065    179.19 -0.0937557 0.00384683 -0.0490969 -0.067165 0.0756385  -0.10502    0.0940952 -0.00650633  -0.0238404 -0.000672718  0.000740694 -0.000973516  0.057455 -0.246686  -9.80671 8.6308
-177.332 0.355927  175.006 -0.0941374 -0.0474724 -0.0846213  -179.422 -0.329519   179.204 -0.0936456 0.00384232 -0.0494382 -0.130103  0.140695 -0.221155    0.0977734 -0.00641463  -0.0237874 -0.00068428 0.000730911 -0.00102808  0.057423 -0.246637  -9.80684 8.63979
-177.571 0.368307  175.031 -0.0949741 -0.0442275 -0.0845709  -179.392 -0.341284   179.214 -0.0936749 0.00377301 -0.0496105 -0.136675  0.165666 -0.219851    0.0982237 -0.00642904  -0.0237547 -0.00069044 0.000719223 -0.00103723 0.0574046 -0.246605  -9.80683 8.64314
-177.686 0.377965  175.056 -0.0956535 -0.0419458 -0.0844825  -179.371 -0.350323   179.221 -0.0937042   0.003725 -0.0497258 -0.141952  0.183233 -0.218505    0.0984397 -0.00643847  -0.0237172 -0.000695061  0.000710801  -0.00104292 0.0573908 -0.246583  -9.80681 8.64552
 -178.191 -0.854191   173.956  -0.106829 -0.0312517   -0.09194  -179.347 -0.388926   179.251 -0.0935191 0.00357508 -0.0495951 -0.192785  0.183895 -0.116748    0.0985681 -0.00620962  -0.0241005 -0.000712839  0.000707148  -0.00105809 0.0573457 -0.246579  -9.80681 8.66269
 -178.751 0.0507869   173.211  -0.113854 -0.0260887 -0.0962688  -179.358 -0.387105    179.25 -0.0935298 0.00347684 -0.0496994   -0.17625   0.132548 -0.0531164     0.098645 -0.00567175  -0.0241782 -0.000711368  0.000717228   -0.0010704 0.0573461 -0.246595  -9.80689 8.67243
  -179.017 -0.0500257    173.029  -0.114564 -0.0251116 -0.0952304  -179.361 -0.373139   179.242  -0.093677 0.00370213 -0.0496719  -0.154145   0.113022 -0.0327127    0.0988221 -0.00572583  -0.0241264 -0.000706534  0.000708452  -0.00104663 0.0573601 -0.246584   -9.8068 8.67402
-179.186 0.126527   172.98  -0.114815 -0.0249708 -0.0902431  -179.372 -0.352848   179.233  -0.094178 0.00440094 -0.0495856 -0.134566 0.0999882 0.0215898    0.0989556 -0.00499428   -0.024125 -0.000700749  0.000679907 -0.000966325 0.0573801 -0.246552  -9.80647 8.67902
-179.202 0.314897  173.073  -0.115413 -0.0242942 -0.0886772  -179.377 -0.339684   179.225 -0.0943268  0.0045958 -0.0495629  -0.13355 0.0971294 0.0445816    0.0990007 -0.00463566  -0.0238202 -0.000696176  0.000673906  -0.00094689 0.0573927 -0.246543  -9.80639 8.68082
  -179.41 0.0712979   173.297  -0.116226  -0.021047 -0.0862104  -179.366 -0.308897   179.211 -0.0943447 0.00471275 -0.0494383 -0.105005  0.099076 0.0801038    0.0991118 -0.00504418  -0.0233608  -0.00068579  0.000667978 -0.000940565 0.0574183 -0.246524  -9.80636 8.68498
  -179.433 -0.0621278    173.384  -0.115347 -0.0161211 -0.0829616  -179.347 -0.262795   179.194 -0.0943509 0.00478772 -0.0492912 -0.0679289   0.108129  0.0628321    0.0988879 -0.00523208  -0.0231576 -0.000670564  0.000661546 -0.000938943 0.0574507 -0.246496  -9.80635 8.69095
    -179.4 -0.0626058    173.378  -0.112884 -0.0152388 -0.0827988  -179.335 -0.239268   179.186 -0.0943465 0.00481566 -0.0492047 -0.0474719   0.116128  0.0624214   0.0988626 -0.0052306 -0.0231686 -0.000662675  0.000657972 -0.000939804 0.0574671 -0.246482  -9.80635 8.69357
-179.393 0.150134  173.225   -0.11324 -0.0130879 -0.0779821  -179.341 -0.228997   179.186 -0.0944811 0.00511436 -0.0491447 -0.0435778   0.109092  0.0701844    0.0987832 -0.00502333  -0.0232544 -0.000661454  0.000652402 -0.000895278 0.0574741 -0.246474  -9.80616 8.69886
-179.479 0.263172  173.267  -0.112897 -0.0119448 -0.0764401  -179.343 -0.219137   179.184 -0.0945122 0.00517603  -0.049137 -0.0361615   0.104337  0.0693226     0.098796 -0.00478223  -0.0231654 -0.000658537  0.000651802 -0.000886943 0.0574817 -0.246471  -9.80613 8.70081
-179.612 -0.03921  173.325   -0.109542 -0.00872209  -0.0749041  -179.333 -0.180162   179.178  -0.094529 0.00519416 -0.0491059 0.00124907   0.113726  0.0660515    0.0988035 -0.00548964  -0.0229985  -0.00064372  0.000648102 -0.000889153 0.0575151 -0.246451  -9.80615 8.70571
  -179.727 -0.0322059    173.305  -0.107192  -0.004065 -0.0723899  -179.327 -0.160481   179.177 -0.0945394 0.00520967 -0.0490973 0.0213538  0.116829  0.063891    0.0985498 -0.00545183   -0.022911 -0.00063567 0.000645684 -0.00088777 0.0575342  -0.24644  -9.80616 8.7115
-179.799 0.104854   173.29  -0.105412 -0.0045132 -0.0706734  -179.345 -0.146293   179.179 -0.0945424 0.00525266 -0.0491479 0.0339551  0.103284 0.0749788      0.09853 -0.00514344  -0.0228838 -0.000630699  0.000652243 -0.000876497 0.0575511 -0.246452  -9.80612 8.71401
-179.613 0.250587  173.257   -0.104841 -0.00402244   -0.068849  -179.351 -0.144148   179.179 -0.0945547 0.00528606 -0.0491512  0.034824 0.0961213  0.080835    0.0979503 -0.00479782  -0.0229235 -0.000630584  0.000654671 -0.000864312 0.0575531 -0.246458  -9.80607 8.71598
  -179.7 0.353837  173.196     -0.1043 -0.00334289  -0.0673952  -179.356 -0.143119    179.18 -0.0945587 0.00529721 -0.0491581 0.0361896 0.0893622 0.0868783    0.0979713 -0.00448941  -0.0230327 -0.000630503  0.000657062 -0.000859685 0.0575545 -0.246463  -9.80605 8.71768
-179.776 0.246009  173.256   -0.101408 -0.00218202  -0.0652817  -179.363 -0.123362   179.182 -0.0945547  0.0053066 -0.0491794 0.0514479 0.0834416 0.0863796    0.0975712 -0.00544374  -0.0223341 -0.000621571  0.000659611 -0.000856715 0.0575803 -0.246465  -9.80604 8.72144
-179.991 0.283609  173.303  -0.0983605 0.000276746  -0.0618501  -179.371 -0.114541   179.183 -0.0945442 0.00530389 -0.0491959 0.0572128 0.0744202 0.0842098    0.0975504 -0.00525064   -0.022157 -0.000617366  0.000663408 -0.000861299 0.0575935 -0.246474  -9.80606 8.72665
 -179.97 0.286293  173.377  -0.0973001 0.000606216  -0.0613324  -179.376 -0.110405   179.184 -0.0945361 0.00529904 -0.0492063 0.0563173 0.0704123 0.0731808     0.097427 -0.00520669  -0.0220287 -0.000615256  0.000665782 -0.000868355 0.0576001  -0.24648  -9.80609 8.72787
-179.839 0.408062   173.25  -0.0972783 0.000123161  -0.0622158 -179.389 -0.11538  179.185 -0.0945161 0.00528966 -0.0492139 0.0500906 0.0611773 0.0553885   0.0970977 -0.0049907 -0.0222055 -0.000617365  0.000671636 -0.000894992 0.0575961 -0.246499   -9.8062 8.72888
-179.905  0.37891  173.169   -0.0965998 -0.000687885   -0.0620117 -179.405 -0.11313  179.187  -0.094505 0.00528885 -0.0492159 0.0506658 0.0491552 0.0522656    0.0971089 -0.00521422  -0.0226048 -0.000616521  0.000679654 -0.000902703 0.0576013 -0.246521  -9.80623 8.72996
-179.953 0.275247   173.26   -0.0951967 -0.000858523   -0.0610251   -179.42 -0.109618    179.19 -0.0944905 0.00528774 -0.0492162 0.0521945 0.0378712 0.0515268    0.0959567 -0.00644359   -0.021131 -0.000614626  0.000686301 -0.000906663 0.0576105 -0.246538  -9.80624 8.73168
 179.887 0.331308  173.249  -0.0933475 -0.00159876  -0.0594349 -179.443 -0.10795  179.192 -0.0944655 0.00528665 -0.0492077 0.0436961 0.0136043 0.0275856    0.0959262 -0.00631284    -0.02109 -0.000614318  0.000698439 -0.000906272 0.0576162 -0.246571  -9.80623 8.73423
 179.907 0.354686  173.229  -0.0932013 -0.00217307  -0.0597352  -179.452 -0.111871   179.193 -0.0944584 0.00528721 -0.0492013  0.0370403 0.00620132  0.0116627    0.0957487 -0.00626006  -0.0211036  -0.00061631  0.000702681 -0.000917502 0.0576119 -0.246585  -9.80628 8.73489
 179.961 0.372917  173.229  -0.0936999 -0.00249269  -0.0599854  -179.456 -0.117098   179.193 -0.0944544 0.00528704 -0.0491947  0.0338812 0.00419636  0.0102046      0.09564 -0.00627861  -0.0210957 -0.000619024  0.000704671 -0.000922169  0.057605 -0.246591  -9.80629 8.73554
 179.791 0.319629  173.166  -0.0931654 -0.00332332  -0.0606141  -179.468 -0.118853   179.194 -0.0944501 0.00528693 -0.0491852   0.0307737 -0.00101275  -0.0023067    0.0957076 -0.00630189  -0.0211149 -0.000620014  0.000710518 -0.000938249 0.0576038 -0.246609  -9.80635 8.73671
 179.851 0.357308  173.347  -0.0917633 -0.00398985  -0.0603372  -179.476 -0.109553   179.195 -0.0944411 0.00528082 -0.0491913    0.0359635  -0.00874447 -0.000448376    0.0954403 -0.00615723  -0.0208153 -0.000615255  0.000714789 -0.000930663 0.0576193 -0.246619  -9.80633 8.73829
 179.763 0.402584  173.309  -0.0900179 -0.00420625   -0.059698  -179.472 -0.106525   179.195 -0.0944438 0.00527731 -0.0492001  0.0403142 -0.0167441  0.0128907    0.0952882 -0.00608732  -0.0207988 -0.000613774  0.000713127 -0.000919299 0.0576231 -0.246613  -9.80628 8.74016
 179.801 0.415207  173.305  -0.0896829 -0.00422077  -0.0593505  -179.472 -0.102511   179.195 -0.0944443 0.00527431 -0.0492061   0.042777 -0.0169529    0.01549    0.0952401 -0.00606317  -0.0208071 -0.000611724  0.000713274 -0.000912172 0.0576291 -0.246612  -9.80625 8.74064
 179.824 0.422064  173.306  -0.0894414 -0.00425334  -0.0589849   -179.473 -0.0999554    179.195 -0.0944441  0.0052711 -0.0492106  0.0444948 -0.0173458  0.0182728    0.0952113 -0.00604853  -0.0208074 -0.000610308  0.000713607 -0.000904677 0.0576334 -0.246612  -9.80622 8.74108
 179.896 0.333064   173.32 -0.0886788  -0.005451  -0.061306  -179.476 -0.108614   179.196 -0.0944524 0.00529665 -0.0491762  0.0341162 -0.0299693  -0.013298      0.09505 -0.00609555  -0.0207787 -0.000614233  0.000714722 -0.000958623 0.0576212  -0.24662  -9.80644 8.7438
 179.857 0.390114  173.327  -0.0882051 -0.00615139  -0.0613701  -179.477 -0.111704   179.196 -0.0944491 0.00529465 -0.0491727  0.0316164 -0.0278859 -0.0107627    0.0949692 -0.00604753  -0.0207291 -0.000616012  0.000715422 -0.000954093 0.0576166 -0.246623  -9.80642 8.74465
 179.846 0.397194  173.189  -0.0871351 -0.00757233  -0.0613093   -179.48 -0.114724   179.196 -0.0944471 0.00529284 -0.0491677  0.0350783 -0.0329835 0.00684369    0.0946815 -0.00601518  -0.0208454 -0.000617825  0.000716875 -0.000950845 0.0576119 -0.246627   -9.8064 8.74643
 179.953 0.351591  173.154  -0.0875508 -0.00920532  -0.0617471  -179.493 -0.122417   179.197 -0.0944446 0.00529522 -0.0491417   0.0255488  -0.0436885 -0.00129547    0.0945026 -0.00604857  -0.0208519 -0.000622067  0.000723181 -0.000959316 0.0576018 -0.246646  -9.80643 8.74817
     180 0.362101  173.153 -0.0881253 -0.0101068 -0.0619513  -179.502 -0.127451   179.197 -0.0944429  0.0052961 -0.0491231   0.0202835  -0.0517538 -0.00256991   0.0944629 -0.0060298 -0.0208399 -0.000624737   0.00072806 -0.000963078 0.0575958  -0.24666  -9.80645 8.74926
 179.975 0.434905  173.183 -0.0880438 -0.0121615 -0.0619721  -179.509 -0.130341   179.198 -0.0944403 0.00529511 -0.0491131   0.0142795  -0.0664163 -0.00876271    0.0943788 -0.00594994  -0.0207797 -0.000626425  0.000731591 -0.000961471 0.0575924  -0.24667  -9.80644 8.75131
 179.998 0.570778  173.272 -0.0886242 -0.0126864 -0.0617424  -179.502 -0.139291   179.197 -0.0944459 0.00529378 -0.0491135   0.00713347   -0.0582745 -0.000751353    0.093648 -0.0051909 -0.0202073 -0.000630958  0.000727588 -0.000956266 0.0575788  -0.24666  -9.80641 8.75213
 179.867 0.429261  173.287 -0.0891142 -0.0144189 -0.0618247  -179.497 -0.145126   179.197 -0.0944492  0.0052928 -0.0491105 -0.00685068  -0.0596014  -0.0205169    0.0935028 -0.00535658  -0.0201382 -0.000633905  0.000724794 -0.000953035   0.05757 -0.246653   -9.8064 8.75393
 179.914 0.342712  173.218 -0.0901087 -0.0156378 -0.0624434    -179.5 -0.151863   179.197  -0.094447 0.00529393 -0.0490988 -0.0143763 -0.0631904 -0.0231252    0.0931554 -0.00557075  -0.0202777 -0.000637612  0.000726542  -0.00095743 0.0575603 -0.246659  -9.80641 8.75562
  179.95 0.388719  173.152 -0.0902517  -0.018089 -0.0636268  -179.514 -0.149593   179.198  -0.094447 0.00530127 -0.0490887 -0.0133642 -0.0756583 -0.0275847    0.0928265 -0.00535563  -0.0204532 -0.000636892  0.000733668 -0.000969594 0.0575638 -0.246678  -9.80646 8.75835
 179.889 0.476663  173.128 -0.0905377 -0.0194622 -0.0639337  -179.517 -0.150184   179.198 -0.0944475  0.0053028 -0.0490856 -0.0154384 -0.0820842 -0.0313995    0.0927918 -0.00504544   -0.020455 -0.000637302  0.000735554 -0.000968815 0.0575632 -0.246683  -9.80646 8.75978
 179.952 0.394294  173.206 -0.0907964 -0.0196027 -0.0640424  -179.503 -0.151073   179.198 -0.0944541 0.00529395 -0.0490951 -0.0156764 -0.0737388 -0.0287419    0.0919097 -0.00540811  -0.0199688  -0.00063755  0.000727983 -0.000961039 0.0575606 -0.246663  -9.80643 8.7601
 179.901 0.418239  173.269 -0.0915447 -0.0214783 -0.0653281   -179.49 -0.152988   179.197 -0.0944643 0.00528956 -0.0490999 -0.0169967 -0.0765799 -0.0297287    0.0916282 -0.00534509  -0.0198324 -0.000638272  0.000721338 -0.000963069 0.0575565 -0.246646  -9.80644 8.76249
-179.953 0.321186  173.404 -0.0920754  -0.023184 -0.0651734  -179.496 -0.155406   179.198 -0.0944539 0.00529009 -0.0490922 -0.0168535 -0.0824259 -0.0166604    0.0913253 -0.00547161  -0.0196494 -0.000639733  0.000724426  -0.00095544 0.0575541 -0.246654  -9.80641 8.76428
-179.913 0.331384  173.429 -0.0921274 -0.0236524 -0.0649058 -179.501 -0.15579  179.198 -0.0944464 0.00529013 -0.0490883 -0.0174106 -0.0861698 -0.0144219    0.0912791 -0.00546354  -0.0196158 -0.000639973  0.000726664 -0.000951416 0.0575544  -0.24666  -9.80639 8.76483
-180.007 0.404263  173.459 -0.0922462  -0.025976  -0.065255  -179.503 -0.152931   179.198 -0.0944428 0.00528957   -0.04909 -0.0134693 -0.0838084 -0.0116319    0.0912556 -0.00538515  -0.0195515 -0.000638525  0.000727964 -0.000951946 0.0575587 -0.246663  -9.80639 8.76718
-179.928 0.421365  173.287 -0.0916433 -0.0257028 -0.0653573  -179.482 -0.146127   179.197 -0.0944461 0.00528021 -0.0491141 -0.00730522  -0.0693053  -0.0134367    0.0897624 -0.00523001  -0.0206152 -0.000635328  0.000717863 -0.000950395 0.0575627 -0.246636  -9.80639 8.76785
-179.755 0.426744  173.287 -0.0922647 -0.0257045 -0.0654679  -179.451 -0.151725   179.195 -0.0944539 0.00526515 -0.0491343 -0.0129205   -0.05623 -0.0188425    0.0889843 -0.00514119  -0.0205052 -0.000637856  0.000702117 -0.000940476 0.0575512 -0.246596  -9.80635 8.76848
-179.657 0.418531  173.311 -0.0923927  -0.023858 -0.0653108  -179.432 -0.154957   179.194 -0.0944593 0.00525617 -0.0491504 -0.0138589 -0.0420952 -0.0179998    0.0887802 -0.00514916  -0.0204619 -0.000639171  0.000692873 -0.000938422 0.0575447 -0.246573  -9.80634 8.77034
-179.746 0.393477  173.317 -0.0928542   -0.02575   -0.06551  -179.441 -0.156215   179.195 -0.0944555 0.00525617 -0.0491444 -0.00944294   -0.050886  0.00160313    0.0887552 -0.00516194  -0.0204339 -0.000639953  0.000697153 -0.000937945 0.0575441 -0.246584  -9.80634 8.77229
-179.732 0.455506   173.19 -0.0934162 -0.0256492 -0.0650213  -179.433 -0.161641   179.194 -0.0944538 0.00525323 -0.0491456 -0.0138754 -0.0484258 0.00334943    0.0886467 -0.00509368   -0.020543 -0.000642706  0.000693199 -0.000930454 0.0575357 -0.246575  -9.80631 8.77305
-179.728 0.339896  173.178 -0.0936495 -0.0244147 -0.0647629  -179.41 -0.16325  179.193 -0.0944529 0.00524689 -0.0491563 -0.0142988 -0.0347333 0.00345996    0.0879131 -0.00590081  -0.0204579 -0.000643242  0.000681719 -0.000927498 0.0575309 -0.246546   -9.8063 8.77433
-179.898 0.321633  173.213 -0.0937749 -0.0240574  -0.064789  -179.389 -0.159303   179.192 -0.0944614 0.00524427 -0.0491637 -0.0157708 -0.0303113 -0.0172274    0.0878137 -0.00584275  -0.0203114 -0.000640934  0.000671782 -0.000925575 0.0575338  -0.24652  -9.80629 8.77471
-179.883  0.30651   173.22 -0.0935342 -0.0228375 -0.0648673 -179.377 -0.15797  179.192 -0.0944669 0.00524213 -0.0491676 -0.0137449 -0.0209102 -0.0181522     0.087776 -0.00585456  -0.0202921 -0.000640035   0.00066569 -0.000927085 0.0575341 -0.246505   -9.8063 8.77595
-179.836 0.459174  173.023 -0.0939617 -0.0245753 -0.0651552  -179.387 -0.157438   179.192 -0.0944731 0.00524294  -0.049165 -0.0175177 -0.0436549 -0.0288107    0.0876622 -0.00573629   -0.020417 -0.000640089  0.000670867 -0.000921655 0.0575352 -0.246518  -9.80628 8.77777
-179.838 0.456636  172.906 -0.0947217 -0.0264205 -0.0654677  -179.401 -0.161732   179.193 -0.0944828 0.00524135 -0.0491571 -0.0211264  -0.058618 -0.0249222    0.0875711 -0.00574758  -0.0205687  -0.00064253  0.000677564 -0.000920766 0.0575303 -0.246535  -9.80627 8.77979
-179.813 0.320873  173.126 -0.0948947 -0.0259772  -0.065715  -179.385 -0.161225   179.192 -0.0944895 0.00523918 -0.0491629 -0.0180417 -0.0492499 -0.0197337    0.0871089 -0.00623994   -0.019693 -0.000641732  0.000669633  -0.00091892 0.0575309 -0.246514  -9.80627 8.78032
 -179.98 0.166446  173.205 -0.0950563 -0.0258732 -0.0661851  -179.361 -0.156895   179.191 -0.0945094  0.0052378 -0.0491705 -0.0145906 -0.0397113 -0.0212397    0.0870145 -0.00646044  -0.0195216 -0.000639098  0.000657617 -0.000912818 0.0575344 -0.246483  -9.80625 8.78083
  -179.9 0.223781  173.047 -0.0953591 -0.0266598 -0.0668738  -179.363 -0.157445   179.191 -0.0945098 0.00523758 -0.0491696 -0.0158242  -0.044774 -0.0263612    0.0868181 -0.00637147  -0.0196801 -0.000639437  0.000658496 -0.000918156 0.0575334 -0.246486  -9.80627 8.78192
-179.838 0.226878  173.021 -0.0956327 -0.0266044  -0.067028  -179.363 -0.159553   179.191 -0.0945092 0.00523672 -0.0491675 -0.0178394 -0.0443361 -0.0273952   0.0867432 -0.0063696 -0.0197078 -0.000640767  0.000658344 -0.000920417 0.0575299 -0.246486  -9.80627 8.78224
-179.846  0.30958  173.093 -0.0959656 -0.0279978 -0.0677866  -179.366 -0.158241   179.191 -0.0945079   0.005237 -0.0491672 -0.0174725 -0.0457696 -0.0283632    0.0866052 -0.00625732  -0.0195885 -0.000640127  0.000659946 -0.000921905  0.057532 -0.246489  -9.80628 8.78386
-179.919 0.394017  173.183 -0.0946719 -0.0267872 -0.0677469  -179.344 -0.144606    179.19 -0.0945303 0.00523511 -0.0491827 -0.00229015  -0.0303395  -0.0180793    0.0865086 -0.00606191  -0.0193859 -0.000632765  0.000648998 -0.000915597 0.0575481  -0.24646  -9.80626 8.78563
-179.808 0.302593  173.249 -0.0936916 -0.0249691 -0.0674138  -179.311 -0.137534   179.189 -0.0945637 0.00523235 -0.0492063  0.00520814  -0.0109492 -0.00784912     0.086037 -0.00613455  -0.0192588 -0.000628851  0.000632762 -0.000899688 0.0575534 -0.246418   -9.8062 8.78772
-179.681 0.318456  173.249 -0.0939187 -0.0259306 -0.0665673  -179.319 -0.139773   179.189 -0.0945577 0.00523069 -0.0491998   0.00240426   -0.0209605 -0.000988227   0.0858221 -0.0061016  -0.019233 -0.000630349  0.000637081 -0.000884921 0.0575512 -0.246429  -9.80614 8.78903
-179.626 0.342269  173.297 -0.0943341 -0.0261967 -0.0661268  -179.323 -0.143569   179.189 -0.0945552 0.00523014 -0.0491947 -0.00092499  -0.0232098  0.00249798   0.0857634 -0.0060668 -0.0191706 -0.000632414  0.000638679 -0.000878074 0.0575466 -0.246433  -9.80612 8.78969
 -179.77 0.405531   173.26 -0.0941082 -0.0279117 -0.0656869  -179.333 -0.140496    179.19 -0.0945506 0.00522842 -0.0491934 0.00295199 -0.0385584 0.00922134    0.0857831 -0.00601223  -0.0191688 -0.000631145  0.000643912 -0.000872787 0.0575513 -0.246445  -9.80609 8.79147
-179.712 0.257562  173.217  -0.093734 -0.0261384 -0.0649376  -179.309 -0.140154   179.189 -0.0945614 0.00522814 -0.0492081  0.0055763 -0.0204388  0.0112827    0.0855196 -0.00621133  -0.0192289 -0.000630709  0.000632197 -0.000863796 0.0575492 -0.246416  -9.80606 8.79343
-179.715 0.249588  173.247 -0.0925786 -0.0235706 -0.0641604  -179.275 -0.134995   179.187 -0.0945797  0.0052248 -0.0492295  0.00696833 0.000903528  -0.0052129    0.0851397 -0.00614967  -0.0191459 -0.000627726  0.000615883 -0.000857373  0.057552 -0.246376  -9.80604 8.79635
-179.694 0.271794   173.25 -0.0921012 -0.0215046 -0.0639348  -179.255 -0.132696   179.186   -0.09459  0.0052229 -0.0492415   0.0105796   0.0170267 -0.00432727   0.0850795 -0.0061159 -0.0191599 -0.000626354  0.000606656 -0.000854468 0.0575527 -0.246353  -9.80603 8.79849
-179.652 0.171765  173.257 -0.0920245 -0.0219055 -0.0666935  -179.262 -0.132296   179.186 -0.0945925 0.00522627 -0.0492329 0.00546179  0.0103399 -0.0393929    0.0849736 -0.00618193  -0.0191392 -0.000625858  0.000609726 -0.000888214 0.0575538 -0.246362  -9.80617 8.80127
-179.524 0.237869  173.317 -0.0920508 -0.0225249  -0.067446 -179.269 -0.13234  179.187 -0.0945882 0.00522678 -0.0492278  0.0020273 0.00398253 -0.0494761    0.0846593 -0.00602952  -0.0190201 -0.000625988  0.000613056   -0.0008906 0.0575544  -0.24637  -9.80617 8.80225
 -179.42 0.321858   173.44 -0.0924155 -0.0210506 -0.0678681  -179.257 -0.137179   179.186 -0.0946033 0.00522524 -0.0492348 -0.00158096   0.0139711   -0.047796    0.0839106 -0.00564283  -0.0185017 -0.000628247  0.000606597 -0.000883877  0.057547 -0.246354  -9.80615 8.80383
-179.709 0.301036  173.338 -0.0921458 -0.0192227 -0.0703438  -179.244 -0.134254   179.185 -0.0946082  0.0052222 -0.0492397 -0.00655514   0.0202048  -0.0706695    0.0841151 -0.00557426  -0.0186619 -0.000626543  0.000600615 -0.000884603 0.0575497 -0.246339  -9.80615 8.80691
-179.731 0.292563  173.248  -0.093001 -0.0188875 -0.0710352  -179.245 -0.140705   179.185 -0.0946089  0.0052214  -0.049234 -0.0175492  0.0179717 -0.0798599    0.0839695 -0.00553125  -0.0189666 -0.000630232  0.000600786 -0.000878937 0.0575402  -0.24634  -9.80613 8.80806
-179.669  0.17432  173.172 -0.0933782 -0.0196761 -0.0710058  -179.255 -0.141259   179.186 -0.0946105 0.00522409  -0.049229 -0.0220398 0.00846581 -0.0802341    0.0837106 -0.00580871  -0.0191302 -0.000631079  0.000605727 -0.000863617 0.0575393 -0.246352  -9.80607 8.80894
 -179.72 0.288249  173.143 -0.0930359 -0.0205589 -0.0716124  -179.263 -0.134437   179.187  -0.094619 0.00523099  -0.049231 -0.0160644 0.00239337 -0.0750159    0.0837245 -0.00566294  -0.0191488 -0.000627811  0.000610395 -0.000856306 0.0575485 -0.246363  -9.80604 8.81006
-179.684 0.205613  173.123  -0.093174  -0.019427 -0.0726549  -179.253 -0.134363   179.186 -0.0946149 0.00522747 -0.0492354 -0.0144673  0.0101269 -0.0737427    0.0835235 -0.00580335  -0.0191656 -0.000627701  0.000604859 -0.000853353 0.0575478 -0.246349  -9.80603 8.81161
 -179.73 0.327449  173.239  -0.093922 -0.0173399 -0.0756061 -179.239 -0.13753  179.185 -0.0946205 0.00522524 -0.0492371 -0.0112481  0.0259139 -0.0637763    0.0832696 -0.00559858  -0.0189275 -0.000629228  0.000597327 -0.000850238 0.0575423  -0.24633  -9.80602 8.8153
-179.634 0.231181  173.153 -0.0939394 -0.0167388 -0.0764617  -179.236 -0.136491   179.185 -0.0946204 0.00522465 -0.0492399 -0.00674818   0.0251372   -0.054335    0.0829683 -0.00578086  -0.0190519 -0.000628727  0.000596114 -0.000849374 0.0575432 -0.246327  -9.80602 8.81635
-179.435 0.143127  173.169  -0.093186 -0.0172306 -0.0752457  -179.245 -0.128417   179.185  -0.094615  0.0052192 -0.0492434 0.00227936  0.0206816 -0.0308093   0.0825328 -0.0059746 -0.0189903 -0.000625297   0.00060015 -0.000820068 0.0575535 -0.246334   -9.8059 8.81786
-179.376 0.142039  173.189 -0.0926242 -0.0176069 -0.0745913 -179.248 -0.12283  179.186 -0.0946128 0.00521667 -0.0492467 0.00618354  0.0176936 -0.0259538    0.0824329 -0.00598636  -0.0189507  -0.00062266  0.000601965 -0.000809314 0.0575609 -0.246337  -9.80586 8.8188
-179.457 0.235693  173.205 -0.0923176 -0.0164214 -0.0751092  -179.241 -0.122518   179.185 -0.0946161 0.00521518 -0.0492514 0.00848654  0.0226686 -0.0226594     0.082315 -0.00576692  -0.0188386 -0.000622448  0.000598423  -0.00080583 0.0575606 -0.246328  -9.80585 8.82013
 -179.58 0.418036  173.305 -0.0919967 -0.0149295  -0.076232  -179.233 -0.123959   179.184 -0.0946208 0.00521443 -0.0492529 0.00688118   0.011886 -0.0317329    0.0821618 -0.00536075   -0.018596 -0.000623028   0.00059468 -0.000806042 0.0575582 -0.246319  -9.80585 8.82202
-179.498 0.210121  173.259  -0.092479 -0.0154194 -0.0750975  -179.242 -0.129721   179.185 -0.0946192 0.00521584 -0.0492439 0.00198901 0.00453688 -0.0206728   0.0819895 -0.0056183 -0.0186307 -0.000626407  0.000598573 -0.000776519 0.0575524 -0.246327  -9.80573 8.82335
 -179.47 0.222913  173.236 -0.0927087 -0.0159171 -0.0742491  -179.249 -0.131813   179.186  -0.094619 0.00521642 -0.0492388 6.05185e-05  0.00060101  -0.0142116    0.0819602 -0.00559811  -0.0186538 -0.000627745  0.000601411 -0.000761003 0.0575506 -0.246333  -9.80567 8.82436
-179.548 0.306113  173.195 -0.0924955  -0.016264 -0.0730174  -179.255 -0.129846   179.186 -0.0946292 0.00522015 -0.0492396  0.00256365  0.00319105 0.000226044    0.0819371 -0.00552908  -0.0186689 -0.000627228  0.000603927 -0.000732916 0.0575534 -0.246337  -9.80556 8.82566
-179.468 0.280777  173.225 -0.0928551 -0.0160527 -0.0725157  -179.253 -0.134539   179.186 -0.0946315 0.00521864 -0.0492372 -0.00108654  0.00353071  0.00217376    0.0809495 -0.00575092  -0.0184012 -0.000629671  0.000603198 -0.000722497 0.0575478 -0.246335  -9.80552 8.82631
-179.735 0.262615  173.231 -0.0928512 -0.0159561 -0.0716812  -179.257 -0.136677   179.187 -0.0946295 0.00521845 -0.0492351 0.00991735  0.0108856  0.0375724    0.0809608 -0.00581051  -0.0183345 -0.000630702   0.00060464 -0.000723018 0.0575459 -0.246338  -9.80552 8.82715
 -179.71 0.274648   173.22 -0.0938689 -0.0159196  -0.070002   -179.26 -0.149907   179.187 -0.0946287 0.00522133  -0.049226 0.00291362  0.0127709    0.05009    0.0806896 -0.00582958   -0.018355 -0.000637347   0.00060607 -0.000700464 0.0575316 -0.246342  -9.80543 8.82911
-179.754 0.241467   173.22 -0.0939871 -0.0164777 -0.0688052   -179.27 -0.151187   179.188 -0.0946246 0.00522365 -0.0492256 0.0045639 0.0158383  0.076876     0.080533 -0.00608557  -0.0183756 -0.000638208  0.000610266 -0.000690633 0.0575312 -0.246351  -9.80539 8.83044
 -179.74 0.281352   173.18 -0.0937406 -0.0170418 -0.0677107  -179.279 -0.148192   179.188 -0.0946232 0.00522575  -0.049227 0.00809991  0.0116148  0.0914979   0.0800828 -0.0059068  -0.018538 -0.000637044  0.000614452 -0.000689429 0.0575349  -0.24636  -9.80538 8.8317
-179.588 0.335378  173.206 -0.0933925 -0.0173983 -0.0663531  -179.285 -0.144986   179.189 -0.0946225 0.00522741 -0.0492284 0.00986594 0.00593008  0.0905998    0.0783526 -0.00534711  -0.0181526 -0.000635803  0.000617092 -0.000687854 0.0575382 -0.246365  -9.80538 8.83314
-179.801 0.506018  173.319 -0.0928891 -0.0168092 -0.0615243  -179.279 -0.145552   179.189  -0.094629 0.00522811 -0.0492291   0.00989635 -0.000751576    0.0998984    0.0783135 -0.00510417  -0.0179245 -0.000635959  0.000614614 -0.000681198 0.0575375 -0.246359  -9.80535 8.83803
-179.682 0.398734  173.162 -0.0939705 -0.0175365 -0.0606765 -179.289 -0.15841   179.19 -0.0946226 0.00522641 -0.0492148  0.00320606 -0.00694091    0.107086     0.078058 -0.00528101  -0.0181083 -0.000641753  0.000618706 -0.000692568 0.0575254  -0.24637  -9.80539 8.83959
-179.705 0.220707  173.153 -0.0948654 -0.0188935 -0.0623299  -179.303 -0.165921    179.19 -0.0946287 0.00522964 -0.0491959 -0.00273201  -0.0158413   0.0868037   0.0780312 -0.0055447 -0.0181031 -0.000645008  0.000625243 -0.000744959 0.0575172 -0.246389  -9.80559 8.84191
 -179.73 0.280766  173.072  -0.094778 -0.0198042  -0.062554   -179.31 -0.163219   179.191 -0.0946294 0.00523287 -0.0491948 -0.000833697    -0.021239     0.079197    0.0779254 -0.00500597  -0.0184298 -0.000643942  0.000628803  -0.00076806 0.0575189 -0.246398  -9.80568 8.84285
 -179.74 0.348278  173.115 -0.0935546 -0.0192998 -0.0620448  -179.298 -0.150304    179.19 -0.0946293 0.00523389 -0.0492114 0.00820229 -0.0154396  0.0717055    0.0775673 -0.00421058  -0.0179314 -0.000638022  0.000624118 -0.000780568 0.0575297 -0.246387  -9.80573 8.84427
-179.812 0.450063  173.559 -0.0913193 -0.0180806 -0.0592827  -179.273 -0.134862   179.188 -0.0946652 0.00522938 -0.0492299  0.0371714 -0.0153283  0.0545248    0.0774043 -0.00398261  -0.0173273 -0.000630704   0.00061363 -0.000783688 0.0575418 -0.246363  -9.80575 8.84802
-179.765 0.458256  173.604 -0.0904233 -0.0169219 -0.0592963  -179.26 -0.12661  179.188 -0.0946876 0.00522615 -0.0492411   0.0435876 -0.00681482   0.0538049    0.077341  -0.003945 -0.0172707 -0.000626748  0.000607992 -0.000784264 0.0575482  -0.24635  -9.80576 8.84949
-179.636 0.390847  173.766 -0.0903488 -0.0182702 -0.0608782  -179.27 -0.13775  179.188 -0.0946671 0.00523719 -0.0492203  0.0553165 -0.0303261   0.030581     0.077086 -0.00410609  -0.0174368 -0.000631693  0.000612621 -0.000834279 0.0575369 -0.246365  -9.80595 8.85157
-179.701 0.461341  173.986 -0.0905204 -0.0195913 -0.0607581  -179.282 -0.145355   179.188 -0.0946376 0.00524281  -0.049209  0.0526549 -0.0413368  0.0293213    0.0772578 -0.00368513   -0.017523 -0.000635552  0.000617334 -0.000838115 0.0575302 -0.246376  -9.80596 8.8529
-179.675 0.410096  174.716 -0.0886372 -0.0198627 -0.0601722  -179.276 -0.135079   179.189 -0.0946727   0.005224 -0.0492205  0.071199 -0.055555 0.0326806     0.076509 -0.00391528  -0.0147915 -0.000628831  0.000614335 -0.000835274 0.0575471 -0.246367  -9.80595 8.8549
  179.949 -0.269836   177.013 -0.0814638 -0.0222022 -0.0568198   -179.254 -0.0962169     179.19 -0.0948242 0.00510592 -0.0492878 0.0739901  -0.10937  0.105748     0.076523 -0.00433087  -0.0143098 -0.000610087  0.000606874 -0.000828025 0.0575814  -0.24634  -9.80594 8.86315
 -179.59 -1.86279  177.423 -0.0829793 -0.0235386 -0.0500089  -179.256 -0.127451   179.191 -0.0944738 0.00515998 -0.0492162  0.0456577 -0.0794867   0.211802    0.0759004 -0.00584936  -0.0144262 -0.000622106  0.000611489 -0.000749785 0.0575713 -0.246368  -9.80562 8.87026
-179.479 -1.97236  177.467 -0.0831964 -0.0238244 -0.0489343  -179.259 -0.131319   179.191 -0.0943579 0.00515344 -0.0492115  0.0430768 -0.0819565   0.219677   0.0757616 -0.0059607 -0.0143749 -0.000623512  0.000613319 -0.000732247 0.0575732 -0.246375  -9.80555 8.87139
-178.306 -2.23211   177.61 -0.0831963 -0.0283936 -0.0477378  -179.292 -0.133819   179.201 -0.0944723  0.0052831 -0.0490792  0.0309634 -0.0757528   0.223455    0.0744249 -0.00451383  -0.0145103 -0.000625461  0.000624239 -0.000809763  0.057572 -0.246403  -9.80584 8.87611
-177.509  -2.1409  177.864 -0.0841917 -0.0279774 -0.0468394  -179.275 -0.146219   179.228 -0.0945944 0.00535175  -0.049118 -0.0120174 -0.0937373   0.138946    0.072083 0.00149935 -0.0141592 -0.000628808  0.000614034 -0.000839537 0.057558 -0.24639 -9.80596 8.87752
-172.399  1.79118  177.889 -0.0932179 -0.0291883 -0.0418282 -179.248 -0.24041  179.226 -0.0944949  0.0051761 -0.0497536 -0.0600725 -0.0565557       0.15  0.0714103 0.0029418 -0.014994  -0.00065806  0.000600029 -0.000835307  0.057495 -0.246383  -9.80597 8.88791
-172.354  1.86315  177.903 -0.0951474 -0.0265894  -0.042188  -179.223 -0.264048   179.222 -0.0944269 0.00510411 -0.0500935 -0.0751073 -0.0366724   0.150174   0.0714066 0.00297054 -0.0149454 -0.000665955  0.000590067 -0.000830599 0.0574682 -0.246369  -9.80597 8.89117
-173.739  10.9375  175.895 -0.0873234 -0.0256179 -0.0469094  -179.203 -0.220371   179.287 -0.0903604 0.00589493 -0.0496211 -0.0209748  0.0984195   0.118175   0.0736116 0.00786916 -0.0170897 -0.000637683   0.00055641  -0.00102662 0.0576561 -0.246381  -9.80668 8.90036
-177.44 13.2855 174.311 -0.0810254 -0.0202259 -0.0515639  -179.178 -0.239208    179.33  -0.085136 0.00491309 -0.0496149 -0.0152766   0.174931  0.0823664   0.0786041 0.00859091 -0.0188977 -0.000613481  0.000525275  -0.00115419 0.0578849 -0.246343  -9.80712 8.90987
-177.808  13.2448  174.228 -0.0789993 -0.0188127  -0.053505  -179.167 -0.244809    179.33 -0.0835092 0.00462431 -0.0495817 -0.0111263   0.186455  0.0660056   0.0792427 0.00851461 -0.0190265 -0.00060693 0.000515615  -0.0011949 0.0579514  -0.24633  -9.80725 8.91301
175.369 26.3828  175.39  -0.0838733 -0.00793996  -0.0495403   -179.14 -0.266908   179.315  -0.083999 0.00478472 -0.0497227 -0.095325  0.149807 0.0772638   0.0795835 0.00967797 -0.0175012 -0.000604686  0.000522385  -0.00118458 0.0579448 -0.246387  -9.80723 8.92556
176.034 30.3197 175.011   -0.0890486 -0.000510118   -0.0396272  -179.079 -0.230246   179.271  -0.090537 0.00691802   -0.04634 -0.0825543   0.176947   0.118126    0.078224 0.00987062 -0.0172846 -0.000560251  0.000492694   -0.0011056 0.0579604  -0.24629  -9.80678 8.93899
179.049 33.2552 175.697  -0.0920719 -0.00136808   -0.041223  -179.084 -0.284983   179.084 -0.0910095 0.00625735 -0.0474682 -0.107195  0.117574 0.0908117   0.0696664  0.0100188 -0.0134917 -0.000515733  0.000541419  -0.00111439 0.0581265 -0.246423  -9.80687 8.94252
179.273 33.2109 175.763  -0.0943377 -0.00339613  -0.0408581  -179.101 -0.294921   179.065 -0.0924591 0.00638264 -0.0475961 -0.114881 0.0993623 0.0976355   0.0688646 0.00998303 -0.0131622 -0.00050884  0.00055431 -0.00109632  0.058126 -0.246444  -9.80682 8.94558
 179.43 33.2099  175.81  -0.0957326 -0.00484212  -0.0407226  -179.113 -0.302283   179.052 -0.0933346 0.00642967 -0.0477046 -0.119873 0.0861071  0.101335   0.0682901  0.0100434 -0.0129327 -0.000503464  0.000562962  -0.00108588 0.0581319 -0.246457  -9.80679 8.94759
-175.329  46.5284 -179.125   -0.102989 0.000436548  -0.0357202 -179.097 -0.28234  179.056 -0.0922235 0.00644909 -0.0477528 -0.259652  0.111031  0.102424   0.0682633  0.0100847 -0.0122804 -0.000504589   0.00056263  -0.00111714 0.0581513 -0.246483   -9.8069 8.95787
-173.498  50.3536 -176.233  -0.106001 0.00155546 -0.0388624  -179.104 -0.270243   179.057 -0.0902577 0.00652108 -0.0482781  -0.297958   0.117221 -0.0271809    0.067917 0.00851929 -0.0119295 -0.000512252  0.000565647  -0.00118815 0.0582175 -0.246532  -9.80719 8.96236
-171.703  52.7138 -173.734  -0.110749 0.00401231 -0.0345618  -179.095 -0.257894   179.043 -0.0908636 0.00627324 -0.0474984   -0.327125    0.117971 -0.00480439   0.0674331 0.00789161 -0.0105333 -0.000494379  0.000584599   -0.0011414 0.0582192 -0.246568  -9.80693 8.96922
-169.516  53.0319 -170.936 -0.115112 0.0077877 -0.028875  -179.075 -0.238722   179.041 -0.0910714 0.00571101  -0.046859 -0.321502  0.114139 0.0256326    0.0669852  0.00415919 -0.00886402 -0.000468853  0.000608022  -0.00108402 0.0582266 -0.246613  -9.80661 8.97732
 -167.92  53.7351 -170.006  -0.120263 0.00967586 -0.0268116  -179.074 -0.243005   179.021 -0.0911447 0.00556752 -0.0467396 -0.334015  0.105105 0.0144656    0.0653066  0.00258308 -0.00902301 -0.000460201  0.000611282  -0.00106174 0.0582304  -0.24661  -9.80651 8.98318
-167.527  48.4509 -172.206    -0.1426  0.0116486 -0.0408892  -179.044 -0.286023   178.946 -0.0951628  0.0068167 -0.0455676 -0.462294  0.106723 -0.138013   0.0580077 -0.0295212 -0.0137304 -0.000509706  0.000640097  -0.00119299 0.0581989 -0.246792  -9.80714 9.00966
-168.052  41.7948 -174.693  -0.160604  0.0122832 -0.0563976  -179.047 -0.278283   178.936 -0.0995896 0.00767541 -0.0433734  -0.49814   0.10346 -0.260393   0.0575885 -0.0315399 -0.0136654 -0.000560765  0.000655131  -0.00131792 0.0581507  -0.24685  -9.80762 9.03343
-168.122  41.4731 -174.793  -0.159167  0.0104139 -0.0601665  -179.052 -0.251324   178.925  -0.101298 0.00798404 -0.0431633 -0.473375 0.0896931 -0.288533   0.0575076 -0.0316224 -0.0136149 -0.000571274  0.000663102  -0.00135962 0.0581356 -0.246857  -9.80775 9.03788
-168.709  30.7452 -177.452  -0.147597  0.0137658 -0.0700614   -179.037 -0.0996452    178.938  -0.103422 0.00758383 -0.0496736 -0.251245  0.100296  -0.26506   0.0569487 -0.0366789 -0.0139619 -0.000522296  0.000635505  -0.00132163 0.0580728 -0.246606  -9.80758 9.05346
-170.744  28.0208 -179.478  -0.139229  0.0169542 -0.0652635   -179.014 -0.0673572    178.931 -0.0996661 0.00737441 -0.0537152 -0.165719  0.124822 -0.191994    0.058483 -0.0366674 -0.0153298 -0.00048415 0.000619201 -0.00122206 0.0580385  -0.24655  -9.80722 9.06362
-173.205  19.1584  177.381  -0.133241  0.0135039 -0.0731955     -179.06 -0.00939903     178.822  -0.100907  0.0077592 -0.0571056 0.00112209  0.0562884  -0.206376   0.0600438 -0.0370681 -0.0151649 -0.000461596  0.000625002  -0.00120744 0.0580403 -0.246459  -9.80713 9.07414
-176.557  15.0569  175.961  -0.126779 0.00744383 -0.0777095  -179.102 0.0144586   178.727  -0.100941 0.00813247 -0.0591131   0.115066 -0.0287706  -0.229085   0.0606877 -0.0359034 -0.0149767 -0.000440204   0.00064466  -0.00118618 0.0580615 -0.246463  -9.80701 9.08409
-176.739  15.2551  175.952  -0.122657 0.00349343 -0.0772481  -179.125 0.0366692   178.687  -0.101157 0.00834458 -0.0605026  0.142777 -0.061216 -0.214274   0.0607959 -0.0358342 -0.0150299 -0.000429532  0.000652679  -0.00117746 0.0580641 -0.246449  -9.80695 9.08981
-178.918  8.18832  175.064  -0.117091 0.00206226 -0.0711964   -179.123 0.00828503    178.717 -0.0962497 0.00909965 -0.0611481  0.152331 -0.086453 -0.128828   0.0609458 -0.0372083 -0.0148959 -0.000391202  0.000631584  -0.00108521 0.0580706 -0.246452  -9.80657 9.09816
-179.219  7.40102  174.798  -0.108993 -0.0011572 -0.0697488   -179.13 0.0335416   178.708 -0.0951805 0.00946129  -0.062857   0.208536  -0.119306 -0.0792796   0.0604104 -0.0332921 -0.0147475 -0.000367255  0.000633152  -0.00105977 0.0580852 -0.246447  -9.80641 9.10699
179.352 2.17358 174.701  -0.0985561 -0.00749165  -0.0728445  -179.142 0.0387632   178.688 -0.0951529  0.0095077 -0.0631387   0.306073  -0.133228 -0.0995959  0.0604504 -0.032707 -0.014512 -0.000361702  0.000641705  -0.00105798 0.0581025 -0.246461  -9.80638 9.11959
177.695 1.05502 174.581 -0.0986264 -0.0111972 -0.0727538   -179.144 -0.0148936     178.66  -0.094791 0.00974232 -0.0622678   0.269681  -0.128512 -0.0833118   0.0606688 -0.0313224  -0.014388 -0.000368837   0.00065283  -0.00100016  0.058004 -0.246525   -9.8063 9.1233
 176.775 0.702225  174.582 -0.0916357 -0.0123047 -0.0697167    -179.136 -0.00079321     178.662 -0.0942492  0.0100981 -0.0625382   0.298985   -0.12274 -0.0277545   0.0606325 -0.0286981 -0.0142249 -0.000333786  0.000646166 -0.000973169 0.0580438   -0.2465   -9.8061 9.131
    176.1 -0.186583   174.495 -0.0856512 -0.0140824 -0.0655674   -179.134 0.00864491    178.667 -0.0936683  0.0105402 -0.0627468  0.317876 -0.131511 0.0345662    0.060192 -0.0274632 -0.0142256 -0.000300682  0.000645657 -0.000939338 0.0580737 -0.246501  -9.80589 9.13849
  175.568 -0.796607   174.438 -0.0818277 -0.0159548 -0.0649492   -179.134 0.00637902    178.653 -0.0936691  0.0105689 -0.0627519  0.326609 -0.142642 0.0489976   0.0596903 -0.0239899 -0.0138437 -0.000300393  0.000646872 -0.000936791 0.0580716 -0.246503  -9.80588 9.1428
 175.007 -2.73478  174.326 -0.0746067 -0.0187074 -0.0618631   -179.104 -0.0572105    178.681  -0.094185  0.0105976 -0.0626954  0.319606  -0.13659 0.0210743   0.0594342 -0.0232088 -0.0139478 -0.000313018  0.000629002 -0.000872925 0.0579366 -0.246477  -9.80581 9.15112
 175.061 -2.60841  174.347 -0.0788221 -0.0166227 -0.0609867    -179.09 -0.0882882    178.694 -0.0944573  0.0106172 -0.0626651  0.287138 -0.119071 0.0294452   0.0593869 -0.0230451 -0.0139295 -0.000317365  0.000620667 -0.000839126 0.0578729 -0.246464  -9.80577 9.1559
176.787 5.02966 175.719  -0.052341 -0.0243334 -0.0572377  -179.121 0.0486669   178.673 -0.0937468  0.0103725 -0.0608329   0.438627   -0.15682 0.00471414   0.0589738 -0.0206512 -0.0130579 -0.000249802  0.000645076 -0.000921601  0.058172 -0.246476  -9.80563 9.18374
176.845 5.18523 175.703 -0.0472944 -0.0266738 -0.0561577  -179.139 0.0889375   178.658 -0.0934799  0.0102775 -0.0600923   0.479397  -0.177608 0.00677121   0.0590043 -0.0206361 -0.0130273 -0.000230411  0.000660461 -0.000950973 0.0582703   -0.2465  -9.80559 9.1894
177.752 10.4346 175.874 -0.0368623 -0.0307054 -0.0524815  -179.14 0.089553  178.654 -0.0945612  0.0101936 -0.0599562  0.447517 -0.173271 0.0534358   0.0586421 -0.0187233 -0.0129729 -0.000207061  0.000664463  -0.00090443 0.0582603 -0.246485  -9.80539 9.20118
178.042 15.2307 176.121 -0.0378821 -0.0322932 -0.0529897   -179.118 -0.0144272    178.668 -0.0953851  0.0102526 -0.0622595 0.296929 -0.13814 0.111025   0.0582391 -0.0178188 -0.0131614 -0.000249441  0.000645911 -0.000838249 0.0580635 -0.246464  -9.80547 9.20313
177.779 23.4703 176.397 -0.0372828 -0.0345507 -0.0470129   -179.105 -0.0797572    178.668 -0.0977001  0.0102888  -0.063845  0.245927 -0.113869   0.16236   0.0578509 -0.0141565 -0.0133259  -0.00024653  0.000634589 -0.000736924 0.0579304 -0.246422  -9.80529 9.20955
177.456 27.3329 176.648 -0.0445467 -0.0343369  -0.035747  -179.097 -0.123708   178.663  -0.103091  0.0105518 -0.0643477   0.198427 -0.0979188   0.261937   0.0578699 -0.0118817  -0.013402 -0.000182003  0.000637211 -0.000565286 0.0578278 -0.246384  -9.80475 9.22295
176.882 32.6022 176.501 -0.0485262 -0.0359806 -0.0341201  -179.107 -0.181439   178.671  -0.104279  0.0106602 -0.0662951   0.111607 -0.0987887   0.266589    0.0582429 -0.00866005  -0.0140675 -0.000186292  0.000624228 -0.000517022 0.0577617 -0.246344   -9.8048 9.22756
177.087 36.6964 176.153 -0.0513922 -0.0369027 -0.0321528  -179.111 -0.219578   178.623  -0.105089  0.0107038 -0.0676234  0.026054 -0.102849  0.273928    0.0562833 -0.00791692  -0.0149301 -0.000184554  0.000607204 -0.000486294 0.0577352 -0.246272  -9.80483 9.23115
178.784 39.9803  175.63  -0.055056 -0.0331685 -0.0325684  -179.063 -0.279177   178.629  -0.104664  0.0104837 -0.0698321 -0.0817706 -0.0624084   0.256742    0.0547932 -0.00892148    -0.01534 -0.000198325  0.000579441 -0.000484806  0.057709 -0.246227  -9.80503 9.2364
-178.226  44.8963  175.649 -0.0639972 -0.0325972 -0.0303844  -179.031 -0.350438   178.627 -0.104126 0.0103708 -0.072014  -0.222509 -0.0516312   0.183834   0.0539411 -0.0111537 -0.0155007 -0.000215786  0.000564368 -0.000513403 0.0577082 -0.246222  -9.80536 9.24562
-177.848  46.3382   175.81  -0.066184 -0.0324886 -0.0342206  -179.013 -0.373438   178.644  -0.102898  0.0106347 -0.0729322  -0.246166 -0.0364086  0.0932432   0.0545696 -0.0131416 -0.0155264 -0.000228527  0.000557046 -0.000579013 0.0577698 -0.246249  -9.80568 9.25004
-177.399  46.3121   176.44 -0.0671001 -0.0314219 -0.0335708  -178.991 -0.351004   178.652  -0.102552  0.0107931 -0.0727943  -0.236729 -0.0134562   0.060901   0.0550756 -0.0152607 -0.0151055 -0.000225161  0.000552178 -0.000601499 0.0577939 -0.246253  -9.80573 9.25159
-176.912  45.8678   177.91 -0.0691497 -0.0306153 -0.0374167  -178.973 -0.343403   178.662  -0.102368  0.0110772 -0.0729069  -0.227457 0.00286462  0.0061049    0.055906 -0.0166089  -0.014187 -0.000234439   0.00055047 -0.000667135 0.0578194 -0.246269  -9.80598 9.25602
-176.944    41.78  177.409 -0.0819955 -0.0273603 -0.0464652  -178.936 -0.401907   178.684   -0.10334  0.0115579 -0.0726201  -0.316475  0.0344675 -0.0884958   0.0556422 -0.0227016 -0.0151876 -0.000281897  0.000550061 -0.000769189 0.0577462  -0.24631  -9.80647 9.27207
-174.464  33.3793  177.213 -0.0953433 -0.0228947 -0.0534657 -178.901 -0.40937  178.714  -0.104243  0.0118813 -0.0722274 -0.329932  0.059719 -0.141281   0.0540708 -0.0272108 -0.0156437 -0.000300549   0.00054438 -0.000819104 0.0577025 -0.246321  -9.80667 9.28779
-173.614  28.3899  176.638  -0.103031 -0.0218237 -0.0639257  -178.887 -0.390177   178.708  -0.106331  0.0128017 -0.0712532 -0.301009   0.07875 -0.228383   0.0542467 -0.0291341 -0.0158261 -0.000338856  0.000550462 -0.000925279 0.0576143 -0.246341  -9.80707 9.30081
-173.015  23.6948  176.001  -0.105622 -0.0194453 -0.0692001  -178.874 -0.371914   178.704     -0.107  0.0129699 -0.0714549 -0.256753  0.106957  -0.25015  0.0542755 -0.031536 -0.015914 -0.000340772  0.000542516 -0.000946946 0.0576022 -0.246311  -9.80715 9.30715
-173.431  19.5713  174.891  -0.108305 -0.0157807 -0.0768044  -178.831 -0.352007    178.61  -0.108168  0.0132935 -0.0714583 -0.213533   0.14606 -0.286018   0.0583508 -0.0357206 -0.0183748 -0.000352046  0.000553139 -0.000993157 0.0575662 -0.246352  -9.80732 9.31601
-174.367  14.3945  174.162  -0.110948 -0.0152522 -0.0828693  -178.879 -0.342782   178.457  -0.108445  0.0134706 -0.0717077 -0.164543  0.146821 -0.292403   0.0635048 -0.0368978 -0.0150791 -0.000350928  0.000515421  -0.00100167 0.0575987 -0.246132  -9.80735 9.32265
-178.658  4.65473  171.837  -0.118558 -0.0158126 -0.0949721  -178.926 -0.365218   178.373   -0.10826   0.013622 -0.0715517 -0.0817052   0.105928  -0.322255   0.0639335  -0.036612 -0.0151658 -0.000354879  0.000560412 -0.000983518 0.0575777 -0.246251  -9.80732 9.33695
-178.767  4.69508  171.779  -0.120031 -0.0196442  -0.094255  -178.953 -0.377943   178.332  -0.108073  0.0137241 -0.0715141 -0.0937081  0.0773119  -0.316964   0.0640271 -0.0366515 -0.0151506 -0.000354338  0.000583225 -0.000969253  0.057571 -0.246313  -9.80728 9.34112
 179.734 -1.20464  170.718  -0.121906 -0.0183672 -0.0968239  -178.953 -0.399474   178.338  -0.106741  0.0142017 -0.0715576 -0.0483853  0.0419964  -0.259315   0.0641087 -0.0367463 -0.0151492 -0.000321675  0.000578945 -0.000897907 0.0576096 -0.246336  -9.80699 9.34455
 179.985 -1.72365  170.581  -0.117593 -0.0195651  -0.101746  -178.961 -0.356896   178.332  -0.107152  0.0140969 -0.0723226 0.00836296  0.0101716  -0.250429   0.0635611 -0.0347066 -0.0150325 -0.000313702  0.000585556 -0.000929446 0.0576492 -0.246341  -9.80706 9.3512
  179.74 -3.71858  170.925  -0.120528 -0.0197995  -0.106165   -178.97 -0.381867   178.322  -0.107187  0.0141295 -0.0719746    0.0107984 -0.000973272    -0.245353   0.0637658 -0.0332133 -0.0142021 -0.000328417  0.000584827 -0.000926342 0.0576142 -0.246332   -9.8071 9.35651
 177.416 -6.84113  172.206  -0.125777 -0.0219604  -0.115232  -178.997 -0.450227   178.292   -0.10711  0.0146071 -0.0715381    0.0409278 -0.000533971    -0.251478   0.0636119  -0.030718 -0.0133861 -0.000339472  0.000595815 -0.000869676 0.0575515 -0.246362  -9.80697 9.36721
  176.55 -4.83219  172.784 -0.108845 -0.024252  -0.11429  -179.015 -0.327963   178.269  -0.106562  0.0143008 -0.0723886   0.187445 -0.0162556  -0.210922   0.0641846 -0.0255786 -0.0127042 -0.000262224  0.000591757 -0.000861912 0.0577473 -0.246304  -9.80669 9.38432
 176.079 -3.58287  172.985 -0.0987916 -0.0261332  -0.112765  -179.029 -0.267162   178.243  -0.106341  0.0143271 -0.0727316   0.254976 -0.0299509  -0.158247   0.0642498 -0.0199894  -0.012139 -0.000216168  0.000589148 -0.000842043 0.0578454 -0.246269  -9.80647 9.39466
 176.174 -2.15293  173.102 -0.0916956 -0.0286759  -0.114798  -179.048 -0.232436   178.214  -0.106238  0.0141319 -0.0728786   0.284266 -0.0525522  -0.137309   0.0629492 -0.0159252 -0.0116741 -0.000203663  0.000596389 -0.000861767 0.0578957 -0.246265  -9.80648 9.40247
  176.68 0.673422  173.351 -0.0930809 -0.0270803  -0.118015  -179.035 -0.301443   178.224  -0.106478  0.0143176 -0.0732197   0.226938 -0.0278911  -0.103697    0.059951  -0.002409 -0.0107905 -0.000223653  0.000574914 -0.000836287 0.0578471  -0.24621  -9.80652 9.40632
177.455 9.73924 175.029 -0.0939262 -0.0252084  -0.123312  -179.013 -0.414636   178.244  -0.107134  0.0146968 -0.0744453   0.167905  0.0160586 -0.0902445     0.0595096 -0.000255998   -0.0103069 -0.000249554   0.00055923 -0.000778405 0.0577609 -0.246192  -9.80653 9.412
177.331  14.513 175.884 -0.0950299 -0.0247831  -0.105767  -179.026 -0.402375   178.222  -0.111235  0.0149651 -0.0739153  0.148146 0.0193288 0.0877608   0.0597781 0.00198691 -0.0097632 -0.000154692  0.000567449    -0.000509 0.0577048 -0.246117  -9.80547 9.42958
177.314 14.6463 175.943  -0.097431 -0.0243037  -0.101294  -179.026 -0.416093   178.221  -0.112369  0.0150932 -0.0739798  0.135992 0.0221089  0.128416    0.0598361  0.00218983 -0.00969742 -0.000133265  0.000567061 -0.000434093  0.057684 -0.246098  -9.80521 9.43468
178.226 22.0494 177.387 -0.0903495 -0.0245598 -0.0897305  -179.036 -0.348847   178.179  -0.113455  0.0148847 -0.0728019  0.120287 0.0106896  0.240841    0.0591352  0.00543289 -0.00858944 -8.68672e-05  0.000578635  -0.00036188 0.0577097 -0.246079   -9.8048 9.44824
178.977 25.3954 177.332 -0.0898192 -0.0222947 -0.0824371   -179.05 -0.365018   178.102  -0.114243  0.0149031 -0.0727534  0.104599 0.0209523  0.269884   0.0544987 0.00730649 -0.0122982 -6.25456e-05   0.00052734 -0.000308171  0.057764 -0.245853   -9.8046 9.4559
-178.61 34.2803  177.78 -0.0888964 -0.0165858 -0.0742304   -179.01 -0.402238   178.118  -0.114646  0.0147929 -0.0733202 0.0950281 0.0543253  0.189887   0.0540761 0.00795666 -0.0128911 -6.49434e-05  0.000500749 -0.000284691 0.0577438 -0.245788  -9.80458 9.46594
-177.285  37.6483  177.753  -0.087971 -0.0146534 -0.0724362  -179.003 -0.416043   178.114  -0.114511  0.0148229 -0.0735531 0.0634259 0.0611283  0.148945   0.0537779 0.00703532 -0.0133449 -6.97581e-05   0.00049172 -0.000299599  0.057753 -0.245767  -9.80466 9.46873
-176.673  39.3937  178.244 -0.0841382 -0.0120331 -0.0687412  -178.982 -0.380157   178.122 -0.114459 0.0148546 -0.073193 0.0535383 0.0739602  0.142819   0.0543972 0.00551188 -0.0132112 -5.79268e-05  0.000485193 -0.000292895 0.0577656 -0.245757  -9.80457 9.47467
-176.299  40.0904  178.922  -0.0788958 -0.00876593  -0.0650037  -178.946 -0.326945   178.143  -0.114321   0.014842 -0.0729214 0.0635842 0.0904129  0.134033     0.0571043 -0.000390347   -0.0110455 -4.02164e-05  0.000487417  -0.00028792  0.057781 -0.245789  -9.80448 9.48189
-177.054  38.7806  178.369  -0.0822637 -0.00838353  -0.0776962  -178.953 -0.383683   178.159  -0.114114  0.0151323 -0.0735487   0.0156785   0.0860564 -0.00802301   0.0613808 -0.0194754 -0.0144518 -0.000108713  0.000484822 -0.000496709 0.0577944 -0.245804  -9.80538 9.49503
-178.219  33.0543  177.537  -0.0831733 -0.00723473  -0.0783701  -178.973 -0.392692   178.151  -0.114049    0.01512 -0.0735453 -0.0242515  0.0488305 -0.0556455   0.0615013 -0.0215884 -0.0145525 -0.000106988   0.00049529 -0.000479897  0.057795 -0.245827  -9.80533 9.49664
178.519 25.6102 176.779  -0.0872987 -0.00675456    -0.09117  -178.976 -0.388327   178.115  -0.115756  0.0148997 -0.0725039 -0.0282455  0.0341366  -0.181849   0.0636798 -0.0260473 -0.0148352 -0.000183164   0.00051133 -0.000676655 0.0576909 -0.245824  -9.80607 9.5101
176.741 20.9125   176.2  -0.0867951 -0.00507824  -0.0921424  -178.962 -0.386284   178.134  -0.115513  0.0149211 -0.0726516 -0.0042028  0.0385807  -0.194993   0.0640762 -0.0278861 -0.0153959 -0.000173299  0.000504045  -0.00065107 0.0576959 -0.245818  -9.80597 9.5121
175.954 17.0829 176.086 -0.0925005 -0.0059119 -0.0872294  -178.989 -0.451336   178.258  -0.113962   0.015014 -0.0722443 -0.0420677  0.0308398  -0.167086   0.0617267 -0.0358809 -0.0159164  -0.00017574  0.000510116 -0.000528122 0.0576406 -0.245897  -9.80557 9.51967
175.256 13.8408 175.144  -0.0917479 -0.00497966  -0.0898013  -178.947 -0.418068    178.34  -0.114025   0.014941 -0.0724551 -0.0231035  0.0406759  -0.185905   0.0586039 -0.0386196 -0.0211637 -0.000194559  0.000557709 -0.000528484 0.0575123 -0.246104  -9.80556 9.52251
174.815 2.49458 172.423  -0.0960943 -0.00256342  -0.0952274  -178.935 -0.451544   178.356  -0.113542  0.0146841 -0.0718602 -0.0159399 0.00937714  -0.147971  0.0581927 -0.038855 -0.021883 -0.000208697  0.000565065 -0.000491622 0.0574403  -0.24615  -9.80546 9.52987
  175.311 -0.208879   172.096  -0.0951656 -0.00280534   -0.101111  -178.935 -0.433688   178.368  -0.114144   0.014818 -0.0719746   0.0290064 -0.00537318   -0.199476   0.0575082 -0.0377975 -0.0216644 -0.000222733  0.000566551 -0.000540563 0.0574344 -0.246147  -9.80565 9.53583
 175.473 -1.02992   171.97  -0.0908273 -0.00365911   -0.101958  -178.938 -0.408572   178.372   -0.11393  0.0149128 -0.0724788   0.0865915 -0.00848617   -0.205362   0.0571914 -0.0350603 -0.0214169 -0.000193009  0.000567911 -0.000522888 0.0574961 -0.246153  -9.80553 9.54033
 175.295 -1.64588  171.889  -0.0846097 -0.00409089   -0.102524  -178.936 -0.374094   178.361  -0.113712  0.0150382 -0.0730255     0.14544 0.000958149   -0.191561   0.0583459 -0.0306056 -0.0211495 -0.000154914   0.00056449 -0.000505336 0.0575776 -0.246141  -9.80539 9.54659
174.948 -2.0858  171.89  -0.0800205 -0.00436997    -0.10548  -178.937 -0.354194   178.346  -0.113765  0.0151418 -0.0732719  0.171702 0.0143975  -0.16825   0.0595467 -0.0252816 -0.0203549 -0.000144724   0.00056259  -0.00051972  0.057617 -0.246126  -9.80541 9.55206
 171.214 -3.01169  173.768   -0.088271 -0.00547482    -0.10799  -178.969 -0.515608   178.347  -0.113942  0.0155724 -0.0727525  0.0522848  0.0372875 0.00524824    0.059687 -0.0240071  -0.019074 -0.000204048  0.000583283 -0.000419041 0.0574185 -0.246249  -9.80532 9.56075
 169.891 0.400214  174.297  -0.0876455 -0.00554783   -0.110398 -178.979 -0.52184  178.316   -0.11382  0.0154362 -0.0728528   0.0601036   0.0396887 -0.00105234   0.0598931 -0.0203187 -0.0180907  -0.00021679  0.000584974 -0.000457315 0.0574399  -0.24623  -9.80548 9.56324
168.176 2.66168 174.946  -0.0806193 -0.00351778   -0.105425  -178.961 -0.453368   178.306  -0.113952  0.0155421 -0.0725763  0.112155 0.0547966 0.0393645   0.0611986   -0.01835 -0.0171715 -0.000165598  0.000565925 -0.000417369 0.0574995  -0.24617  -9.80518 9.57208
166.858  4.8131 175.411   -0.0753448 -0.000799132    -0.100984   -178.94 -0.408604   178.295  -0.114166  0.0156688 -0.0722815  0.142676 0.0754287 0.0886434   0.0631128  -0.014298 -0.0157402  -0.00013194  0.000543535 -0.000383036  0.057526 -0.246106  -9.80495 9.5795
165.107 6.85984 175.607 -0.0728881 0.00108202 -0.0952715 -178.936 -0.38988  178.306   -0.11464  0.0161256 -0.0720917  0.143896 0.0870205  0.154964   0.0653788  -0.011712 -0.0161428  -0.00011677    0.0005185 -0.000318427 0.0574813 -0.246048  -9.80468 9.58599
157.073 12.3141 175.665 -0.0739607 0.00275413 -0.0867225  -178.956 -0.467945   178.339  -0.114855  0.0166117 -0.0726682 0.0529101 0.0583995  0.274204   0.0656281 -0.0115397 -0.0162101 -0.00014004 0.000524582 -0.00029818 0.0574451 -0.246105  -9.80474 9.59477
152.227 13.6755 174.239 -0.0792106 0.00308255 -0.0743382 -178.945 -0.50121  178.403  -0.116311  0.0188707 -0.0723229 0.0033467 0.0494859  0.378113   0.0670213 -0.0108451 -0.0173769 -0.000144509  0.000481234 -0.000159862  0.057306 -0.246128  -9.80426 9.60823
149.255 13.7268 173.464 -0.0831476 0.00197428  -0.064415  -178.951 -0.513114   178.477  -0.117321  0.0207518 -0.0719864 -0.0231192  0.0247023   0.434861   0.0674434 -0.0118291 -0.0190553 -0.000155828  0.000448263 -6.46783e-05 0.0571828 -0.246143  -9.80394 9.61896
146.958 13.4175 172.601 -0.0850597 0.00290984 -0.0575709  -178.944 -0.510963   178.526  -0.117609  0.0212639 -0.0717704 -0.0291154 0.00309203   0.442327   0.0671462 -0.0131232 -0.0208009 -0.000175039  0.000427629 -2.97859e-05 0.0570819 -0.246121  -9.80379 9.62613
144.921 13.3965 171.518 -0.0863144 0.00357142 -0.0529952  -178.947 -0.496535   178.529  -0.117549  0.0211022 -0.0718647 -0.0291489 -0.0269909   0.414564   0.0652019 -0.0134864 -0.0242243 -0.000214796  0.000416601 -3.18666e-05   0.05693 -0.246051  -9.80382 9.63092
139.495 13.1759 168.698 -0.0892269 0.00158277 -0.0387551  -178.946 -0.517328   178.541  -0.117568  0.0209804 -0.0719567 -0.0418871 -0.0961092    0.34602   0.0646519 -0.0135314 -0.0245808 -0.000225156  0.000416422  -3.2402e-05 0.0569072 -0.246051  -9.80383 9.64559
135.809 10.6519 166.957   -0.0928853 -0.000701181   -0.0331768  -178.95 -0.54317   178.56  -0.117555  0.0204183 -0.0722528 -0.0683976  -0.144297   0.292644   0.0640373 -0.0143051 -0.0253036 -0.000245679  0.000432843 -8.23768e-05 0.0568705 -0.246021  -9.80405 9.65264
134.464 8.96429 165.937 -0.0937935 0.00250591 -0.0305293  -178.906 -0.533577   178.577  -0.117342  0.0198049 -0.0722507 -0.0687948  -0.125867   0.267513    0.062961 -0.0150773 -0.0268334 -0.000271514  0.000426345 -0.000114739 0.0567764 -0.245962  -9.80408 9.65689
 134.63 8.03564 165.003 -0.0932595  0.0112386 -0.0243051  -178.795 -0.517215   178.586  -0.116785  0.0190806 -0.0721637 -0.0550901 -0.0676598   0.239776   0.0602112 -0.0148779 -0.0268129 -0.000290951  0.000385412 -0.000119161 0.0566885 -0.245891  -9.80384 9.66763
135.521 7.90759 164.559 -0.0926751  0.0155072 -0.0291582 -178.739 -0.49929  178.573  -0.116754  0.0189465 -0.0723882 -0.0495868 -0.0445441   0.117797   0.0561694 -0.0141057 -0.0247899 -0.000317051  0.000418076 -0.000259504 0.0566281 -0.245827   -9.8043 9.67412
148.784 9.23219 165.347 -0.0973819  0.0115471 -0.0387703    -178.7 -0.495384   178.635 -0.117041 0.0219833 -0.071671 -0.0991585 -0.0951629 -0.0903991   0.0528169 -0.0137198  -0.023754 -0.000380092  0.000483575 -0.000465762  0.056526 -0.245895  -9.80507 9.68553
159.277 10.7743 170.076 -0.0956988 0.00815405 -0.0448941  -178.675 -0.425026   178.606  -0.117139   0.023932 -0.0714361   -0.07625 -0.0783001  -0.116629   0.0501326 -0.0140829 -0.0209223 -0.000404606  0.000505208 -0.000540154  0.056427 -0.245923  -9.80535 9.69273
165.241 12.7919 172.252  -0.0934365 -0.00254615  -0.0487133  -178.761 -0.356027   178.655  -0.116698  0.0245613 -0.0698653 -0.0518036  -0.130293  -0.142859   0.0424212 -0.0103018 -0.0162888 -0.000421492   0.00056059 -0.000582458  0.056394 -0.246001  -9.80561 9.70432
169.601 13.5905 173.794  -0.0928253 -0.00987871  -0.0500189   -178.82 -0.335279    178.66  -0.116341  0.0242141 -0.0689228 -0.0459781  -0.170094  -0.152595    0.0357226 -0.00855728  -0.0136196 -0.000413122  0.000589432 -0.000578116 0.0564375 -0.246051  -9.80566 9.71179
175.339 14.7758 175.882 -0.0919666 -0.0180779 -0.0527391  -178.887 -0.303141   178.757  -0.115977  0.0242615 -0.0679732 -0.0384865   -0.20923  -0.154784    0.0290882 -0.00416972  -0.0104124 -0.000416415  0.000613482 -0.000589625  0.056449 -0.246087  -9.80576 9.72047
175.506  14.862 175.995 -0.0912733 -0.0215771 -0.0527129  -178.919 -0.284051   178.768  -0.115738  0.0241508 -0.0674099 -0.0335552  -0.235083  -0.159683    0.0275282 -0.00325087 -0.00930815 -0.000421265  0.000632037 -0.000587879 0.0564346 -0.246126   -9.8058 9.72404
-164.642  15.6929 -176.738 -0.0993547 -0.0311354 -0.0584122  -178.955 -0.324789   178.798    -0.1154   0.024037 -0.0666922 -0.0840124  0.0224553  -0.059108    0.0276338 -0.00345644 -0.00939361 -0.000455284  0.000644513 -0.000555736 0.0563489 -0.246218  -9.80578 9.73779
-162.802  16.2991  -175.69  -0.100067 -0.0319009 -0.0627792  -178.949 -0.319286   178.827  -0.115382  0.0254713 -0.0665257 -0.0782535   0.108793 -0.0834838    0.0289696 -0.00313035 -0.00955085 -0.000466125  0.000663636 -0.000605687 0.0563622 -0.246265  -9.80601 9.74228
-162.748  16.2764 -175.327 -0.0997965 -0.0325288 -0.0714658 -178.928 -0.30591  178.857  -0.115427  0.0281781 -0.0662908 -0.0662418   0.198833  -0.153008    0.0315056 -0.00320848 -0.00989836  -0.00048191  0.000709222 -0.000710348 0.0564004 -0.246363  -9.80648 9.751
 -166.12  16.9176 -176.496 -0.0993641 -0.0260749 -0.0799794  -178.869 -0.292879   178.866  -0.115746  0.0296845 -0.0668512 -0.0535315   0.299895  -0.222796     0.036893 -0.00231321  -0.0129335 -0.000510197  0.000739363  -0.00082281 0.0563658 -0.246329  -9.80689 9.76169
-173.799  16.0036 -178.494  -0.100524 -0.0285041 -0.0879871  -178.948 -0.302257   178.859  -0.115578  0.0293161 -0.0667255 -0.0502808   0.269162  -0.268134    0.0426107 -0.00415319  -0.0142744 -0.000498091  0.000799744 -0.000832056 0.0564561 -0.246403  -9.80718 9.77014
167.405 14.9049 172.492 -0.103775 -0.023743 -0.104368  -179.032 -0.296024   178.808 -0.115982 0.0285926 -0.067764 -0.0521557   0.203211  -0.260204    0.0424424 -0.00382053   -0.016028 -0.000511924  0.000841958 -0.000798633 0.0563718 -0.246411  -9.80739 9.7875
160.809 12.4578 170.069  -0.109281 -0.0261537 -0.0854429  -179.039 -0.326885   178.998  -0.115593  0.0342002 -0.0669178  -0.106005   0.177659 -0.0145863    0.0465495 -0.00597054  -0.0184106 -0.000500495  0.000652821 -0.000576087 0.0563148 -0.246543  -9.80649 9.80736
158.709 12.4699 168.921  -0.109433 -0.0262942 -0.0829164   -179.04 -0.320901   178.984  -0.115623  0.0350332 -0.0669523  -0.0998855   0.0985085 -0.00953212    0.0461391 -0.00516806  -0.0179563 -0.000487562  0.000634659 -0.000543085 0.0563283 -0.246577  -9.80638 9.80989
 160.51  13.877 169.225   -0.10728 -0.0294311  -0.084494   -179.06 -0.294128   178.946  -0.115784  0.0350418 -0.0673452  -0.079695  -0.012506 -0.0676868    0.0433943 -0.00324659  -0.0156453 -0.000478081  0.000650048 -0.000539429 0.0563291 -0.246597  -9.80643 9.81401
164.675 15.0395 170.821  -0.103095 -0.0221329 -0.0831777  -178.996 -0.248443   178.948  -0.115572   0.035265 -0.0670208 -0.0412017 0.00397461 -0.0748165    0.0426603 -0.00317934  -0.0144677 -0.000474096  0.000627275 -0.000556268 0.0562988 -0.246559  -9.80631 9.82253
 176.907  19.0311 -179.733  -0.102136 -0.0280048 -0.0789596  -179.045 -0.196926     178.9  -0.115212  0.0346132 -0.0668476 -0.0748304   0.102027  0.0690801     0.043579 -0.00348137  -0.0129792 -0.000472519  0.000661536  -0.00050355 0.0562285 -0.246607  -9.80611 9.82982
 176.895  18.9814 -179.599  -0.101631 -0.0299247 -0.0773377  -179.056 -0.192253    178.89  -0.115144  0.0344529 -0.0668041 -0.0712935  0.0839417  0.0832658     0.043624 -0.00353073  -0.0129164 -0.000468242  0.000667596 -0.000487687 0.0562281 -0.246617  -9.80605 9.83238
 176.397  20.0304 -177.343  -0.100196 -0.0193325 -0.0732234 -179.011 -0.15869  178.905  -0.115425  0.0342314 -0.0668478 -0.0447388   0.232633   0.108109   0.0455945 -0.0036042 -0.0140447 -0.000465678  0.000646599 -0.000482133 0.0561591 -0.246552  -9.80597 9.84384
 175.47 20.5006 -176.54 -0.0993751 -0.0113379 -0.0692659  -178.986 -0.121897   178.928  -0.115616  0.0340409 -0.0668483 -0.0249823   0.286742   0.138052    0.0505623 -0.00317487  -0.0162459 -0.000484146   0.00062643 -0.000463752 0.0560154 -0.246481  -9.80587 9.8528
 174.838  20.8242 -175.663  -0.0993325 -0.00890435  -0.0668092  -178.999 -0.108567   178.932   -0.11553  0.0340095 -0.0668917 -0.0157606   0.279875   0.144249    0.0524729 -0.00408519  -0.0185423 -0.000495526  0.000631133 -0.000456299 0.0559654 -0.246482  -9.80586 9.85625
172.124 20.9178 -178.89   -0.102281 -0.00457133  -0.0607731  -179.063 -0.132041   178.913    -0.1156  0.0341008 -0.0670087 0.0148148  0.137275  0.145589     0.052199 -0.00422266  -0.0198131 -0.000509075  0.000654511 -0.000452941 0.0559696 -0.246519  -9.80593 9.86425
 170.76 19.8057 179.442    -0.100663 -0.000124484     -0.06107  -179.042 -0.122361   178.925  -0.115557  0.0339963 -0.0669905 0.0355253  0.131135   0.11594    0.0529503 -0.00534054  -0.0214776  -0.00051405    0.0006487 -0.000482925 0.0559688 -0.246499  -9.80601 9.86899
170.623 19.6911 179.256  -0.0997221 0.000865451     -0.0621  -179.034 -0.115492   178.927  -0.115542   0.033961 -0.0669934 0.0431918  0.139617  0.106826    0.0530498 -0.00545403  -0.0217822 -0.000516069  0.000648035 -0.000498106 0.0559693 -0.246493  -9.80605 9.8707
167.118 16.4152 175.154  -0.101013 0.00907071 -0.0580055  -178.998 -0.140655   178.962    -0.1151  0.0336833 -0.0667434 0.0321692  0.161096 0.0863706    0.0541076 -0.00663173  -0.0233695 -0.000518504  0.000627255 -0.000481241 0.0559625 -0.246472  -9.80597 9.87996
165.768 15.3313 173.201  -0.100472 0.00896929 -0.0574347 -179.014 -0.13925  178.947  -0.115308  0.0337694 -0.0668234 0.0435746   0.13683 0.0679043    0.0544432 -0.00661809  -0.0240805 -0.000517014  0.000636601 -0.000481687 0.0559674 -0.246488  -9.80599 9.88075
158.756 9.14966 165.186 -0.0975395 0.00979662 -0.0556002  -179.054 -0.130358   178.911  -0.115842  0.0340861 -0.0670338 0.0346137 0.0565802 0.0480222    0.0545192 -0.00668945   -0.024378 -0.000514864  0.000657327 -0.000486763   0.05598 -0.246515  -9.80605 9.88431
159.159 8.41067 164.409 -0.0949781 0.00962644 -0.0598696  -179.056 -0.104872   178.901   -0.11612  0.0340771 -0.0671336  0.0425517  0.0224833 -0.0191485    0.0538371 -0.00643216  -0.0238552 -0.000529352  0.000669791 -0.000542736 0.0559645 -0.246505  -9.80624 9.88929
159.263 8.44964 164.503 -0.0939703 0.00917968 -0.0614923   -179.058 -0.0952755    178.896   -0.11623  0.0341033 -0.0671758     0.0528  0.0186855 -0.0337978    0.0537429 -0.00642981  -0.0237548 -0.000532613  0.000674329 -0.000562468 0.0559653 -0.246501  -9.80631 9.89125
161.657 9.52723 164.489 -0.0890145 0.00559755 -0.0638136   -179.078 -0.0557089    178.883  -0.116312  0.0343393 -0.0671725  0.0704129  -0.023442 -0.0986814    0.0526589 -0.00461865  -0.0219192 -0.000529773  0.000694101 -0.000578158 0.0559653  -0.24653  -9.80635 9.89779
163.143 10.2619  166.23 -0.0887724  0.0017774 -0.0666313   -179.093 -0.0254236    178.853  -0.116283  0.0343638 -0.0670823  0.0536168 -0.0250102   -0.12709    0.0529884 -0.00626983  -0.0142456  -0.00057354  0.000724829 -0.000587456 0.0558131 -0.246589  -9.80642 9.90255
167.255 13.7279 172.256 -0.0871468 0.00518265 -0.0707743   -179.084 -0.0173039    178.849  -0.116326   0.034319 -0.0671164 -0.0173044     0.1235 -0.0238111   0.0530035 -0.0065238 -0.0131395 -0.000572731  0.000725214 -0.000587188 0.0558006 -0.246591  -9.80641 9.90815
169.055 15.6231 174.336 -0.0884591 0.00283477 -0.0621831   -179.127 -0.0210605    178.824  -0.116389  0.0336498 -0.0670069 -0.0334468  0.0963412  0.0732239    0.0517294 -0.00499038  -0.0113186 -0.000542904  0.000719316 -0.000476883 0.0557927 -0.246585  -9.80604 9.91715
172.449 19.2817  177.23  -0.0810652 -0.00278718  -0.0587443  -179.195 0.0295975    178.78  -0.115705  0.0326184 -0.0663522 0.0408417  0.035287 0.0834176     0.0487448 -0.000828306  -0.00831654 -0.000500475  0.000740785 -0.000478805 0.0559421 -0.246548  -9.80594 9.92706
176.215 22.6286 179.988  -0.0789294 -0.00678676  -0.0550741  -179.246 0.0363886   178.767  -0.11535 0.0321318 -0.065936 0.0691286 -0.011449 0.0958166   0.0464323 0.00213046 -0.0068044 -0.000480198  0.000746398 -0.000456292 0.0560111 -0.246527  -9.80584 9.93289
-179.456  25.3829 -177.264  -0.0792463 -0.00811052  -0.0505556   -179.277 -0.0100646    178.727 -0.115576  0.031823 -0.065838  0.0675731 -0.0541508   0.144298    0.0413884  0.00468449 -0.00677761 -0.000430583  0.000719345  -0.00041862 0.0561834 -0.246436   -9.8057 9.93761
-168.031   30.569 -170.086 -0.0811637 -0.0112182 -0.0451322   -179.286 -0.0535527    178.748  -0.115701  0.0322592 -0.0661285   0.029012 -0.0831091   0.209065    0.0409892  0.00469008 -0.00696279 -0.000444388  0.000714852 -0.000407851 0.0561679 -0.246444  -9.80575 9.94415
-162.821  31.9262 -168.088 -0.0808921 -0.0133161 -0.0459545   -179.275 -0.0867666    178.759  -0.115372   0.033341 -0.0664325  0.0373021 -0.0590583   0.165999    0.0409722  0.00362094 -0.00833899 -0.000452091  0.000715652 -0.000466872 0.0562608  -0.24648  -9.80601 9.94642
-161.901  32.6488 -168.332 -0.0737271 -0.0139354 -0.0509772   -179.248 -0.0725763    178.785    -0.1146  0.0347107 -0.0665502   0.131555 -0.0265513  0.0639523   0.0443291 0.00203219 -0.0116093 -0.000440821  0.000715703 -0.000592342 0.0564669 -0.246516  -9.80639 9.95519
-162.887  32.6509 -169.512 -0.0639523  -0.014768  -0.055719   -179.223 -0.0267928    178.779  -0.113887   0.035616 -0.0664109    0.232182 -0.00139947  -0.0195502    0.0464206 0.000472594  -0.0130325 -0.000429463  0.000726616  -0.00070664 0.0566235 -0.246558  -9.80669 9.96609
-165.331  31.3788 -172.708 -0.0570387 -0.0113158 -0.0619123     -179.18 -0.00558075       178.8  -0.113689  0.0358793 -0.0666133   0.254785  0.0481571 -0.0783809     0.0463005 -0.000589635   -0.0139312 -0.000445528  0.000726002  -0.00081314 0.0566734 -0.246538  -9.80701 9.97599
-177.911  19.4176  176.011 -0.0454505 -0.0186514 -0.0605326  -179.272 0.0213263   178.749  -0.114231  0.0365733 -0.0673853   0.188897 -0.0134614  0.0699935    0.0466952 -0.00242525  -0.0149568  -0.00040963  0.000740515 -0.000740541 0.0566889 -0.246561  -9.80684 9.98977
177.051 12.7327 172.545 -0.0454356 -0.0212183 -0.0687813  -179.322 0.0201141   178.652  -0.116101  0.0351864 -0.0670285    0.185564  -0.0504443 -0.00340638    0.0493346 -0.00589702  -0.0158541 -0.000433504  0.000781241  -0.00086553 0.0566838 -0.246466  -9.80732 9.99841
175.127 8.94675 170.991  -0.043481 -0.0226422 -0.0657337   -179.332 0.00672547    178.684  -0.115548  0.0356431 -0.0671534     0.17425  -0.0754522 -0.00446681    0.0491189 -0.00661604  -0.0157862 -0.000424273  0.000762001 -0.000815136 0.0566994 -0.246458  -9.80716 10.0023
175.164 8.89032 171.012 -0.0433104  -0.023025 -0.0639642   -179.335 0.00175044    178.695  -0.115254  0.0359214 -0.0672612  0.172952 -0.076808 0.0121478    0.0490515 -0.00668983  -0.0157698 -0.000417997  0.000753082 -0.000787796 0.0567084 -0.246461  -9.80707 10.0041
176.642 7.78427 170.999 -0.0395184 -0.0298511 -0.0585802  -179.377 -0.015677   178.707  -0.114522  0.0367329 -0.0677367   0.115446    -0.1497 -0.0195507    0.0476051 -0.00475998   -0.014668 -0.000393649  0.000743889 -0.000674851 0.0567111 -0.246487  -9.80672 10.0136
-176.63 13.1023 175.531 -0.0407219 -0.0274002 -0.0575197   -179.324 -0.0503813    178.804  -0.114177  0.0365574 -0.0675594   -0.0174736    0.0283936 -0.000891896     0.0470028 -0.000487833   -0.0119966 -0.000413259  0.000716088 -0.000635435 0.0566142 -0.246467  -9.80664 10.0165
-176.082  16.9692  178.836 -0.0455776  -0.027282 -0.0524077   -179.337 -0.0854732    178.828  -0.114172  0.0367173 -0.0675707 -0.0799037  0.0940957  0.0976339   0.0482802 0.00182687 -0.0101577 -0.000410787  0.000721432 -0.000537159 0.0565192 -0.246507  -9.80637 10.0236
-177.781  19.4722 -179.911   -0.04764   -0.02365 -0.0469556   -179.324 -0.0835813    178.858  -0.114396  0.0369502 -0.0675729 -0.0634954    0.12631   0.163177   0.0503618 0.00387939 -0.0105145 -0.000398571  0.000692621 -0.000467588 0.0564354 -0.246435  -9.80613 10.0305
-178.903  21.3271 -178.216 -0.0512092 -0.0230511 -0.0416221  -179.324 -0.118732   178.847  -0.114743  0.0374787 -0.0675778 -0.0294705  0.0912767   0.201479    0.0493484  0.00371387 -0.00967001 -0.000378679  0.000693988 -0.000401344 0.0564226 -0.246482  -9.80595 10.0369
 179.377  23.1698 -176.792 -0.0526502 -0.0222749 -0.0387188  -179.323 -0.132775   178.871  -0.114831  0.0376867 -0.0676774 0.0511705 0.0372489  0.189536    0.0510366  0.00395214 -0.00933482 -0.000386175  0.000693334 -0.000383839 0.0563854 -0.246504  -9.80594 10.0402
179.503 25.3821 -179.41 -0.0515714 -0.0280763 -0.0340218   -179.35 -0.196446   178.852  -0.114887  0.0377908 -0.0680308  0.154339 -0.216984 0.0915765   0.0505868 0.00447648 -0.0102813 -0.000412336  0.000703127 -0.000362858 0.0563484 -0.246544  -9.80601 10.0478
-179.919  22.0246  176.821 -0.0499332 -0.0334265 -0.0328325   -179.36 -0.209202   178.837  -0.114928  0.0377957 -0.0680567  0.126304 -0.261471 0.0743497    0.050232 0.00350197 -0.0113534 -0.000415261  0.000711089 -0.000362264  0.056354 -0.246564  -9.80602 10.0535
180.013 16.3679  173.44  -0.047884  -0.038506 -0.0343461 -179.404 -0.18977  178.857  -0.115032  0.0377575 -0.0681077 0.0756048 -0.192713  0.104635    0.0484391 -0.00149441  -0.0125883 -0.000447712  0.000685769 -0.000410155 0.0563174 -0.246437   -9.8062 10.0592
179.244 13.4613 171.584  -0.048573 -0.0368825 -0.0276309  -179.377 -0.193355   178.932  -0.114636  0.0376614 -0.0680861  0.0295952 -0.0979825   0.198233    0.0470347 -0.00177599  -0.0127365 -0.000434732  0.000679056 -0.000318888 0.0562323 -0.246443   -9.8059 10.0661
177.926 9.66257 169.003 -0.0432084  -0.040531 -0.0253009  -179.354 -0.102137   178.986   -0.11486   0.037923 -0.0684476  0.0300025 -0.0244759    0.24275   0.0426839 0.00609568 -0.0103043 -0.000453563  0.000751486 -0.000335925 0.0560829 -0.246697  -9.80591 10.073
 172.479 -4.45578  162.349 -0.0507636 -0.0378759 -0.0126437  -179.416 -0.179972   178.931  -0.114673  0.0374372 -0.0676361 -0.17984 0.124909 0.319856    0.0440625  0.00567184 -0.00623823 -0.000442831  0.000686266 -0.000318304 0.0562037  -0.24641  -9.80585 10.088
 175.845 0.602737   167.23  -0.0562538  -0.0251707 0.000133146  -179.323 -0.206103    178.99    -0.1136  0.0372556 -0.0672849 -0.17798 0.308691 0.362641     0.043326  0.00650069 -0.00429288 -0.000431008  0.000654176 -0.000234535  0.056153 -0.246399  -9.80557 10.1068
  175.88 0.620781  167.272 -0.0570947 -0.0232084  0.0012012  -179.303 -0.216163   179.003  -0.113416  0.0372144 -0.0671788 -0.186396  0.325654  0.370565    0.0433344  0.00654729 -0.00423632 -0.000430214  0.000645196 -0.000216159  0.056138 -0.246391  -9.80551 10.1092
175.659 12.1673 171.614  -0.057237 -0.0129809  0.0118522  -179.326 -0.161881   179.012  -0.113326  0.0370125 -0.0670447 -0.124017  0.461537  0.461539    0.0437916   0.0100116 -0.00336142  -0.00042025  0.000634292 -0.000257718 0.0561886 -0.246304  -9.80556 10.124
175.258 15.7728 173.611  -0.0571649 -0.00863564    0.018456  -179.337 -0.143356   179.003  -0.11336 0.0369947 -0.066948 -0.102751  0.460316  0.512489    0.0439578   0.0113235 -0.00270295  -0.00040911  0.000639748 -0.000251696 0.0562007   -0.2463  -9.80549 10.1319
174.925 20.8668 177.555 -0.0573265 0.00186754  0.0388876  -179.369 -0.168254   178.995  -0.113197  0.0371394 -0.0671205 0.196904  0.15143  0.45431    0.0442321    0.011634 -0.00218722 -0.000418545  0.000655223 -0.000236655 0.0561934 -0.246341  -9.80548 10.1549
177.257 19.8269 175.688 -0.0536772   0.007523  0.0422831  -179.328 -0.198848    179.02  -0.112966  0.0372169 -0.0673963 0.287034 0.054796 0.342069    0.0437359   0.0111263 -0.00309537 -0.000452506  0.000635533 -0.000311635 0.0561938 -0.246327  -9.80581 10.1624
177.258 19.7494 175.601 -0.0553132 0.00847921  0.0406076  -179.318 -0.218886   179.028  -0.112916  0.0372772 -0.0675261   0.27237 0.0644421  0.328322    0.0437214   0.0110704 -0.00314538 -0.000467045  0.000630813 -0.000327543 0.0561814 -0.246329   -9.8059 10.1649
177.254 19.6962 175.544 -0.0565481 0.00911126  0.0393876  -179.311 -0.233904   179.034  -0.112876  0.0373214 -0.0676208  0.261291 0.0708779  0.318326    0.0437152   0.0110315 -0.00317778 -0.000477891  0.000627961 -0.000338958 0.0561719 -0.246332  -9.80597 10.1668
-179.54 10.8375 170.454 -0.0577121 0.00979138  0.0460017  -179.327 -0.310037   179.002  -0.113039  0.0372959 -0.0669237  0.140732 0.0417112  0.265516    0.0428087  0.00984168 -0.00375658 -0.000563397  0.000653407 -0.000401638 0.0560013 -0.246386  -9.80626 10.1735
178.156 3.39405 167.049 -0.0538199 0.00687301  0.0519353  -179.383 -0.294339   178.917   -0.11358  0.0377518 -0.0670593 0.0830703 0.0917037  0.320029    0.0441864  0.00888969 -0.00313993 -0.000548044  0.000657046 -0.000419821 0.0560422 -0.246348  -9.80633 10.1812
-178.616 0.126663  167.636  -0.061149 0.00749379  0.0622429  -179.427 -0.334045   178.855  -0.113858  0.0378707 -0.0663173 -0.142144  0.203375  0.250058    0.0437097  0.00875187 -0.00236363 -0.000591176  0.000699297 -0.000432173 0.0559269 -0.246435   -9.8064 10.1939
-178.627 0.104023  167.675 -0.0628095 0.00592732  0.0622091  -179.438 -0.343996   178.838  -0.113914  0.0378979 -0.0661431 -0.157357  0.187041  0.248692    0.0437093  0.00873181 -0.00234409 -0.000599437  0.000711416 -0.000432513 0.0559041 -0.246463   -9.8064 10.1961
  -178.63 0.0913856   167.693 -0.0641348 0.00482794  0.0621432  -179.445 -0.352001   178.825 -0.113957 0.0379173 -0.066007 -0.169527  0.175601  0.247218    0.0437063  0.00871883 -0.00233644 -0.000606335  0.000720283 -0.000433282 0.0558854 -0.246483  -9.80641 10.1979
177.325 8.68427 172.685 -0.0644572  0.0175284  0.0726172  -179.418 -0.317866   178.856 -0.114185 0.0378253  -0.06581 0.011727 0.367696 0.225482    0.0446839  0.00954712 -0.00189776 -0.000585527  0.000700476 -0.000418657  0.055907 -0.246443  -9.80631 10.2143
172.917 12.9655 174.635 -0.0670837  0.0172655  0.0767045  -179.459 -0.355707   178.845 -0.113998 0.0381026  -0.06633 0.105392 0.254852 0.236139    0.0457108    0.010457 -0.00149051 -0.000598031  0.000724137 -0.000385995 0.0558716 -0.246504  -9.80628 10.2192
172.332 12.6448 172.454 -0.0516457  0.0216584   0.090904   -179.45 -0.339338   178.858  -0.114175   0.038197 -0.0661663  0.390385 -0.108946  0.218897    0.0443802  0.00945872 -0.00248774 -0.000578234  0.000708466 -0.000349363 0.0559001 -0.246478  -9.80613 10.2406
176.178 8.38292 170.233 -0.0643298  0.0164032  0.0895892  -179.488 -0.439672   178.827 -0.114183 0.0381013 -0.066199  0.193096 -0.158436  0.232039    0.0425166  0.00735524 -0.00326601 -0.000669149  0.000737516 -0.000373434 0.0556797 -0.246483  -9.80629 10.2544
 176.22 8.28179 170.198 -0.0685656  0.0164614  0.0874724  -179.489 -0.464892   178.824  -0.114182  0.0380661 -0.0661999  0.152713 -0.158005  0.212822    0.0424771  0.00726754 -0.00332603 -0.000693835  0.000743299 -0.000390943 0.0556269 -0.246485  -9.80636 10.2592
-178.078 0.642021  165.529 -0.0706966  0.0158858  0.0987166  -179.489 -0.501935   178.838  -0.113825  0.0373661 -0.0659992 0.00792204 -0.0069657   0.387244    0.0418277  0.00690879 -0.00351932 -0.000705256  0.000751706 -0.000346629 0.0556114 -0.246485   -9.8062 10.2706
 -176.42 -4.35983  163.519 -0.074445 0.0135273  0.105156  -179.518 -0.498484   178.807 -0.114278 0.0376001 -0.065595 -0.124501  0.130502  0.424041    0.0420179  0.00707517 -0.00267104 -0.000722458  0.000762651 -0.000369527 0.0555372  -0.24648  -9.80627 10.2784
178.851 2.20567 169.069 -0.0789469  0.0248051   0.129141  -179.522 -0.480918   178.813  -0.114201  0.0375374 -0.0656559 -0.162266   0.38094  0.483329    0.0429453  0.00798851 -0.00180504 -0.000698826  0.000761649 -0.000316878 0.0555787 -0.246492  -9.80609 10.3053
177.188 6.31272 171.725 -0.0697237  0.0276536   0.135066  -179.529 -0.405562   178.785 -0.114014 0.0371665 -0.065475 0.00615559   0.371381   0.477904    0.0429649   0.0084847 -0.00134287 -0.000661836  0.000767069  -0.00032968 0.0556435   -0.2465   -9.8061 10.3166
177.206 6.32394  171.77 -0.067726 0.0263187  0.133976  -179.536 -0.391007   178.777  -0.113911  0.0370671 -0.0654544 0.0235934  0.358568  0.467068     0.042942  0.00849332 -0.00129876 -0.000657354  0.000773157 -0.000343102 0.0556518 -0.246509  -9.80614 10.3193
174.077 11.3734 174.641 -0.0607732  0.0354226   0.145518 -179.527 -0.35887  178.775  -0.113834  0.0368094 -0.0652765 0.259327 0.271747 0.486954    0.0429385  0.00793081 -0.00176535 -0.000651292  0.000770116 -0.000357157 0.0556555 -0.246498  -9.80617 10.3355
172.926 13.4133 175.237 -0.0631512  0.0344578   0.147491   -179.56 -0.418475   178.785 -0.113437 0.0368858 -0.065835 0.307303 0.119981 0.448702    0.0431703  0.00833218 -0.00196865 -0.000680545  0.000788599 -0.000398005 0.0556207 -0.246516  -9.80635 10.3388
174.478 11.3067 172.714 -0.0353463  0.0275288   0.168709 -179.583 -0.36363  178.763  -0.113394  0.0369033 -0.0657034  0.666797 -0.290937  0.407651    0.042569 0.00764345 -0.0031121 -0.000655328  0.000793458 -0.000381162 0.0556435  -0.24653  -9.80629 10.3744
175.824 7.57869 170.621 -0.0263508   0.020963   0.165589  -179.587 -0.358883    178.74  -0.113458  0.0369418 -0.0656614  0.670106 -0.337424  0.301966    0.0421256  0.00639333 -0.00403579  -0.00067718  0.000813063 -0.000489542 0.0555719 -0.246564  -9.80666 10.386
 175.84 7.44156 170.566 -0.0264516  0.0207162   0.162581  -179.585 -0.355347   178.734  -0.113477  0.0369561 -0.0656534  0.669773 -0.338968  0.272786     0.042095  0.00622148 -0.00412354 -0.000684196  0.000817214 -0.000525344 0.0555491 -0.246571  -9.80678 10.389
 175.85 7.37968 170.525 -0.0264736  0.0204636   0.160595 -179.585 -0.35245   178.73  -0.113494   0.036968 -0.0656471  0.670001 -0.340814  0.253517    0.0420734  0.00614731 -0.00418452 -0.000688589  0.000820514 -0.000548938 0.0555338 -0.246577  -9.80686 10.391
 179.722 0.385787  166.807 -0.0061932  0.0108889   0.166819 -179.581 -0.36594  178.722  -0.113749  0.0370011 -0.0653448  0.480616 -0.152263   0.17842    0.0420772  0.00600742 -0.00416128 -0.000712681  0.000825026 -0.000594703 0.055466 -0.24657 -9.80699 10.4143
-176.067  0.31885  168.472 0.00338923  0.0141417   0.175083  -179.564 -0.403971   178.732  -0.113664  0.0367462 -0.0650376 0.145491 0.181585 0.164203    0.0426365  0.00577301 -0.00075069 -0.000756743  0.000821618 -0.000598387   0.05537 -0.246535  -9.80697 10.4274
-179.079  1.55313  170.778 0.00288913  0.0180611   0.178304  -179.553 -0.420919   178.761  -0.113623  0.0366584 -0.0649508 0.143074 0.219916    0.153     0.045054  0.00577482 0.000108622 -0.000774426  0.000826291 -0.000586223 0.0553281 -0.246554  -9.80692 10.4325
-179.109  1.55569  170.837 0.00303261   0.018157   0.178657 -179.553 -0.42089  178.762 -0.113606 0.0366363 -0.064964 0.144347 0.220593 0.156707    0.0450844  0.00577809 0.000166235 -0.000772742  0.000826017 -0.000581489 0.0553334 -0.246555  -9.80691 10.4329
-179.12  1.5553 170.863 0.00328104  0.0182026   0.178788  -179.552 -0.419553   178.762 -0.113599 0.0366255  -0.06498 0.146909 0.220939 0.158131    0.0450949  0.00577964 0.000190607 -0.00077123 0.000825595 -0.00057946 0.0553368 -0.246554   -9.8069 10.4331
-179.127  1.55547  170.884 0.0034787 0.0182842  0.178866  -179.551 -0.418208   178.763  -0.113596  0.0366178 -0.0649938 0.148976 0.221738 0.158987    0.0451013  0.00578148 0.000209878 -0.000770122   0.00082503 -0.000578173 0.0553393 -0.246554   -9.8069 10.4334
 179.864 0.985058   168.28 0.0167033 0.0188486  0.188276 -179.617 -0.51772  178.755  -0.113492  0.0362414 -0.0649145   0.397228 -0.0945093  0.0744387    0.0453527  0.00588154 4.85369e-05 -0.000820514  0.000874269 -0.000582003 0.0552242 -0.246612  -9.80691 10.4496
-178.167 -1.71925  164.923 0.0163649 0.0180175  0.179496  -179.612 -0.550913   178.739  -0.113602  0.0360975 -0.0646398   0.255473 -0.0371853  -0.012154     0.0459923   0.00613361 -7.89022e-05 -0.000854733  0.000890123  -0.00069317 0.0551581 -0.246624  -9.80726 10.4584
-178.28 -1.6976  164.92 0.0127989 0.0182549  0.175854  -179.612 -0.569811   178.733  -0.113632  0.0359891 -0.0645179   0.213764 -0.0349737 -0.0543259     0.046095  0.00614678 -7.4274e-05 -0.000874166   0.00089586 -0.000733296 0.0551172 -0.246619  -9.80738 10.4635
-173.955 -5.94576  161.632 0.0136261 0.0189473  0.173616  -179.625 -0.566376   178.744  -0.113738   0.035965 -0.0644141 -0.0211337   0.167484 -0.0464766    0.045006 0.00582595 6.8238e-05 -0.000890009   0.00090019 -0.000745894 0.0550587 -0.246613  -9.80742 10.466
-174.722   -5.502  161.915 0.0106761  0.021125  0.165407  -179.626 -0.570208   178.734  -0.113961  0.0361564 -0.0643328 -0.156892  0.286763 -0.149521   0.0475043 0.00798872 0.00152062 -0.000903265  0.000906086 -0.000821067 0.0550199 -0.246624  -9.80767 10.475
177.912 1.68706 169.977 -0.00857502   0.0348011    0.158018   -179.65 -0.637504   178.768  -0.113843  0.0365218 -0.0647094 -0.244565  0.401587 -0.191313   0.0482668 0.00743763 0.00283353 -0.000931492   0.00093938 -0.000809811 0.0549706 -0.246712  -9.80764 10.4998
177.837 1.67292 170.021 -0.0107325  0.0331573   0.157535  -179.659 -0.649325   178.772   -0.11377  0.0365529 -0.0648002  -0.27164  0.381559 -0.194982   0.0483358 0.00742622  0.0028722 -0.000937728  0.000945027  -0.00081301 0.0549593  -0.24672  -9.80765 10.5025
177.776 1.68116 170.053 -0.012096 0.0323509  0.156908  -179.664 -0.657063   178.774  -0.113717  0.0365569 -0.0648566 -0.288862  0.371791 -0.201429   0.0483918  0.0074331 0.00290241 -0.000941954  0.000948063 -0.000817635 0.0549524 -0.246723  -9.80766 10.5042
177.743 1.68038 170.086 -0.0132666  0.0319534   0.156596  -179.667 -0.663645   178.776 -0.113691 0.0365752 -0.064895 -0.303382  0.367178 -0.204413    0.048423 0.00743271 0.00293277 -0.000945415  0.000949659 -0.000819919  0.054947 -0.246725  -9.80767 10.5055
177.724 1.67444  170.11 -0.0141509  0.0315883   0.156373  -179.669 -0.668313   178.778  -0.113669  0.0365896 -0.0649256 -0.314365  0.362886 -0.206459   0.0484412 0.00742805 0.00295492 -0.000947987  0.000951011 -0.000821523  0.054943 -0.246726  -9.80768 10.5065
-179.034 -2.58555  166.742 -0.0394864  0.0406472   0.136851  -179.729 -0.695089   178.789   -0.11382  0.0365207 -0.0646628 -0.193229 0.0834515  -0.15082   0.0485883 0.00746367 0.00300111 -0.000966189  0.000992007 -0.000833244 0.0548686 -0.246776  -9.80766 10.5397
 -176.36 -5.32758  163.632 -0.0468448  0.0370213    0.12202  -179.745 -0.694009    178.79  -0.114131  0.0367359 -0.0644951 -0.299461  0.138725 -0.214972   0.0490374 0.00813403 0.00346123 -0.000967506   0.00101425 -0.000902467 0.0548252  -0.24684  -9.80786 10.5567
-176.409 -5.29608  163.653 -0.0496474  0.0345889   0.120342  -179.756 -0.699674    178.79  -0.114238  0.0367345 -0.0643803 -0.325189  0.113986 -0.229141   0.0490802 0.00815841 0.00348111 -0.000971926   0.00102338 -0.000914779 0.0548051 -0.246853  -9.80789 10.5607
-175.369 -5.76341  161.701 -0.0557733  0.0367598   0.104918  -179.749 -0.682923   178.792  -0.114327  0.0370443 -0.0644356 -0.398792   0.24661 -0.294323    0.049627 0.00938988  0.0038307 -0.000962629   0.00103342 -0.000971644 0.0547995 -0.246915  -9.80808 10.5775
-177.088 -5.65134  163.341 -0.0605624  0.0374074   0.102948  -179.763 -0.678862   178.801 -0.114341 0.0370595 -0.064434 -0.425113  0.291314 -0.279543   0.0505307 0.00900363 0.00495719 -0.000959637   0.00104334 -0.000960613 0.0547979 -0.246938  -9.80805 10.5827
  176.948 -0.156006   170.217 -0.0732026  0.0484055  0.0905564  -179.791 -0.643044   178.802  -0.114076  0.0367703 -0.0644633 -0.292769  0.323612 -0.216118   0.0500977 0.00853369 0.00528959 -0.000938187   0.00106621 -0.000958787 0.0548184 -0.246996  -9.80806 10.6035
 176.835 -0.17303  170.235 -0.0698938  0.0463063  0.0896902  -179.801 -0.623254     178.8  -0.113961  0.0366091 -0.0644616 -0.264492  0.302649  -0.22384    0.050153 0.00855519 0.00528647 -0.000930563   0.00107247 -0.000962593 0.0548203  -0.24701  -9.80809 10.6075
174.267 1.68899 173.254 -0.0737227  0.0540409  0.0867492  -179.796 -0.611281   178.801   -0.11413  0.0367437 -0.0643795 -0.0527076   0.187455  -0.199685   0.0505029 0.00852606 0.00507536  -0.00093372   0.00106549 -0.000935342 0.0548041 -0.246996    -9.808 10.6167
174.079 1.88509 174.257 -0.080214 0.0529536 0.0909534  -179.829 -0.652074   178.835  -0.114258  0.0373581 -0.0645073 0.00671787  0.0898784  -0.181586   0.0502606 0.00847109 0.00511919 -0.000950592   0.00106352 -0.000880542 0.0547922  -0.24697  -9.80782 10.6245
174.121 1.85634 174.256 -0.0811925  0.0521366  0.0919589  -179.837 -0.658171   178.842 -0.114256 0.0374458 -0.064539 -0.00212601   0.0827819   -0.171978   0.0501889  0.0084241 0.00510399 -0.000952964   0.00106432 -0.000872123 0.0547901 -0.246967  -9.80779 10.6261
 175.999 -2.60867  169.791 -0.0797971  0.0386101  0.0798205  -179.935 -0.671103   178.837  -0.114378  0.0374754 -0.0644502 0.0546735 -0.190576 -0.184515   0.0500925 0.00863174  0.0051175 -0.000956853     0.001108 -0.000872632 0.0547398 -0.247005  -9.80777 10.6443
 -179.92 -4.88268  166.542 -0.0800012     0.0338  0.0702226  -179.933 -0.652928   178.847  -0.114731  0.0379168 -0.0643936 -0.0391507  -0.124783  -0.189489   0.0499461 0.00914433 0.00495405  -0.00096165   0.00112283 -0.000947682 0.0546703  -0.24706  -9.80802 10.6551
-177.882 -5.08973  165.044 -0.0803675  0.0328648  0.0591302  -179.908 -0.629799   178.866  -0.115004  0.0385819 -0.0644551  -0.120771 -0.0192154  -0.243165   0.0505999  0.0103017 0.00514192 -0.000963272    0.0011286  -0.00104333 0.0546122  -0.24712  -9.80834 10.6662
-177.921 -4.96718  165.112 -0.0785359  0.0328652  0.0562307  -179.898 -0.609417    178.87  -0.115063   0.038872 -0.0645262  -0.103489 -0.0160678  -0.268795   0.0506282  0.0104401 0.00520038 -0.000960321   0.00112633  -0.00107273 0.0545939 -0.247135  -9.80845 10.6696
-177.012 -4.71696  164.676 -0.0855632  0.0328762  0.0488563  -179.918 -0.630922   178.873  -0.115183  0.0388543 -0.0643901 -0.219678    0.1269  -0.27804   0.0512433  0.0105766 0.00515307 -0.000969497   0.00113821  -0.00108855 0.0545735 -0.247142  -9.80848 10.6798
176.203 1.47826 171.618 -0.0878261  0.0419448  0.0362155  -179.894 -0.572218   178.856  -0.115145  0.0386914 -0.0642616  -0.11405  0.213383 -0.304846   0.0513358  0.0103365 0.00606283 -0.000936639   0.00114304  -0.00108196 0.0546228 -0.247196  -9.80849 10.6955
174.289 4.17969 175.615 -0.0883849  0.0422709  0.0295123  -179.908 -0.577663   178.858  -0.114965  0.0385975 -0.0643138 0.00254052   0.101113  -0.348411   0.0509857  0.0100014 0.00697699 -0.000922212   0.00116714  -0.00109137 0.0546603 -0.247266  -9.80852 10.7023
173.164 7.31891 177.741 -0.0810888  0.0420074  0.0166901  -179.916 -0.525446   178.826   -0.11433  0.0378601 -0.0642217  0.192553 -0.015131 -0.462998   0.0511263  0.0109521 0.00708506 -0.000892419   0.00117426  -0.00118771 0.0547008 -0.247267  -9.80884 10.717
173.165 7.45879 177.799 -0.078484 0.0412224 0.0146116 -179.921 -0.50239  178.816  -0.114102  0.0375902 -0.0641804   0.211522 -0.0231026  -0.480352   0.0511206  0.0110699 0.00713502 -0.000879582   0.00118006  -0.00121396 0.0547175 -0.247278  -9.80894 10.7204
 173.877   9.2215 -179.892   -0.0710434     0.034987 -0.000774243  -179.959 -0.511646   178.821  -0.113644  0.0375165 -0.0642975  0.413741 -0.200072 -0.584849   0.0504539   0.010727 0.00713606 -0.000874339   0.00120476  -0.00124935 0.0547301 -0.247325  -9.80905 10.7386
176.008 9.68769 179.053 -0.0523884  0.0257289 -0.0245681  -179.947 -0.519912   178.813  -0.113745   0.037501 -0.0643575   0.55026 -0.356373 -0.669382   0.0489168  0.0107184 0.00428243 -0.000869464   0.00118856   -0.0012426 0.0547602 -0.247284  -9.80903 10.7703
178.732 4.85797 173.007 -0.0395005  0.0188091 -0.0380632  -179.924 -0.520062    178.81  -0.113671  0.0374391 -0.0644311  0.436997 -0.298461 -0.654993   0.0482365 0.00964868 0.00150999 -0.00085096  0.00119419 -0.00120964 0.0548231 -0.247336  -9.80894 10.7902
178.745 4.86135 172.814 -0.0384346   0.018642  -0.038076 -179.922 -0.50946   178.81 -0.113668  0.037506 -0.064445  0.446378 -0.299316 -0.655376   0.0482029 0.00965957 0.00130699 -0.000843708   0.00119418  -0.00120824 0.0548356 -0.247346  -9.80894 10.7912
-177.278  0.45926  170.064   -0.03132  0.0121556 -0.0490614  -179.959 -0.530562   178.805  -0.113352   0.036592 -0.0641655   0.22428 -0.182708 -0.592398    0.047296 0.00862703 0.00144519 -0.000863317   0.00120625   -0.0011214 0.0548153 -0.247316  -9.80863 10.8058
-177.098 0.334643  170.101 -0.0320831  0.0116227 -0.0462975  -179.976 -0.539683   178.802  -0.113231   0.036174 -0.0640049  0.214923 -0.192774 -0.568677    0.047216 0.00854725 0.00146574 -0.000868835   0.00121786  -0.00108064 0.0548133 -0.247324  -9.80848 10.8088
179.113 4.69826 173.826 -0.0293637      0.005 -0.0731678 -180.011 -0.56527  178.812  -0.113299  0.0360908 -0.0638851 0.0504981 -0.025835 -0.556632   0.0476069 0.00866302 0.00155615 -0.000886049   0.00124344  -0.00107961 0.0547703 -0.247364  -9.80846 10.8366
176.636 8.45073 178.621 -0.0287173 0.00404659 -0.0863099  -180.009 -0.586087   178.816  -0.113349  0.0361728 -0.0638772   0.117494 -0.0529253   -0.55683   0.0475205 0.00862817 0.00198088 -0.000893739   0.00124597  -0.00105833 0.0547619 -0.247377  -9.80839 10.8498
 176.486  10.3188 -179.195 -0.0247485 0.00133838 -0.0889043   179.995 -0.565897    178.81  -0.113397   0.036209 -0.0638857  0.216914 -0.124107 -0.525354   0.0470547 0.00889217 0.00222586 -0.000877702   0.00124799  -0.00098475 0.0547921 -0.247376  -9.80817 10.8552
 177.441  11.4306 -176.985  -0.0216427 -0.00430489  -0.0905534  179.954 -0.56991  178.817  -0.113385  0.0362925 -0.0639139  0.310994 -0.238367  -0.49522   0.0464683 0.00858114 0.00250507 -0.000875096   0.00126732 -0.000898017 0.0547956 -0.247413   -9.8079 10.8619
 179.056  12.3238 -175.161 -0.0181703 -0.0112585 -0.0944278   179.918 -0.589341   178.823  -0.113346  0.0363569 -0.0639149  0.386997 -0.354125 -0.485201    0.045819 0.00834106 0.00255949 -0.000879892   0.00128458 -0.000844039 0.0547918 -0.247443  -9.80773 10.8706
-179.349   12.816 -174.194 -0.0139901 -0.0179853  -0.104647   179.936 -0.642163   178.835  -0.113567  0.0365742 -0.0639857  0.429812 -0.443233 -0.492214   0.0458939 0.00817899 0.00192278 -0.000906784   0.00127406 -0.000840082 0.0547473 -0.247426  -9.80771 10.8835
-178.481  10.2667 -179.393 0.000180399  -0.0326016   -0.122409   179.979 -0.682204   178.837  -0.113455  0.0364202 -0.0640856  0.415055 -0.507346 -0.454043      0.046001   0.00744621 -0.000609833 -0.000919848   0.00125432 -0.000831569 0.0547439 -0.247397  -9.80768 10.9105
-178.522  10.2719 -179.534 -0.000343913   -0.0322846    -0.122624   179.982 -0.688013   178.838  -0.113451   0.036405 -0.0640854  0.410025 -0.504292 -0.456031     0.0460153   0.00744655 -0.000703545 -0.00092315  0.00125355 -0.00083491  0.054739 -0.247396  -9.80769 10.9112
-178.532  10.2716 -179.585 -0.000514094   -0.0320764    -0.122842   179.984 -0.690005   178.838  -0.113448  0.0364061 -0.0640891  0.408439 -0.502128 -0.458125     0.0460159   0.00744576 -0.000736865 -0.000924473   0.00125267 -0.000838161  0.054737 -0.247395   -9.8077 10.9115
-174.744  4.73532  174.975  0.0054123 -0.0515379   -0.12919   179.947 -0.761682   178.815   -0.11284   0.034792 -0.0633904  0.193344 -0.519059   -0.3687    0.0454272  0.00677762 -0.00078635  -0.00096105   0.00128584 -0.000690895 0.0546815 -0.247419  -9.80718 10.9328
-172.571  3.08132  172.488 0.00313442 -0.0617703  -0.135836   179.938 -0.801454   178.792  -0.112819  0.0340105 -0.0627869 0.0190048 -0.485681 -0.393159     0.0456955   0.00675693 -0.000612204 -0.00099085   0.0013014 -0.00068326 0.0546255  -0.24743  -9.80711 10.9452
-178.241  6.98558  176.452 -0.00293956  -0.0739949   -0.147483   179.963 -0.842147   178.797  -0.112634   0.033867 -0.0626642 -0.151401 -0.241853 -0.319184     0.0465258   0.00707413 -0.000248187  -0.00101397   0.00129315 -0.000628846 0.0545711 -0.247432  -9.80694 10.9632
-178.267  7.01778  176.536 -0.00431493  -0.0735991   -0.146388   179.966 -0.855713   178.796  -0.112598  0.0338277 -0.0626304 -0.165591 -0.239001 -0.309052     0.0465623   0.00710722 -0.000174129  -0.00102059   0.00129315 -0.000614028 0.0545576 -0.247437   -9.8069 10.965
176.877 9.69898 179.186 -0.00663327  -0.0758826    -0.15066   179.999 -0.820068   178.805 -0.112606 0.0339153 -0.062334 -0.195475 -0.195235 -0.237982     0.0469811   0.00729866 -0.000429347  -0.0010132  0.00127031 -0.00058821 0.0545377 -0.247384  -9.80681 10.9703
 175.685   10.703 -179.357 -0.00849588  -0.0792794   -0.149769   179.993 -0.815941    178.81  -0.112635  0.0342006 -0.0623784 -0.189268 -0.236086 -0.204714     0.0468417   0.00734381 -0.000457868  -0.00100519   0.00127215 -0.000538006 0.0545446 -0.247391  -9.80665 10.9743
 175.354  12.0153 -177.218 -0.0137221 -0.0801781  -0.151163  -179.994 -0.833077   178.809  -0.112952  0.0345533 -0.0619989 -0.172706  -0.26458 -0.218754    0.0467074  0.00806166 0.000320405   -0.0010112   0.00124945 -0.000516224 0.0545177  -0.24737  -9.80658 10.9798
 174.952  14.1883 -177.063 -0.0189903 -0.0868214  -0.163288  -179.895 -0.856238   178.818  -0.113274  0.0346826 -0.0615269  0.038898 -0.318765 -0.339716     0.0463261   0.00859472 -0.000413452  -0.00103056   0.00119562 -0.000495662 0.0544284 -0.247299  -9.80653 10.9946
174.643 12.7389 -178.68 -0.0219818 -0.0949827  -0.162519 -179.935 -0.88218   178.84  -0.113337  0.0349368 -0.0616809 0.0150776 -0.409497 -0.298804    0.0446942  0.00704788 -0.00192326  -0.00104832   0.00121105 -0.000416323 0.0543731 -0.247327   -9.8063 11.0033
175.862 9.19864 179.927 -0.0327746  -0.100878  -0.148762  -179.983 -0.970548   178.916  -0.112687  0.0348753 -0.0614306 -0.104111  -0.48196  -0.13971    0.0418939  0.00345395 -0.00247521  -0.00110453   0.00119777 -0.000174646 0.0542144 -0.247274  -9.80557 11.0218
176.824 6.91157 178.438 -0.0351426  -0.108834  -0.149304   180.007 -0.963155   178.945  -0.112584  0.0347634 -0.0614329 -0.130805 -0.549226  -0.12695     0.039675  0.00201357 -0.00244352 -0.00112594  0.00120032 -0.00015727 0.0541509 -0.247248  -9.80552 11.0301
 178.49  3.9873 175.334 -0.0378418  -0.111209  -0.150387 -179.942 -0.97462  178.967   -0.11194  0.0345558 -0.0616246  -0.17223 -0.482745 -0.111172    0.0393742  0.00222237 -0.00288664  -0.00113175   0.00116131 -0.000134773 0.0541151 -0.247195  -9.80548 11.0338
-174.253 0.836224  171.518 -0.0515928  -0.115811  -0.153435 -179.833 -1.02117  178.979  -0.110932  0.0337892 -0.0624261  -0.393581  -0.179996 -0.0826537    0.0389714  0.00219142 -0.00274451  -0.00115044   0.00108884 -8.41578e-05 0.0540327 -0.247056  -9.80538 11.0487
-173.408    1.547   171.91 -0.058239 -0.117564 -0.152875 -179.836 -1.02919  178.975 -0.110844 0.0335761 -0.062383  -0.444488  -0.084148 -0.0514285    0.0386045  0.00213181 -0.00265964  -0.00115247   0.00109204 -6.06145e-05 0.0540245  -0.24706  -9.80531 11.0556
-174.676  2.92847  172.768 -0.0612718  -0.114582  -0.151406 -179.807 -1.00948  178.984  -0.110619  0.0334412 -0.0626814  -0.452233  0.0262204 -0.0216661    0.0395082  0.00274176 -0.00280435  -0.00114179   0.00106941 -2.78345e-05 0.0540122 -0.246999  -9.80522 11.0601
-176.378  3.95581  173.973 -0.0671901  -0.112904  -0.148129   -179.8 -1.01246  178.995  -0.110539  0.0332672 -0.0627229 -0.478389 0.0994918 0.0193009    0.0396267  0.00221864 -0.00296837 -0.00114081  0.00106928 2.65685e-05 0.0539883 -0.247001  -9.80506 11.067
-178.854  5.08614  176.589 -0.0733946  -0.107911  -0.147488  -179.75 -1.00804  179.012  -0.110644  0.0331882 -0.0626469 -0.487811  0.182774 0.0438388    0.0393991 0.000853867 -0.00144473 -0.00111422   0.0010722 2.37646e-05 0.0540425 -0.247053  -9.80506 11.075
 -175.62  8.13741 -175.661 -0.0909095 -0.0882531   -0.14472  -179.574 -0.952739   178.959  -0.111846  0.0328674 -0.0626034 -0.301142   0.14325 0.0150344     0.038333 0.000193882 0.000644417 -0.00107997  0.00100363 4.31314e-05 0.0539798 -0.246936  -9.80501 11.1015
-172.403  9.67087 -173.701 -0.0926403  -0.085781  -0.136647  -179.607 -0.940498    178.98  -0.112259  0.0324282 -0.0624956 -0.230032  0.111157   0.06347   0.0338673 0.00398144 0.00123776  -0.0010279 0.000980718 0.000172172 0.0540808 -0.246811   -9.8046 11.1101
-169.917  10.4654 -172.167 -0.0942174 -0.0841579  -0.125475  -179.628 -0.917263   178.972  -0.112709  0.0318305 -0.0623225 -0.189875 0.0904394  0.142983   0.0317498  0.0048386 0.00144093 -0.000989825  0.000984682  0.000345486 0.0541057 -0.246758  -9.80405 11.1215
-167.678  10.7032 -171.192 -0.0970287 -0.0831145   -0.11874  -179.639 -0.920742   178.958  -0.112883  0.0315529 -0.0622394 -0.175911  0.076544  0.192956    0.0312026  0.00441619 0.000927687 -0.000975052  0.000991442  0.000426124 0.0541221 -0.246751   -9.8038 11.1289
-167.607  10.6931 -171.195 -0.0966386 -0.0830272   -0.11504  -179.646 -0.911888   178.955  -0.113025  0.0312749 -0.0621653  -0.17241 0.0742761  0.220236    0.0309733  0.00449471 0.000898939 -0.000963339  0.000996133  0.000490024 0.0541243 -0.246739   -9.8036 11.1326
 -157.97  9.88992 -172.282  -0.105393 -0.0754675  -0.103681  -179.582 -0.899884    178.97  -0.113128  0.0312619 -0.0627602 -0.177962 0.0547209  0.213484     0.031085  0.00447747 0.000638796 -0.000953911  0.000954112  0.000463989 0.0541077 -0.246661  -9.80373 11.1488
-155.977  9.31825 -173.146 -0.107462 -0.075012 -0.101885  -179.583 -0.889131   178.971  -0.113118  0.0315391 -0.0627696 -0.177966 0.0658658  0.182101    0.0313159  0.00426932 0.000649618 -0.000953034  0.000950883  0.000432516 0.0541159  -0.24666  -9.80382 11.1516
-155.653  8.39672 -174.099  -0.112505 -0.0731138  -0.100422  -179.574 -0.924245   178.951  -0.113131  0.0316065 -0.0628854 -0.195558  0.103797  0.151182   0.0326899 0.00292128  0.0010102 -0.000970818  0.000937899  0.000419438 0.0540897 -0.246645  -9.80388 11.1572
-156.902  7.79805 -175.066   -0.11632 -0.0710616  -0.100722 -179.567 -0.93582  178.945  -0.113158  0.0317725 -0.0629395 -0.216429  0.148687  0.114054   0.0338016 0.00261891 0.00104197 -0.00098112 0.000926893 0.000369696 0.0540831  -0.24664  -9.80404 11.1615
-158.531  7.25305 -176.585  -0.120484 -0.0657145 -0.0998968  -179.543 -0.923174   178.953  -0.113118  0.0317688 -0.0630097 -0.250352  0.217228  0.112381   0.0341938 0.00268387 0.00086487 -0.000980712   0.00090797   0.00033387 0.0540734 -0.246609  -9.80417 11.1683
-157.663  6.56812 -176.932  -0.128292 -0.0592648  -0.095201  -179.558 -0.908219   178.957 -0.113142 0.0318231 -0.063059 -0.274711  0.207566  0.105788   0.0342497 0.00293393 0.00105799 -0.000968943  0.000918149  0.000352337 0.054098 -0.24661  -9.8041 11.1795
-155.859  6.92554 -175.981   -0.13269 -0.0550716 -0.0921317 -179.547  -0.9089  178.965    -0.1131  0.0318265 -0.0630588 -0.263403  0.217528 0.0928091   0.0347887  0.0031544 0.00109617 -0.000966017  0.000918519  0.000385683 0.0540868 -0.246604    -9.804 11.1863
-153.989  7.94164 -174.123  -0.132891 -0.0485494 -0.0811069  -179.517 -0.858987    179.03 -0.113021 0.0317458 -0.063061 -0.224936  0.267574   0.15008   0.0350782 0.00592903 0.00217515 -0.000916417   0.00094186  0.000580299 0.0540923 -0.246556  -9.80341 11.1991
-152.574  8.81408 -172.749 -0.135162 -0.044371 -0.077078  -179.521 -0.847548   179.045   -0.11303  0.0317176 -0.0630261 -0.214754  0.307307   0.14991   0.0351893 0.00675648 0.00208277 -0.000903507  0.000949166  0.000617088 0.0541086 -0.246543  -9.80328 11.2054
-151.197  9.79948 -171.196  -0.138529 -0.0364461 -0.0729331 -179.518 -0.82787  179.057  -0.113035   0.031684 -0.0629942 -0.204281  0.365285  0.167994    0.035347 0.00691892 0.00201105 -0.000890853  0.000948927  0.000627553 0.0541233 -0.246524  -9.80325 11.2149
 -147.73  10.2225 -170.521  -0.142683 -0.0263162 -0.0658662  -179.528 -0.809011   179.065 -0.113031 0.0317022 -0.062947 -0.123568   0.26345  0.195372   0.0351961 0.00676596 0.00188399 -0.000876686  0.000958817  0.000640124 0.0541535 -0.246516  -9.80318 11.2279
-143.387  10.2864 -170.278  -0.144538 -0.0207132 -0.0489667  -179.522 -0.789254   179.026  -0.113194  0.0315023 -0.0624366 -0.0814067   0.204971   0.326073   0.0331373 0.00551386 0.00268217 -0.00085088  0.00104022 0.000859306 0.0541148 -0.246488  -9.80243 11.2458
-140.122  10.3595 -170.278  -0.144934 -0.0169291 -0.0390202 -179.516 -0.78118  179.011  -0.113264  0.0312908 -0.0621098 -0.0649673   0.187784   0.386541   0.0328843 0.00491135 0.00216511 -0.000824963    0.0010719  0.000947619 0.0541438 -0.246465  -9.80211 11.2565
-137.498  9.84529 -170.616  -0.144924 -0.0144189 -0.0316768   -179.53 -0.764568   179.012  -0.113264  0.0313755 -0.0619661 -0.0825898   0.234473   0.382133   0.0331063 0.00452038 0.00210862 -0.000814085   0.00108471   0.00095162 0.0541754 -0.246468  -9.80206 11.2643
-137.274  8.89089 -171.773    -0.14658 -0.00573442  -0.0274705  -179.503 -0.759657   179.015  -0.113272  0.0313154 -0.0623399 -0.12769 0.358872 0.302863   0.0347365 0.00360637 0.00200487 -0.000813067   0.00103847  0.000908216 0.0541663 -0.246422  -9.80229 11.274
-143.944  7.67856 -175.205  -0.150374  0.0137381 -0.0216517  -179.431 -0.708065   179.146  -0.113084  0.0308782 -0.0620441 -0.151617  0.496194  0.250845    0.0383203 -0.00296256 -0.00248355 -0.000846313  0.000983137  0.000902205 0.0539694 -0.246382  -9.80251 11.2947
-147.216  7.43776 -176.849  -0.151323  0.0208086 -0.0207954  -179.451 -0.677795   179.125   -0.11323   0.030485 -0.0620814 -0.126201  0.443196  0.239499    0.0391781 -0.00208102 -0.00334246 -0.000852607  0.000965275  0.000827265 0.0539702 -0.246392  -9.80272 11.3019
-147.421  8.02928 -177.929  -0.152384  0.0241348 -0.0196668  -179.482 -0.667718   179.116  -0.113383  0.0302224 -0.0622005 -0.112684   0.37667  0.247539    0.0394913 -0.00158608  -0.0041362 -0.000857827  0.000962992  0.000773544 0.0539894  -0.24642  -9.80283 11.3056
-146.717  8.04945 -178.542  -0.153097  0.0274797 -0.0192347   -179.51 -0.656958   179.116  -0.113501  0.0299279 -0.0622405 -0.0986602   0.350577   0.239936    0.0400303 -0.00165319 -0.00435859 -0.000860403  0.000943324  0.000706803 0.0540219 -0.246432  -9.80299 11.309
-145.817  7.59496  -178.62    -0.1532  0.0346645 -0.0176324  -179.517 -0.633537   179.132  -0.113539  0.0297183 -0.0622191 -0.0761012   0.391803   0.205069    0.0410047  -0.0017981 -0.00382949 -0.000855644  0.000910626  0.000651211 0.0540482 -0.246419  -9.80318 11.3164
-153.745  7.83557  179.694   -0.153782   0.0485376 -0.00961539  -179.556 -0.617635   179.139  -0.113626  0.0299381 -0.0627612 -0.080511  0.568927  0.172171    0.0454531 -0.00148374 -0.00485397 -0.000830415  0.000950368   0.00067332 0.0541132 -0.246411  -9.80299 11.3324
-161.739  7.83748  178.525  -0.152184  0.0510014 -0.0166452  -179.675 -0.664744   179.019  -0.113901  0.0278872 -0.0634613 -0.067352  0.574131  0.150748    0.0520116 0.000608165 -0.00253558 -0.000748989  0.000887312  0.000445534 0.0545718 -0.246427  -9.80346 11.34
-168.491  7.57792   177.17  -0.151982  0.0516917 -0.0257074  -179.785 -0.654392   178.873  -0.114141  0.0253279 -0.0643165 -0.0594028   0.529201    0.12529    0.0571015  0.00174565 -0.00342385 -0.000774321  0.000822228  0.000225224  0.054632 -0.246429  -9.80398 11.3491
-174.208  6.91723  176.196  -0.153456   0.058385 -0.0239333  -179.778 -0.669932   178.893  -0.114129  0.0253531 -0.0641234 -0.0639901   0.517108   0.152822    0.0568229  0.00129063 -0.00306557 -0.000771146  0.000818695  0.000229093 0.0546533 -0.246435  -9.80398 11.3562
179.076 5.84387 175.611  -0.151506  0.0669544 -0.0260835  -179.792 -0.661279   178.924  -0.114203  0.0236239 -0.0637794 -0.0387311   0.481868   0.154752      0.05776  0.00090726 -0.00172846 -0.000708092  0.000771542  0.000140929 0.0548856 -0.246395  -9.80426 11.3653
171.672 3.99428 175.483  -0.14984  0.079755 -0.016395  -179.838 -0.637615   178.953  -0.114106    0.02456 -0.0644394 0.00764316   0.179725  0.0944222    0.0569806   0.0011332 -0.00170333 -0.000678018  0.000821956  0.000204282 0.0549437 -0.246372  -9.80394 11.3814
178.424 5.45718 176.687   -0.140807    0.078931 -0.00908472  -179.902 -0.517273   179.035 -0.114021 0.0249429  -0.06503 0.0745605 0.0822623  0.113039    0.0553195  0.00258608 -0.00108461 -0.000577628  0.000902877  0.000305589 0.0551192 -0.246288  -9.80342 11.393
-173.908  6.09285  177.945 -0.139496 0.0744356 0.0023433  -180.009 -0.515247   178.932  -0.113822  0.0247983 -0.0654182 0.0795698 0.0332459  0.231523     0.0507469   0.00164093 -0.000353706 -0.000570925   0.00105697  0.000492818  0.055086 -0.246214   -9.8025 11.4054
-173.758  6.08421  177.942  -0.138988  0.0710241 0.00522343   179.954 -0.511021   178.914 -0.113719 0.0247411 -0.065509  0.0815041 0.00774723   0.254987     0.0499758   0.00159207 -0.000413498 -0.000565511   0.00111084   0.00052929 0.0551081 -0.246206  -9.80221 11.4099
-160.646   7.4506 -179.736 -0.134464 0.0701613   0.01759  179.888 -0.47979  178.919  -0.113588  0.0243768 -0.0649682 0.0965123  0.101949  0.329655     0.0495252   0.00184595 -0.000384493 -0.000549079   0.00116099  0.000543971 0.0551605 -0.246223  -9.80197 11.4231
-160.441  7.47747 -179.701 -0.133424  0.068102 0.0195364   179.846 -0.460119   178.919  -0.113503  0.0241295 -0.0646078  0.103648 0.0830795  0.343494     0.0494141   0.00192116 -0.000377126 -0.000539466   0.00119482  0.000555171  0.055191 -0.246234  -9.80181 11.4261
 -151.29   8.1318 -178.955 -0.127834 0.0754471 0.0334277   179.825 -0.451808   178.931  -0.113398  0.0249407 -0.0643876  0.10089 0.290817 0.287238     0.0495273   0.00193322 -0.000386656 -0.000552907   0.00116919  0.000461779 0.0552026 -0.246283  -9.80206 11.4428
-152.132  8.32018 -179.325 -0.126268 0.0673038 0.0324855   179.691 -0.431264    178.94  -0.113038  0.0264923 -0.0629673 0.103052 0.251782 0.212168     0.0519292   0.00188576 -0.000393373 -0.000587181   0.00117114  0.000251927 0.0552591 -0.246476  -9.80242 11.4511
-156.299  8.98414  179.692  -0.12571 0.0600589 0.0253455   179.587 -0.433323    178.94  -0.112686  0.0276893 -0.0622518 0.0955445  0.228916 0.0859608    0.0551595  0.00201272 -0.00126227 -0.000628988   0.00114552 -3.16842e-06 0.0553015 -0.246646  -9.80303 11.4613
-156.343  8.94619  179.667 -0.126072 0.0577535  0.023316   179.564 -0.434997   178.939  -0.112607  0.0279564 -0.0620797 0.0925824  0.209991 0.0640268    0.055193 0.00194114 -0.0012852 -0.000641392   0.00113979 -5.80735e-05 0.0553017 -0.246682  -9.80316 11.4644
 173.43 7.19634 177.118 -0.125369 0.0464317 0.0329558   179.302 -0.509521   178.913  -0.112592  0.0280246 -0.0647444 0.00180845  0.0122877   0.234478    0.0562151  0.00178425 -0.00120803 -0.000634339   0.00122762 -4.08701e-05 0.0553993 -0.246777  -9.80296 11.4793
164.156 6.01711 176.781 -0.123917 0.0394098 0.0353465   179.238 -0.509002   178.911  -0.112588  0.0275187 -0.0657889 0.0224673 -0.147845  0.225963    0.0561064  0.00163744 -0.00136777 -0.000632935   0.00124497 -6.11105e-05 0.0554031 -0.246786  -9.80302 11.4869
161.845 5.92507 177.159 -0.121732 0.0265487 0.0395718   179.147 -0.524767   178.913  -0.112536  0.0279267 -0.0671433 0.0504527 -0.330385   0.21726      0.051482   0.00240646 -0.000721968  -0.00061171   0.00126689 -4.31417e-05 0.0554765 -0.246803  -9.80294 11.5006
161.966 5.94166 177.169 -0.121564 0.0237484 0.0383976   179.118 -0.530873    178.91  -0.112519  0.0276969 -0.0676302  0.051539 -0.358444  0.210336      0.051059   0.00241992 -0.000700489 -0.000611117   0.00127276 -5.35416e-05 0.0554842 -0.246803  -9.80297 11.5036
166.755 6.57036 178.513  -0.117526 0.00351063  0.0497907   179.057 -0.518659   178.911 -0.112383 0.0277609  -0.06783  0.107114 -0.649949  0.166549    0.0503517  0.00245464 -0.00055036 -0.000596995   0.00129522  1.42529e-05 0.0555061 -0.246761  -9.80272 11.5272
-168.205  8.27484 -179.917 -0.116879 0.0210062  0.055488   179.442 -0.681848   178.908  -0.113199  0.0277031 -0.0755355 0.0826955 -0.269286  0.337899    0.0481062  0.00227181 -0.00121584 -0.000546487   0.00119474  0.000255974 0.0554494 -0.246723  -9.80279 11.5456
-159.548  8.88898 -178.797 -0.115742 0.0163652 0.0618291   179.433 -0.688092   178.922  -0.113199  0.0275879 -0.0753783 0.0907823 -0.206316  0.372668    0.0476461  0.00265743 -0.00136771 -0.000541724   0.00119748  0.000252706 0.0554755 -0.246725  -9.80278 11.5535
-156.677  9.24786 -178.457 -0.115438 0.0131828 0.0631704   179.446 -0.702066   178.936  -0.113184  0.0285544 -0.0754487 0.0813389 -0.108724  0.312311    0.0478416  0.00278493 -0.00157484 -0.000548018   0.00118853  0.000212418 0.0554864 -0.246787  -9.80291 11.557
-158.999   9.8575 -178.907  -0.114275 0.00734162  0.0526983   179.485 -0.708004   178.973 -0.112953 0.0316956 -0.075301  0.0704996 -0.0325778   0.154665    0.0490927  0.00313025 -0.00201915 -0.000575564   0.00117252  4.01873e-05 0.0554939 -0.247016  -9.80343 11.569
-167.591  9.71491   179.77 -0.113975 0.0053788 0.0397186   179.512 -0.719455   178.992  -0.112785  0.0328915 -0.0753257 0.0419173 0.0519548 0.0220802    0.0523979   0.0027783 -0.00257173 -0.000599408   0.00116882 -0.000135344  0.055506 -0.247159  -9.80395 11.5822
167.754 7.47421 177.917  -0.114553 0.00453709   0.035002    179.5 -0.73613  178.982  -0.112847   0.031866 -0.0755477 -0.0228488  -0.114332  0.0176956    0.0523581  0.00257381 -0.00244647  -0.00060076   0.00117332 -0.000201867 0.0555343 -0.247136  -9.80416 11.587
167.754 7.53514 178.012  -0.115404 0.00522017  0.0334946   179.502 -0.742888   178.978  -0.112852  0.0316738 -0.0755173 -0.0299822   -0.10975 0.00417806    0.0523564  0.00257385 -0.00243634 -0.000603631   0.00117274 -0.000217378 0.0555362 -0.247133  -9.80421 11.5889
169.925 8.48843 178.529  -0.112928 -0.0036502  0.0235023   179.494 -0.722673   178.967  -0.112842  0.0311331 -0.0757053 0.0374812  -0.38994 -0.189041    0.0512825  0.00293044 -0.00233489 -0.000601057   0.00117017 -0.000302618 0.0555597 -0.247111  -9.80447 11.6025
169.931 8.45961 178.491   -0.112807 -0.00349037   0.0231639   179.495 -0.721824   178.967  -0.112841  0.0311137 -0.0757069 0.0387413 -0.388467 -0.192325    0.0512749  0.00291641 -0.00235868 -0.000601066   0.00116956 -0.000306248  0.05556 -0.24711 -9.80448 11.6028
-177.38 9.70083 179.446  -0.111943 -0.0127077  0.0260429   179.504 -0.726035   178.962  -0.112855  0.0305797 -0.0757823  0.0490346   -0.41729 -0.0883723    0.0511939  0.00291275 -0.00243367 -0.000589961   0.00117605 -0.000214665  0.055547 -0.247094  -9.80421 11.6125
-165.735  10.0421  179.443  -0.105918 -0.0177511  0.0227721   179.557 -0.714058   178.975  -0.112807  0.0305898 -0.0765669  0.0777384   -0.18695 -0.0860329    0.0509606  0.00287756 -0.00265173 -0.000569903   0.00114347 -0.000207241 0.0555633 -0.247035  -9.80422 11.6211
-165.711  10.0477  179.403   -0.10549 -0.0156131  0.0227732   179.571 -0.714567   178.977 -0.112795 0.0305717 -0.076769  0.0811119  -0.167894 -0.0852614    0.0509355  0.00288216 -0.00266742 -0.000568024   0.00113547  -0.00020371 0.0555597 -0.247021  -9.80422 11.6232
-171.876   10.005  177.295  -0.108091 -0.0121909  0.0047979   179.619 -0.745499   178.983  -0.112632   0.031098 -0.0765793 0.00496602   0.094769  -0.212656    0.0515234  0.00294075 -0.00311255 -0.000611941   0.00109002 -0.000362635 0.0555253 -0.246959  -9.80469 11.6417
-171.927  10.0078  177.281  -0.108878 -0.0100434 0.00472559   179.634 -0.751041   178.984  -0.112584  0.0310726 -0.0765676 -0.00226805    0.115032   -0.214718   0.0515351 0.00294571 -0.0031243 -0.000615686   0.00108199  -0.00036487  0.055516 -0.246948   -9.8047 11.644
-171.957  10.0141  177.274   -0.109494 -0.00825782   0.0046041   179.647 -0.755375   178.985  -0.112544   0.031055 -0.0765568 -0.00793723    0.131963   -0.216972    0.0515406  0.00295146 -0.00313147 -0.00061877  0.00107519  -0.0003674 0.0555084 -0.246938   -9.8047 11.6459
151.215 4.91627 176.934   -0.114172 -0.00871856 -0.00445193   179.634 -0.790858   179.007  -0.112584  0.0308392 -0.0767181 -0.0310742  -0.336437  -0.279195    0.0521463  0.00246908 -0.00283896 -0.000610383   0.00107834 -0.000378111 0.0555688 -0.246948  -9.80474 11.6561
164.385  6.7802  176.04   -0.11268 -0.0287093  0.0092889   179.572 -0.816679   179.053  -0.112372   0.032412 -0.0771829 0.0303247 -0.659992  -0.17279    0.0505854  0.00320178 -0.00371512 -0.000551426   0.00109376 -0.000170534 0.0556875 -0.247001  -9.80415 11.6804
177.352 8.57012 178.093  -0.111554 -0.0613136  0.0373923    179.39 -0.741447   179.043  -0.112164  0.0319102 -0.0771421 0.0531662  -0.96155  0.157998    0.0490227  0.00365406 -0.00217229 -0.000578025   0.00117763  0.000137383 0.0554461  -0.24702  -9.80326 11.7235
-171.217  9.79969  179.629  -0.108763 -0.0783654  0.0440437   179.355 -0.712661   179.049  -0.112114  0.0315748 -0.0768043 0.0853929 -0.936912  0.258369    0.0481394  0.00394004 -0.00181629 -0.000576182   0.00119787  0.000170872 0.0554259 -0.247032  -9.80314 11.742
-171.104  9.83908  179.709   -0.10851 -0.0797644  0.0461676   179.343 -0.706117   179.047  -0.112102  0.0313928 -0.0766875 0.0874233 -0.951165  0.276609    0.0480574  0.00397842 -0.00174627 -0.000574772   0.00120558  0.000190733 0.0554196 -0.247035  -9.80308 11.7445
178.077 9.65123 177.472   -0.10919 -0.0944093  0.0611144   179.463 -0.741966   179.063  -0.112089  0.0312545 -0.0768965 -0.0166664  -0.227458   0.445717    0.0486099  0.00404542 -0.00207412 -0.000591398   0.00115834  0.000173952 0.0553686 -0.246991  -9.80311 11.7655
 155.01 6.36005 174.968   -0.10967 -0.0960302  0.0713114   179.487 -0.722925   179.067  -0.112064  0.0302733 -0.0765424 -0.0693184  -0.293049   0.656281    0.0487377  0.00386238 -0.00216929 -0.000602908   0.00115469  0.000115278 0.0553414 -0.246944  -9.80325 11.7758
 146.07 4.32149 174.615 -0.108619 -0.100891 0.0715433  179.455 -0.69492   179.08 -0.112238 0.0288734 -0.077176 -0.0545641  -0.494962   0.554057    0.0483286  0.00344148 -0.00245352 -0.00062155  0.00116729 5.09038e-05 0.0552786 -0.246879  -9.80348 11.7808
146.039 3.74686 176.242 -0.112648  -0.11843 0.0754025   179.356 -0.778602   179.148  -0.112166  0.0294179 -0.0782686 -0.0698183  -0.785681   0.330928     0.0444611   0.00243122 -0.000265806 -0.000594603    0.0011691   6.5273e-05 0.0554409  -0.24687  -9.80353 11.7992
156.591 4.91178 177.465 -0.111684 -0.140799 0.0803715   179.279 -0.758003   179.118  -0.111972  0.0293807 -0.0788918 -0.0106488   -1.10897   0.162403   0.0409184 0.00236354 0.00125502 -0.000606928   0.00117698  0.000105235 0.0553832 -0.246816  -9.80347 11.8221
-177.477   8.0375   178.37 -0.110289 -0.151752  0.093878    179.56 -0.845021   179.183  -0.112455  0.0294623 -0.0828899 0.0186685 -0.710518  0.423083    0.0404106  0.00284087 0.000393644 -0.00053836  0.00109781 0.000195197 0.0554409 -0.246846   -9.8033 11.8396
-178.389   7.7289   177.39 -0.111129 -0.154174 0.0951287   179.736 -0.901124   179.221  -0.112399  0.0310203 -0.0841383 -0.00195767   -0.287841    0.385919    0.0443315  0.00190878 -0.00371013 -0.000536799    0.0010936    8.038e-05 0.0554781 -0.247032  -9.80365 11.8424
176.847 7.60681 176.189 -0.111315 -0.150619 0.0986581   179.838 -0.903004   179.222  -0.112242  0.0314065 -0.0845591 -0.0107572  -0.118914   0.416963    0.0447622  0.00246042 -0.00431096 -0.000551314   0.00108916    4.979e-05  0.055416 -0.247106  -9.80373 11.8474
167.621 6.02827  174.89 -0.111594 -0.151182  0.104701   179.849 -0.892946    179.25  -0.112215  0.0313652 -0.0845487 -0.0256186  -0.148937   0.492587    0.0455255  0.00201831 -0.00474732 -0.000562279   0.00108856  5.53957e-05 0.0553699 -0.247116  -9.80371 11.8535
167.596 5.99108 174.858 -0.111383 -0.150136  0.105563   179.861 -0.889585   179.252  -0.112177  0.0313666 -0.0845181 -0.0240215  -0.140038   0.498751      0.04558  0.00200419 -0.00475562 -0.000561771   0.00108535  6.35267e-05 0.0553623 -0.247119  -9.80367 11.8549
167.875 3.87481 176.976 -0.10903 -0.14565 0.140677  -179.771 -0.838358   179.267  -0.111969  0.0311888 -0.0841578 0.00439155  -0.627851   0.394122    0.0453162  0.00201116 -0.00347666 -0.000525668  0.000988094  0.000215319 0.0552492 -0.247192  -9.80293 11.8904
-173.067  5.39418  178.494 -0.105471 -0.152634  0.152557 -179.694 -0.81155  179.274  -0.112053  0.0306866 -0.0851545 0.0528674 -0.594696  0.534858   0.0453545  0.0022785 -0.0033281 -0.000510794  0.000965954  0.000250657 0.0552073 -0.247172  -9.80281 11.9046
-164.655  5.75487  179.402 -0.103947  -0.15943    0.1578  -179.675 -0.800542   179.276   -0.11209  0.0311698 -0.0852582  0.068068 -0.429029  0.557832    0.0462637  0.00214912 -0.00329525 -0.000516138  0.000969403  0.000213417 0.0551911 -0.247196  -9.80293 11.9133
-162.74 5.90514 179.479 -0.104307 -0.162023  0.158615  -179.635 -0.823165   179.294 -0.112177 0.0320402 -0.085511 0.0675291  -0.23238  0.507314    0.0469742  0.00211121 -0.00369592 -0.000522808   0.00097545  0.000134243  0.055208 -0.247253  -9.80316 11.9161
-162.763  5.93124  179.447 -0.104854 -0.161424  0.159001  -179.632 -0.833318   179.295  -0.112186  0.0319133 -0.0856003 0.0623759  -0.22826  0.511698    0.0470157  0.00213381 -0.00382684 -0.000521073  0.000972874  0.000142166 0.0552149  -0.24725  -9.80314 11.9169
164.412 3.62213 175.051 -0.109174 -0.165816  0.184262  -179.617 -0.889969   179.255   -0.11215  0.0309711 -0.0853333 -0.0408115  -0.280124   0.631985    0.0476976   0.0023021 -0.00460578 -0.000568621  0.000972521  3.56291e-05 0.0551567 -0.247166  -9.80342 11.943
165.252 3.61382 176.779 -0.100005 -0.178994  0.203497  -179.633 -0.784873   179.272  -0.112118  0.0314432 -0.0856577 0.0424352 -0.612692  0.609784    0.0466687  0.00277023 -0.00344759 -0.000526817  0.000973257  0.000116972 0.0551652  -0.24719  -9.80321 11.968
165.304  3.5429 176.837 -0.0965627  -0.177435   0.205378 -179.607 -0.74574  179.278  -0.112129  0.0315824 -0.0855526 0.0735023 -0.596298   0.62531    0.0466646  0.00277227 -0.00329129 -0.000513562  0.000968146  0.000135126 0.0551614 -0.247204  -9.80313 11.9722
-175.81 4.64775 177.377 -0.0947787   -0.18521   0.199633 -179.535 -0.77137  179.295  -0.112062  0.0320511 -0.0861466 0.0962515 -0.593589   0.48261    0.0467643  0.00273887 -0.00360389  -0.00053572  0.000927905 -0.000196943 0.0551991 -0.247023  -9.80409 11.9821
-175.838    4.592  177.371 -0.0944372  -0.183804   0.196978  -179.523 -0.769274   179.295  -0.112055  0.0321008 -0.0862548  0.100271 -0.580199  0.459084   0.0468175 0.00269908 -0.0035906 -0.000538157  0.000922286 -0.000233419 0.0551972    -0.247   -9.8042 11.9851
-174.955  4.48946  177.156 -0.09716 -0.18409 0.219651  -179.303 -0.856874   179.279   -0.11194  0.0320455 -0.0873513 0.0198114 -0.234327  0.682014    0.0467992   0.0027058 -0.00375429 -0.000569284  0.000836435 -0.000327455 0.0551357 -0.246873  -9.80439 12.0079
168.568 2.09371  176.91 -0.0986333  -0.179978   0.231725  -179.214 -0.854418   179.284  -0.112043  0.0314387 -0.0865548 -0.0148773  -0.296981   0.685183   0.0473319 0.00230531 -0.0038693 -0.000583127   0.00080355 -0.000415984 0.0551099 -0.246792  -9.80455 12.0208
164.229 1.90996 177.607 -0.0952284  -0.184877   0.231452  -179.258 -0.830297   179.253  -0.112058  0.0306874 -0.0866249 0.0168522 -0.466037  0.515131    0.0480762  0.00303184 -0.00317843 -0.000567675  0.000782152 -0.000506899 0.0551654 -0.246622  -9.80482 12.0267
164.203   1.949 177.645 -0.0938813  -0.184687   0.229745  -179.266 -0.818939   179.252  -0.112065  0.0305022 -0.0866297 0.0307339 -0.465057  0.498118   0.0481154 0.00307941 -0.0030848  -0.00056365  0.000778063 -0.000526429 0.0551739 -0.246588  -9.80488 12.0289
173.725 2.54543 178.282 -0.0893667  -0.200068   0.237641  -179.273 -0.789819   179.273  -0.112064  0.0305277 -0.0866271 0.0798722  -0.68356  0.334965     0.047712  0.00343754 -0.00316697 -0.000554027   0.00076975 -0.000571894 0.0551911 -0.246548  -9.80502 12.0468
-176.671  3.43051  177.814 -0.0879556  -0.202243   0.251753  -179.098 -0.844808   179.271  -0.112016  0.0305272 -0.0880235 0.0799303 -0.249643  0.430725    0.0482496  0.00373422 -0.00370131 -0.000547468   0.00073175 -0.000566573 0.0551878 -0.246598  -9.80501 12.0611
170.749 2.07432 177.143 -0.0887193   -0.19841   0.257542  -179.022 -0.871624   179.267  -0.111933   0.030449 -0.0877897 0.0504141 -0.100586  0.418451    0.0487397  0.00345074 -0.00368149 -0.000556538  0.000703266 -0.000652512 0.0551901 -0.246572  -9.80521 12.0681
164.791 1.56564 177.033 -0.0876546  -0.196266   0.260538  -178.995 -0.866142   179.259  -0.111918  0.0303205 -0.0875528 0.0479474 -0.125081  0.417673    0.0476954  0.00362209 -0.00358271 -0.000554878  0.000693537  -0.00068091 0.0551944 -0.246558  -9.80527 12.072
161.086 1.15202 177.648 -0.0878777  -0.201316    0.25419 -179.047 -0.89588  179.265  -0.111912   0.029833 -0.0878864 0.0304663 -0.271676  0.285798    0.0442942  0.00382534 -0.00288501 -0.000540266  0.000681398 -0.000781732 0.0552813 -0.246455  -9.80558 12.0801
 158.88 1.25347 178.242 -0.0879738  -0.201638   0.254464  -179.016 -0.903878   179.239  -0.111997  0.0294586 -0.0874892 0.0184989 -0.399001  0.133416    0.0433651  0.00463762 -0.00222785 -0.000530049  0.000663902 -0.000827353 0.0553236 -0.246412  -9.80567 12.0805
178.865  3.3453 177.178 -0.0874801  -0.204781   0.262171  -178.928 -0.963405   179.299  -0.111969  0.0290653 -0.0882562 0.0150763 -0.394322  0.230093    0.0428127  0.00594006 -0.00347534 -0.000483082  0.000648074 -0.000795459  0.055468 -0.246471  -9.80556 12.0888
-175.49 4.47771 177.055 -0.0890583    -0.1935   0.248838 -178.678 -1.03626  179.328  -0.111238   0.031358 -0.0903391 0.0210211 0.0214688  0.120181    0.0419558  0.00647423 -0.00318243 -0.000498417  0.000588008  -0.00102973 0.0554272 -0.246558  -9.80623 12.1064
-175.414  4.47867  177.056 -0.0888508  -0.190036   0.246003 -178.636 -1.04355   179.33  -0.111126  0.0316737 -0.0906852 0.0222543 0.0541938 0.0988315    0.0418662  0.00647723 -0.00316712 -0.000498175  0.000578467  -0.00106088  0.055423 -0.246572  -9.80632 12.1109
170.765 2.29427 175.642 -0.0913761  -0.186454   0.240557 -178.616 -1.05604  179.356  -0.111073  0.0316753 -0.0905785 -0.0168544   0.117553  0.0894348    0.0424478  0.00593141 -0.00367589 -0.000522742  0.000578215  -0.00116675 0.0553699 -0.246572  -9.80659 12.1178
162.036 1.48034 176.053 -0.0944695  -0.179074   0.236481 -178.549 -1.07608  179.347  -0.111065  0.0312003 -0.0898356 -0.0582604  0.0692879  0.0446926     0.042262  0.00592173 -0.00339151 -0.000523657  0.000565049  -0.00126451 0.0553932 -0.246563  -9.80679 12.1268
162.814 1.49663 178.231 -0.0903105  -0.184607   0.225957 -178.568 -1.01932  179.335  -0.111025  0.0309349 -0.0901066 -0.0133699  -0.292039  -0.251449    0.0418642  0.00586848 -0.00222322 -0.00049071 0.000571274 -0.00136765 0.0554475 -0.246515  -9.80711 12.1394
-179.722  2.33367  177.734 -0.0935656  -0.173766   0.215208  -178.35 -1.08306  179.296  -0.111091  0.0310874 -0.0914264 -0.0316819  -0.137511  -0.209597     0.040819  0.00522641 -0.00259577 -0.000486094  0.000484151  -0.00144437 0.0554469 -0.246432  -9.80726 12.155
-179.635  2.29003  177.741 -0.0950406  -0.171862   0.214206 -178.328 -1.09872  179.294  -0.111105   0.031137 -0.0915411 -0.042948 -0.120678 -0.216399    0.0407175  0.00517767 -0.00259546 -0.000493623  0.000476216  -0.00145894 0.0554321 -0.246428  -9.80729 12.1576
-172.03 2.75238 177.579 -0.0950583   -0.17249   0.209024 -178.322 -1.09034  179.291  -0.111098     0.0312 -0.0916035 -0.0231015  0.0442829  -0.169095    0.0406675  0.00505081 -0.00253387 -0.000489275  0.000473531  -0.00146646 0.0554361 -0.246422  -9.80731 12.1629
-174.388  3.30525  176.938 -0.0945356   -0.16635    0.19768 -178.246 -1.09127   179.29   -0.11092  0.0318285 -0.0920658 -0.0122552   0.177427  -0.228643    0.0410189  0.00575917 -0.00307778 -0.000488767  0.000448365  -0.00160832 0.0554312 -0.246379  -9.80769 12.1758
168.031 2.07711 175.707 -0.0968173  -0.158546    0.18803 -178.248 -1.09847   179.29  -0.110907  0.0314793 -0.0920681 -0.0519003   0.207421  -0.169751    0.0414578   0.0056347 -0.00339016 -0.000503691  0.000448121  -0.00165557 0.0553966 -0.246345  -9.80782 12.1884
166.082 1.74273 176.598 -0.0988806  -0.149844   0.177894   -178.2 -1.09541  179.283  -0.110908  0.0311187 -0.0917709 -0.085898 0.0939884  -0.33757    0.0413539  0.00556368 -0.00318729 -0.000500657  0.000423764  -0.00172314 0.0554054 -0.246276  -9.80795 12.2019
 166.06 1.73573 176.626 -0.0994234  -0.149003    0.17778  -178.19 -1.10055  179.282   -0.11091  0.0310973 -0.0917045 -0.0903576   0.101276  -0.338812    0.041365 0.00555373   -0.00317 -0.000504365  0.000419292  -0.00172857 0.0553991 -0.246269  -9.80795 12.2029
 166.05 1.73182  176.64 -0.0998892  -0.148434   0.177793 -178.184 -1.10503  179.281  -0.110912  0.0310923 -0.0916563 -0.0942295   0.106287   -0.33887    0.0413701   0.0055489 -0.00316182 -0.000507619  0.000416168  -0.00173078 0.0553935 -0.246266  -9.80795 12.2036
170.828  2.6038 177.239 -0.104622 -0.138009  0.163418  -178.11 -1.12006  179.277 -0.110959 0.0310102 -0.091719 -0.107084  0.177824 -0.349051    0.041276 0.00568066 -0.0030431 -0.000517602  0.000373387  -0.00178319 0.0553673 -0.246179  -9.80804 12.222
166.939 2.10933 176.776 -0.107712 -0.125178  0.150128 -178.043 -1.11609  179.271  -0.110969   0.030864 -0.0916651 -0.0981114   0.252756  -0.328959    0.0413429  0.00556498 -0.00313234 -0.000512868  0.000333078  -0.00184079 0.0553736 -0.246085  -9.80814 12.2408
162.186 1.86861 176.576 -0.112282 -0.115267  0.134792 -178.025 -1.12842  179.265  -0.110964  0.0306013 -0.0916051 -0.110407  0.205072 -0.385277    0.0411677  0.00563469 -0.00311118 -0.000521759  0.000323464  -0.00191631 0.0553611 -0.246027  -9.80832 12.2596
 162.21 1.89176 176.579 -0.112693 -0.114029  0.132765 -178.017 -1.13236  179.263   -0.11096  0.0304791 -0.0915811 -0.113316  0.215843 -0.403182    0.0411397  0.00564625 -0.00310464 -0.000524316  0.000319132   -0.0019515 0.0553585    -0.246   -9.8084 12.262
162.961 2.59451  176.52 -0.115894 -0.109244  0.121116 -178.018 -1.13989  179.262   -0.11094  0.0304131 -0.0915748 -0.107824  0.178287  -0.43077   0.0406315 0.00576163 -0.0030214 -0.000530116  0.000321898  -0.00198899 0.0553505 -0.245986   -9.8085 12.275
162.955 2.59483 176.509 -0.116468  -0.10951  0.120142 -178.022 -1.14527  179.263  -0.110932  0.0303892 -0.0915719 -0.113171  0.175234 -0.439224    0.0406336  0.00576925 -0.00303469 -0.000534589  0.000325581  -0.00200276 0.0553435 -0.245985  -9.80854 12.2761
163.283 7.21672 176.904  -0.124434 -0.0944428  0.0973838 -177.967 -1.17593  179.265  -0.11082 0.0303741 -0.091699  -0.12972  0.263774 -0.425462    0.0403124  0.00617238 -0.00292611 -0.000556351  0.000302532  -0.00206076 0.0553014 -0.245936  -9.80864 12.3046
162.148 11.9532 176.245  -0.132214 -0.0836853  0.0819159 -177.949 -1.20858  179.265  -0.110721  0.0303792 -0.0918332 -0.161016  0.268712 -0.449803    0.0396818  0.00669446 -0.00328581 -0.000581484  0.000292377  -0.00209507 0.0552557 -0.245903  -9.80871 12.325
162.143 12.0647 176.193  -0.134414 -0.0821165  0.0817715 -177.936 -1.22658  179.269  -0.110738  0.0303698 -0.0919083 -0.179641  0.281704 -0.450025    0.0396773  0.00687263 -0.00333066 -0.000595954  0.000285916  -0.00209956 0.0552252 -0.245896  -9.80871 12.3277
165.387 16.7176  176.01  -0.137522 -0.0789642   0.068697 -177.959 -1.21499  179.261  -0.110558  0.0304465 -0.0917399 -0.181525  0.201805  -0.48399   0.0392696 0.00707237 -0.0030572 -0.000589541   0.00030726  -0.00211939 0.0552481 -0.245918  -9.80879 12.3415
165.494 16.7996 176.088  -0.137473 -0.0809163   0.069883 -177.978 -1.21082  179.259  -0.110652  0.0304222 -0.0916521 -0.180639  0.185183 -0.475096    0.0392361  0.00709253 -0.00301699 -0.000587946  0.000312787  -0.00209933 0.0552498 -0.245931  -9.80876 12.3438
171.212 23.2687 176.337  -0.142896 -0.0692709  0.0498851 -177.934 -1.18121  179.244   -0.11055  0.0304767 -0.0917703 -0.222367  0.206859 -0.442745    0.0387868  0.00725675 -0.00285624 -0.000561486  0.000291921  -0.00211117 0.0552976 -0.245897  -9.80873 12.3675
174.135 21.4535 175.772  -0.138453 -0.0589756  0.0384996 -177.882 -1.08929  179.194  -0.110406  0.0306909 -0.0920372 -0.206307  0.228694 -0.418143    0.0383758  0.00566992 -0.00276361 -0.000482699  0.000258735  -0.00211733 0.0554421 -0.245826  -9.80867 12.3835
 176.14 17.3612 175.538  -0.141426 -0.0588543  0.0307105 -177.907 -1.08388   179.16  -0.110524  0.0309559 -0.0918571 -0.242142  0.196474 -0.420165   0.0379728 0.00282702 -0.0028701 -0.000487285  0.000270596  -0.00214662 0.0554451 -0.245805  -9.80878 12.3918
176.134   17.27 175.621  -0.142045 -0.0591565  0.0301775  -177.91 -1.08715  179.161  -0.110545  0.0309831 -0.0918099 -0.247005  0.194194 -0.424819    0.0380109  0.00271801 -0.00279446 -0.000492724  0.000273025  -0.00215281  0.055436 -0.245804   -9.8088 12.3927
179.208   9.167  175.54  -0.154575 -0.0551623   0.019203 -177.925 -1.13028  179.179  -0.110424  0.0308927 -0.0911058 -0.308304   0.19947 -0.428949    0.0377654  0.00206059 -0.00281169 -0.00053454 0.000282162 -0.00215338 0.0553683 -0.245828  -9.80882 12.4098
179.103 1.59605 176.443  -0.149991 -0.0461675 0.00198228 -177.897 -1.03175   179.14  -0.111258    0.03097 -0.0926899 -0.105563  0.226926 -0.587445    0.0376494  0.00114325 -0.00254351 -0.000458966  0.000267657   -0.0022017 0.0554878 -0.245743   -9.8089 12.4298
-178.097  6.78002  177.477   -0.15262 -0.0345937 -0.0184029 -177.869 -1.04156  179.155  -0.111244  0.0309017 -0.0927253 -0.0452661    0.29502  -0.648548    0.0375119  0.00192281 -0.00306264 -0.000460017  0.000239756  -0.00219963 0.0554838 -0.245696  -9.80886 12.4534
-178.086  6.85566  177.465  -0.153711 -0.0338169 -0.0179238 -177.862 -1.05077   179.16 -0.111207 0.0308826 -0.092689 -0.0546279   0.301469  -0.644788    0.0375024  0.00201141 -0.00308694 -0.000466597  0.000234669  -0.00219321 0.0554673 -0.245694  -9.80884 12.4548
-176.699  15.9333  178.606  -0.142594 -0.0293555 -0.0364376  -177.896 -0.945186   179.109  -0.110869  0.0309825 -0.0921857 0.0400662  0.339503 -0.572341    0.0372457  0.00234676 -0.00288602 -0.000377738   0.00026844  -0.00225915 0.0557059 -0.245712  -9.80895 12.4769
-176.723  16.0275  178.679   -0.13947 -0.0301434  -0.034863  -177.901 -0.918555   179.099  -0.110833  0.0309831 -0.0920641 0.0659282  0.332313 -0.561334    0.0372692  0.00235168 -0.00283908 -0.000349638  0.000270045  -0.00224748 0.0557596 -0.245717  -9.80889 12.4805
179.834 26.0494 176.072  -0.135334 -0.0191525 -0.0587628  -177.935 -0.909996   179.075  -0.110761  0.0310117 -0.0921347 0.0881007  0.247416 -0.559813    0.0368338  0.00260048 -0.00303529 -0.000348544  0.000287458  -0.00225575 0.0557672 -0.245728  -9.80893 12.5071
-176.726  25.1175  174.833  -0.120945 -0.0129004 -0.0726778  -177.912 -0.779277   179.007  -0.110382  0.0313825 -0.0916534  0.104993 0.0954161  -0.54462     0.0350432  -0.00252175 -0.000339548 -0.000271459  0.000250958  -0.00226633 0.0559042 -0.245625  -9.80883 12.528
-176.643  25.0168  174.808  -0.116185 -0.0119643 -0.0728165  -177.899 -0.739475   178.995  -0.110143  0.0314558 -0.0914967  0.144464  0.104804 -0.549088     0.0345059  -0.00317977 -0.000187454 -0.000242607  0.000241052  -0.00228869 0.0559754   -0.2456  -9.80885 12.5329
-172.204  16.0403  174.807   -0.124286 -0.00928812  -0.0683921  -177.925 -0.850263   178.999  -0.109311  0.0311946 -0.0911168 -0.0323307   0.121163   -0.36463    0.0348105 -0.00457061 0.000328161 -0.000256775  0.000230757   -0.0020023 0.0558409 -0.245609  -9.80811 12.5425
-172.094  16.0327  174.917  -0.126886 -0.0103962 -0.0657551  -177.939 -0.872433   179.001  -0.109205  0.0311666 -0.0909742 -0.0548535   0.110482  -0.343896    0.0348866 -0.00445593 0.000397004 -0.000266673  0.000237871  -0.00195947 0.0558056 -0.245627  -9.80801 12.5464
-173.493  3.80257  175.947     -0.1201 -0.00387326  -0.0858664  -177.965 -0.790991   178.988  -0.109678  0.0308697 -0.0921963 0.0197913  0.182979 -0.526994    0.0348643 -0.00465022 0.000617908 -0.000202069  0.000224371  -0.00199952 0.0559301 -0.245548  -9.80807 12.5686
-174.445  6.87655  177.806  -0.116187 0.00383174  -0.103284  -177.966 -0.784528   178.991  -0.109511  0.0308837 -0.0922995  0.157426  0.268266 -0.665514     0.0349434  -0.00376645 -3.27644e-05 -0.000188314  0.000212623  -0.00197365 0.0559438 -0.245514  -9.80799 12.588
-175.047  11.4157  178.858  -0.106931  0.0118176 -0.0941256  -177.933 -0.737892   179.021 -0.109185 0.0312761 -0.092675  0.253014  0.331887 -0.499822    0.0353876 -0.00160845 -0.00064295 -6.94262e-05  0.000168569  -0.00171506 0.0560084 -0.245421  -9.80721 12.6033
-175.081  11.4524  178.827  -0.105369  0.0122635 -0.0911851   -177.93 -0.726845   179.025  -0.109105  0.0313187 -0.0927479  0.265063  0.335651 -0.474675     0.0354512   -0.0014737 -0.000733751 -4.68957e-05  0.000163636  -0.00167501 0.0560269  -0.24541  -9.80709 12.6067
-176.268  19.9842  179.273 -0.0973036  0.0225549 -0.0984036  -177.921 -0.706332   179.022  -0.109809  0.0315797 -0.0925273  0.319672  0.354965 -0.345351    0.0352066 -0.00148573 -0.00103473 -2.04308e-05  0.000151525  -0.00160598 0.0560139 -0.245377  -9.80688 12.6216
-178.256  27.2126  176.977 -0.0879614  0.0290398   -0.10803  -177.967 -0.703886   179.017  -0.109992  0.0316387 -0.0926563  0.374068  0.265723 -0.356738     0.0353698 -0.000826389  -0.00233125 -2.09888e-05  0.000148274  -0.00160008 0.0560034 -0.245325  -9.80687 12.6365
 -176.4 20.7381  174.54 -0.0694099  0.0332301  -0.115726  -177.995 -0.621846   179.005  -0.110104  0.0319605 -0.0924662  0.353993  0.204764 -0.250044    0.0351421 -0.00178583 -0.00240658 6.05026e-05 0.000160689 -0.00159643 0.0561561 -0.245337  -9.80673 12.657
-176.399  20.6681  174.513 -0.0656083  0.0320028  -0.114619  -178.004 -0.584534   179.002 -0.110138 0.0320988  -0.09238  0.390702  0.193372 -0.240207    0.0351259 -0.00184375 -0.00240566 9.76312e-05  0.00016632 -0.00159617 0.0562274 -0.245347  -9.80667 12.6612
-174.919  7.38759  173.388 -0.0698412  0.0397884  -0.103107  -178.019 -0.722828   179.037 -0.108269 0.0319509 -0.091148  0.185212  0.282485 0.0834079    0.0345822 -0.00333304 -0.00194405 3.73751e-05 0.000171622  -0.0013338 0.0559961 -0.245274  -9.80605 12.6757
-175.071 0.424864  172.611 -0.0680579  0.0436784 -0.0997268  -178.021 -0.738664   179.043  -0.107726  0.0319315 -0.0910026 0.167672 0.269852   0.1064    0.0345212 -0.00355139 -0.00199998    3.56e-05 0.000177666 -0.00130139 0.0559866 -0.245282  -9.80597 12.6811
-174.789 -6.36186  173.934 -0.0639715  0.0481248  -0.097955   -178.06 -0.752736   179.039  -0.107251  0.0319983 -0.0906899   0.214657   0.227005 -0.0843145    0.0345761 -0.00253202 -0.00167151 2.71851e-05 0.000190866 -0.00128193 0.0559691 -0.245277   -9.8059 12.6874
 -175.379 -0.440287    175.34 -0.057443 0.0545034 -0.100523  -178.101 -0.782508   179.035  -0.107073  0.0321075 -0.0904225  0.347537  0.295144 -0.122104    0.0348107 -0.00194986 -0.00233351 2.61261e-06   0.0002074 -0.00126054 0.0559103 -0.245279  -9.80586 12.6969
-176.764  5.47718  175.917 -0.0396829  0.0606186 -0.0887763  -178.087 -0.659509   179.061  -0.106896  0.0321777 -0.0910456  0.517199     0.327 0.0629709    0.0354835  5.8933e-05 -0.00225198  0.00015668 0.000192426 -0.00107755 0.0560616 -0.245198  -9.80522 12.7191
-176.816  5.45712  175.887  -0.036974  0.0613846 -0.0860855   -178.08 -0.633918   179.067  -0.106856  0.0321909 -0.0911536  0.542317  0.333821 0.0885917    0.0355409 2.33284e-05 -0.00226669 0.000188679 0.000187199 -0.00103975  0.056094 -0.245179  -9.80509 12.723
-178.105  13.9019  175.509 -0.0207172  0.0692324 -0.0814439  -178.089 -0.622555   179.066  -0.107183  0.0322804 -0.0910995  0.64207 0.269864 0.144418    0.0355988 0.000140925 -0.00243363 0.000199991 0.000187993 -0.00101197 0.0560876 -0.245164    -9.805 12.7416
-178.089  13.9129  175.515  -0.020765  0.0689326 -0.0804896 -178.093 -0.61781  179.064  -0.107375  0.0323324 -0.0910804 0.643601 0.266657 0.154136    0.0355896 0.000138238 -0.00242881  0.000205707  0.000190826 -0.000995481 0.0560818 -0.245163  -9.80495 12.7426
-176.502  5.94503   172.55  0.0150958  0.0733431 -0.0668418  -178.203 -0.648539   179.015   -0.10756  0.0323669 -0.0910182 0.652541 0.141364 0.321259     0.0356426 -5.82937e-06  -0.00243948  0.000184616   0.00023829 -0.000978615 0.0560198 -0.245179  -9.80489 12.7812
-177.826 0.184184  171.586   0.021776  0.0762535 -0.0624569  -178.188 -0.670483   179.001  -0.107587  0.0323372 -0.0908956  0.65586  0.17165 0.343552    0.0359798 5.75489e-05 -0.00270578  0.000167406   0.00024356 -0.000978665 0.0559871 -0.245201   -9.8049 12.7897
-177.879 0.163066  171.539  0.0202662  0.0764129 -0.0628961  -178.186 -0.682679   178.998  -0.107625  0.0323151 -0.0908242 0.641741 0.173005 0.338585    0.0360416 2.67584e-05 -0.00277685  0.000156097  0.000245573 -0.000983594  0.055967 -0.245208  -9.80492 12.7913
 175.983 -7.49128  171.542  0.0353465  0.0835842 -0.0567587   -178.15 -0.680723   178.983  -0.107756   0.032258 -0.0906025 0.678767 0.218819 0.217862    0.0365615 0.000307144 -0.00286919  0.000148431  0.000235425 -0.000992796 0.0559526 -0.245207  -9.80495 12.8091
 164.853 -9.83506  172.618  0.0470723  0.0871024 -0.0483235  -178.171 -0.746503   178.946   -0.10727  0.0330106 -0.0904178 0.644881 0.255128 0.106939    0.0370993  0.00107209 -0.00368571  9.81372e-05  0.000258003 -0.000916658 0.0558252 -0.245228  -9.80477 12.824
 160.017 -2.97998  171.229  0.0597664  0.0847362 -0.0437159  -178.279 -0.865838    178.91  -0.107344  0.0336924 -0.0915978  0.580292 0.0545748  0.101203    0.0367163  0.00198096 -0.00459363  2.56041e-05  0.000293292 -0.000858163  0.055649 -0.245209  -9.80469 12.8377
 160.01 -2.9829 171.173  0.0564958  0.0845933 -0.0431197  -178.281 -0.894761   178.912  -0.107412  0.0337647 -0.0916797  0.549546 0.0535602  0.108763    0.0367145   0.0019814 -0.00465576  1.00273e-05  0.000297055 -0.000842981 0.0556161 -0.245212  -9.80466 12.841
 164.26 1.39917 171.241  0.0760117  0.0750614 -0.0339926  -178.359 -0.837672   178.886  -0.107884   0.034052 -0.0913987  0.672402 -0.147763   0.15441    0.0365688  0.00239323 -0.00431965  5.67826e-05  0.000334715 -0.000769686 0.0556655 -0.245256  -9.80444 12.8646
164.249 1.41374 171.323  0.0762328  0.0739937 -0.0329681  -178.368 -0.834069   178.883  -0.107969  0.0340933 -0.0913845  0.675002 -0.157903  0.163888     0.036571  0.00238607 -0.00428545  6.09325e-05   0.00033922 -0.000756903 0.0556675 -0.245261   -9.8044 12.8661
178.083 2.80891 169.677  0.0908468  0.0638871 -0.0276115  -178.386 -0.946665   178.876  -0.108186  0.0337736 -0.0917122  0.656478 -0.399764  0.121463    0.0363546  0.00218003 -0.00501945  4.53192e-06  0.000349398 -0.000741471 0.0555749 -0.245238  -9.80437 12.8846
-164.449 0.193733  170.072   0.100377  0.0504161 -0.0240425 -178.399 -1.02088  178.886   -0.10821  0.0343521 -0.0912226  0.551853 -0.253319  0.216959    0.0361657  0.00237819 -0.00487745 -8.47178e-05  0.000372647 -0.000781112 0.0553866 -0.245259  -9.80445 12.9015
-163.518 -1.39638  169.665   0.105441   0.044868 -0.0229899  -178.41 -1.03308  178.884  -0.108208  0.0348416 -0.0907508  0.526626 -0.130434  0.172692    0.0365672  0.00272649 -0.00507677 -0.000107952  0.000391359 -0.000813378 0.0553358 -0.245294  -9.80453 12.9091
-167.431 -2.20745  169.731   0.111778  0.0421859 -0.0211443 -178.422 -1.03434   178.86  -0.108189  0.0349207 -0.0906066   0.533643 -0.0701319   0.163807    0.0372209  0.00331954 -0.00483405   -0.0001067  0.000394756 -0.000817698 0.0553406 -0.245289  -9.80454 12.9162
-173.068 -3.29641  169.477    0.11712  0.0402936 -0.0216996 -178.429 -1.04166  178.856  -0.108197  0.0350393 -0.0905146   0.529709 -0.0666233   0.143342    0.0375453  0.00328347 -0.00486157 -0.000121225  0.000403099 -0.000853453 0.0553026 -0.245289  -9.80463 12.9219
176.324 -4.2731 168.907   0.121157  0.0353392 -0.0183997 -178.465 -1.10712  178.859  -0.108238  0.0349817 -0.0906665  0.473819 -0.118967  0.133624   0.0378321 0.00321783 -0.0052618 -0.000180186  0.000426543 -0.000852749 0.0551725  -0.24529  -9.80462 12.9291
 159.175 -4.08786  168.883   0.123974  0.0253476 -0.0162798 -178.533 -1.24142  178.862  -0.108201  0.0345877 -0.0916632  0.363019 -0.219469  0.161804    0.0379497   0.0032903 -0.00560197   -0.0002727  0.000459157 -0.000889735 0.0549731 -0.245244  -9.80472 12.9397
 156.163 -3.98703  168.826   0.128058  0.0193196 -0.0187435 -178.574 -1.24804  178.847  -0.108065  0.0340591 -0.0922323  0.368874 -0.342683 0.0978615    0.0380946  0.00347473 -0.00562615 -0.000273139  0.000472436 -0.000929033 0.0549432 -0.245224  -9.80486 12.9474
 156.173 -3.96141  168.829   0.128376  0.0182285 -0.0190791 -178.584 -1.24698  178.846  -0.108042   0.034055 -0.0923812   0.37141 -0.352559 0.0961835   0.0380815 0.00349352 -0.0056153 -0.000270399   0.00047602 -0.000928626 0.0549421 -0.245227  -9.80487 12.9486
 162.741 -3.30827  169.504    0.136906 -0.00296106  -0.0179402 -178.676 -1.24964  178.846 -0.107855 0.0340212 -0.092782   0.389183  -0.681801 -0.0460462    0.0376496  0.00359312 -0.00495245 -0.000280588  0.000512951 -0.000899569 0.0548729 -0.245257  -9.80484 12.9714
 175.118 -2.49166   169.49   0.142267 -0.0129308 -0.0202799 -178.614 -1.29366  178.857  -0.107933  0.0344221 -0.0932025     0.40765   -0.670753 -0.00635672    0.0379647   0.0036226 -0.00489021 -0.000312962  0.000486992 -0.000930615 0.0548349 -0.245213  -9.80489 12.983
-179.881  -2.4372  168.435    0.15309 -0.0393637 -0.0168883 -178.669 -1.36487  178.859  -0.108017  0.0341519 -0.0927096  0.435199 -0.421244 0.0967086    0.0385006  0.00387283 -0.00546346 -0.000352533  0.000518158  -0.00091961 0.0547723 -0.245216  -9.80481 13.0118
 175.507 -1.78728   167.39   0.154351 -0.0404558 -0.0223582 -178.622 -1.38774  178.798  -0.107729  0.0346405 -0.0929466  0.410128 -0.301843 0.0880022   0.0405411 0.00615396 -0.0067103 -0.000407275  0.000503871  -0.00103035 0.0546347 -0.245139  -9.80507 13.0175
175.461 -1.7814  167.38   0.153501 -0.0390499 -0.0219896 -178.61 -1.3987 178.798  -0.107726  0.0346312 -0.0930157   0.40268  -0.28953 0.0916961    0.0406433  0.00616162 -0.00674243 -0.000414674  0.000497521  -0.00102765 0.0546308 -0.245127  -9.80505 13.0192
 175.439 -1.78313  167.371   0.152779 -0.0381357 -0.0216053 -178.602 -1.40692  178.799  -0.107731  0.0346143 -0.0930605   0.39638 -0.281686 0.0954186    0.0406946  0.00615566 -0.00676942 -0.000420534  0.000493619  -0.00102389 0.0546269 -0.245119  -9.80503 13.0204
151.066 -5.1389 168.108   0.167425 -0.0598991 -0.0165991 -178.628 -1.43139  178.805  -0.107712  0.0346408 -0.0934542  0.325494 -0.624112  0.164468    0.0405743  0.00613916 -0.00675256 -0.000429393  0.000504164  -0.00102557 0.0545991 -0.245118  -9.80506 13.0471
173.158 -2.0232 171.506     0.17569  -0.0851626 -0.00730538 -178.573 -1.47157  178.785  -0.107978  0.0346547 -0.0937437   0.35422 -0.921603  0.126175    0.0402809  0.00569951 -0.00569844 -0.000499388   0.00048297 -0.000940457 0.0544811 -0.245094  -9.80478 13.0753
  -175.491 -0.0964934    172.237    0.179802  -0.0975369 -0.00754484 -178.549 -1.49324  178.823  -0.108033  0.0350022 -0.0940013  0.393739 -0.864962  0.185167    0.0403933  0.00619524 -0.00568433 -0.000514956  0.000480211 -0.000990095 0.0544514 -0.245086  -9.80489 13.0883
-171.725 0.509942  172.482    0.183501   -0.107499 -0.00526004  -178.55 -1.50357  178.826  -0.108024  0.0350627 -0.0939882 0.421685  -0.7524 0.224603    0.0403447  0.00629691 -0.00544117 -0.000529474  0.000482955 -0.000996087 0.0544188 -0.245081   -9.8049 13.0992
-171.718 0.535342   172.48    0.182856   -0.107884 -0.00587093 -178.553 -1.50911  178.828   -0.10799  0.0351647 -0.0939214 0.415531 -0.75506 0.218606    0.0403403  0.00631901 -0.00545419 -0.000533305  0.000486161  -0.00100791 0.0544099 -0.245081  -9.80493 13.1001
 179.388 0.877817  168.859  0.188417 -0.130793  0.003277 -178.579 -1.61603  178.814  -0.107983  0.0350769 -0.0938467   0.37668 -0.524298  0.362739   0.0407098 0.00656595 -0.0061505 -0.000598695  0.000499764  -0.00104572 0.0543042 -0.245008  -9.80496 13.1254
 156.088 -3.68189  169.283  0.196475 -0.140811 0.0242331 -178.401 -1.70468  178.873  -0.107918  0.0352448 -0.0915905 0.252467 -0.65211 0.414346    0.0407483  0.00567635 -0.00535055 -0.000620533  0.000443771  -0.00106872 0.0544826 -0.244987  -9.80473 13.15
 154.908 -3.91619  169.948  0.200257 -0.153152 0.0292552 -178.431 -1.70566  178.875  -0.107855  0.0355184 -0.0919186  0.242245 -0.838737  0.293616   0.0395715 0.00609223 -0.0050522 -0.000607885  0.000450422  -0.00104176  0.054499 -0.245008   -9.8047 13.1639
 166.256 -1.46983  173.864  0.205403 -0.176862 0.0324809 -178.547  -1.6158   178.88  -0.107424  0.0352764 -0.0921137 0.275211 -1.07256  0.21349   0.0375072 0.00661455 -0.0022431 -0.00067185 0.000490456 -0.00101796 0.0541945 -0.245011  -9.80475 13.1883
 166.281 -1.45059  173.936  0.205687 -0.178842 0.0322121 -178.572 -1.61048  178.879 -0.107278 0.0352177 -0.092117 0.276463  -1.0919 0.210923    0.0374656  0.00662522 -0.00219004 -0.00067063 0.000498283 -0.00101692 0.0541833 -0.245013  -9.80477 13.1904
-172.367  1.12601  172.806  0.204727 -0.196874 0.0473143 -178.444 -1.82048  178.858  -0.107823  0.0345361 -0.0941194  0.270216 -0.852529  0.397344    0.0371616  0.00651973 -0.00304144  -0.00070132  0.000439367 -0.000913093 0.0543118 -0.244932  -9.80438 13.2139
 172.582 0.621728  170.286  0.203743 -0.222463 0.0698677 -178.409 -1.97286  178.856 -0.107749 0.0344418  -0.09405  0.170639 -0.550611  0.639699    0.0371037  0.00663463 -0.00306536 -0.000769352  0.000433895 -0.000934903 0.0542711 -0.244871  -9.80432 13.248
   162.75 -0.890211   169.621  0.199713 -0.222092 0.0705114 -178.347 -2.02702   178.85  -0.107514  0.0338847 -0.0936911  0.104378 -0.567171  0.628183    0.0372883  0.00658359 -0.00328781 -0.00081585 0.000425545 -0.00107902 0.0542086 -0.244781   -9.8046 13.2521
   162.77 -0.829711   169.627  0.197927 -0.220017 0.0688486  -178.33 -2.04691  178.844  -0.107451  0.0337558 -0.0935852 0.0884451 -0.547881  0.612136    0.0372609  0.00662988 -0.00326733 -0.000825486  0.000422152   -0.0011135 0.0542054 -0.244757  -9.80466 13.2553
  150.22 -3.78032  170.709  0.197384 -0.230372 0.0791135 -178.268 -2.06255   178.84  -0.107556  0.0330092 -0.0928713 0.0345687  -0.83276  0.368306    0.0376685   0.0063723 -0.00333195 -0.000841709  0.000411806  -0.00117706 0.0542063 -0.244722  -9.80475 13.2699
155.691 -4.2285 172.042  0.195705 -0.234508 0.0901288 -178.08 -2.1001  178.83  -0.107689  0.0330738 -0.0917471 0.0257531 -0.919546   0.17118    0.0376521  0.00589427 -0.00357001 -0.000859135  0.000368151  -0.00116016 0.0542837 -0.244751  -9.80453 13.2818
 177.264 -1.64237  173.578  0.187344 -0.259834 0.0963407  -177.97 -2.22997  178.837  -0.107919  0.0338445 -0.0924367 0.0401395   -0.7176  0.327618    0.0373867  0.00596823 -0.00337028 -0.000931905  0.000342528  -0.00122873 0.0542003 -0.244705  -9.80463 13.3092
   177.7 -1.29243   173.12  0.182721 -0.264245 0.0965547 -177.899  -2.2917  178.851  -0.108007   0.034613 -0.0928018 0.0298402 -0.557519  0.335326    0.0374667   0.0065395 -0.00363638 -0.000966825  0.000333043  -0.00131379 0.0541565  -0.24469   -9.8048 13.3156
 173.235 -1.66796  172.468  0.182631 -0.268813  0.102842 -177.879 -2.30452  178.842   -0.10799  0.0344796 -0.0928925 0.0402411 -0.502301  0.392938   0.0378491 0.00673917 -0.0036485 -0.000968735  0.000325184  -0.00128742 0.0541696 -0.244693  -9.80472 13.3233
 173.155 -1.60528  172.471  0.182456 -0.267884  0.103374 -177.869 -2.30905   178.84  -0.107984  0.0344503 -0.0929332 0.0385001 -0.494046  0.397898    0.0379333  0.00679604 -0.00364023 -0.000969674  0.000321627  -0.00128149  0.054174 -0.244693  -9.80469 13.3244
 153.951 -4.27271  170.931  0.178362 -0.280774  0.115099 -177.826 -2.34468  178.817  -0.108004  0.0336264 -0.0924686 -0.0189974  -0.623603   0.429425    0.0376874  0.00699483 -0.00413782 -0.00101869 0.000314885 -0.00136699 0.0540859 -0.244612  -9.80483 13.3423
 170.206 -2.18855  171.736  0.175551 -0.294755  0.136433 -177.578 -2.40477  178.823  -0.107809  0.0331872 -0.0931644 -0.0351932  -0.775832   0.306876    0.0372103  0.00747548 -0.00404296 -0.00103646 0.000222324 -0.00125905 0.0541618 -0.244638  -9.80432 13.368
  170.28 -2.18677  171.766  0.175359 -0.290195  0.138919 -177.526 -2.41704  178.821   -0.10777  0.0330895 -0.0933165 -0.0370378  -0.738247   0.329301    0.0371754  0.00746351 -0.00402269 -0.00104023 0.000202684 -0.00123209 0.0541776 -0.244646   -9.8042 13.3732
 -176.879 -0.505031   172.832  0.173936 -0.310888  0.148477 -177.563 -2.41126  178.832  -0.10775 0.0332571 -0.092838 0.0171549 -0.644214  0.476739    0.0372901   0.0076914 -0.00378331  -0.0010545 0.000223369 -0.00124319 0.0541319 -0.244662  -9.80425 13.396
  -176.48 -0.443445   172.572  0.169896 -0.317777  0.151394 -177.569 -2.45157  178.831  -0.107734  0.0334988 -0.0926992 0.00590939  -0.545985   0.483566    0.0374389  0.00768254 -0.00399252 -0.00108078 0.000231325 -0.00129141 0.0540881 -0.244633  -9.80436 13.4045
  176.465 -0.978725   171.465   0.16869 -0.322625  0.159614  -177.52 -2.46939  178.827  -0.107663  0.0334294 -0.0928171 0.00952276  -0.424108   0.509579   0.0376829 0.00770266 -0.0041972 -0.00109711 0.000213146 -0.00133254 0.0540674 -0.244585  -9.80441 13.4141
 153.122 -3.88129  171.338  0.169261 -0.331109  0.190327 -177.335  -2.4566  178.825  -0.107543  0.0334151 -0.0906418 6.95169e-05   -0.512848    0.668669    0.0376115  0.00749683 -0.00411286 -0.00110366 0.000140308 -0.00135759 0.0541512 -0.244547  -9.80418 13.446
 150.166 -4.24409    172.2  0.168643 -0.329244  0.194112 -177.273 -2.45096  178.805  -0.107714  0.0319985 -0.0897698 -0.0235252  -0.564173   0.522182    0.0378633  0.00723206 -0.00371901 -0.00110384 0.000108975 -0.00149475 0.0541729 -0.244381  -9.80439 13.4503
 156.718 -2.83664   172.75  0.169438 -0.334696  0.191975  -177.29 -2.42069  178.813  -0.107702   0.031193 -0.0899073 -0.0165214  -0.645752   0.389292    0.0373532  0.00778394 -0.00314167 -0.00110925 0.000116577 -0.00162634 0.0541104 -0.244268  -9.80475 13.4562
 168.097 -1.57375  172.891  0.169238 -0.345622   0.19677 -177.313 -2.41175  178.817  -0.107669  0.0311747 -0.0898353 0.00485319   -0.71594   0.449272    0.0368035  0.00789563 -0.00295342  -0.0011162 0.000127782 -0.00163753 0.0540778 -0.244267   -9.8048 13.4681
  178.705 -0.326636   172.397  0.168979 -0.343471  0.203515 -177.138 -2.49416  178.835 -0.107592  0.031603 -0.091747 0.0379461  -0.56508  0.556138    0.0376211  0.00812529 -0.00370401 -0.00110169 6.70914e-05 -0.00167462 0.0541807 -0.244242  -9.80478 13.4752
170.252 0.11502 170.249  0.174937 -0.352396  0.233327 -176.984 -2.50122  178.827 -0.107331 0.0316156 -0.092053  0.128061 -0.298192   0.67087     0.037779  0.00816916 -0.00390133 -0.00110373  2.0327e-05 -0.00168942 0.0542147  -0.24424  -9.80469 13.5069
   170.29 0.0759153   170.277  0.176559 -0.349889  0.233128 -176.95 -2.4901 178.826  -0.107257  0.0316427 -0.0921157  0.14094 -0.27549 0.668335    0.0377596  0.00814203 -0.00387332 -0.00109668 1.08105e-05 -0.00170086 0.0542309 -0.244238   -9.8047 13.5099
   155.89 -0.713192   169.738  0.177709 -0.354956  0.245552 -176.926 -2.50813  178.808  -0.107128  0.0312395 -0.0919842 0.0986112 -0.386203   0.70938    0.0374879  0.00839619 -0.00384088 -0.00110799 1.14813e-05 -0.00178556 0.0542134 -0.244186  -9.80487 13.5233
  149.067 -0.631488   170.268  0.178426 -0.365031  0.248296 -176.996 -2.52903  178.767  -0.107024  0.0307896 -0.0927745 0.0640223 -0.575511  0.604942    0.0368849  0.00932113 -0.00331322 -0.00109092 2.67512e-05 -0.00186245 0.0542332 -0.244101  -9.80515 13.5338
 149.863 -1.43719  170.949 0.179587   -0.369 0.252117 -176.931 -2.52212  178.754  -0.107108  0.0302583 -0.0924351 0.0528724 -0.669577   0.39612    0.0369162   0.0089008 -0.00379546 -0.00108914 2.01634e-05 -0.00196091 0.0542399 -0.244064  -9.80533 13.5394
179.063 1.78793 171.074  0.180358 -0.376715  0.272959 -176.668 -2.62309  178.779  -0.107265   0.029906 -0.0951156 0.0805185 -0.557916  0.520867    0.0360876  0.00958556 -0.00389863  -0.00110407 -6.58619e-05  -0.00192126 0.0542888 -0.244072  -9.80507 13.5617
-176.193  2.43939  170.814  0.181045 -0.377653  0.277999 -176.586  -2.6556  178.788 -0.107229 0.0303374 -0.095946  0.114753 -0.385092   0.54831   0.0362653 0.00972729 -0.0041661 -0.00110775 -8.3368e-05 -0.00197371 0.0542997 -0.244063  -9.80516 13.5669
-176.216  2.47804  170.823    0.1812 -0.376535  0.277734 -176.572 -2.65745   178.79  -0.107224  0.0303752 -0.0960989  0.116201 -0.375049  0.547139     0.036293  0.00976926 -0.00415533  -0.00110778 -8.68899e-05  -0.00197839 0.0543005 -0.244063  -9.80517 13.568
177.971 3.85736 169.663   0.18812 -0.382097  0.285338 -176.543 -2.62405  178.781   -0.10692  0.0308066 -0.0960783  0.194506 -0.182201   0.56644    0.0375094   0.0105194 -0.00426738  -0.00108914 -8.27137e-05  -0.00208813 0.0543256 -0.244027  -9.80545 13.5797
166.912 3.24225 168.771 0.185135 -0.37713 0.288757  -176.48 -2.69154  178.779  -0.106671  0.0301982 -0.0956616  0.114439 -0.131098  0.565822    0.0374823    0.010501 -0.00440251   -0.0011399 -9.18568e-05  -0.00225855 0.0542691 -0.243896  -9.80576 13.5864
151.357 0.28994 170.011  0.186692 -0.383487  0.322311 -176.278 -2.68564   178.82 -0.106607 0.0312024  -0.09319 0.0054028  -0.55213  0.344065    0.0356454  0.00971529 -0.00479833  -0.00116715 -0.000159093  -0.00216922 0.0543107 -0.243989  -9.80526 13.6206
 156.527 0.533613  170.324 0.190112 -0.39157 0.324696 -176.284 -2.65083  178.812  -0.106631  0.0310106 -0.0933192  0.026943 -0.669159  0.249333    0.0356043  0.00947517 -0.00490033  -0.00114248 -0.000157895  -0.00218944 0.0543445 -0.243977  -9.80533 13.6297
166.931 2.02001  170.78   0.19006 -0.401359  0.317803 -176.326 -2.61723  178.873  -0.106739  0.0307594 -0.0932636 0.0376755 -0.728419   0.21314    0.0328308   0.0109032 -0.00383686  -0.00117984 -0.000117917  -0.00236501 0.0541999 -0.243908  -9.80582 13.6417
173.275 2.63803 171.256  0.190602 -0.415334  0.313886  -176.39 -2.59193  178.885 -0.106687 0.0311687 -0.092767 0.0618873 -0.709716  0.216441    0.0321593   0.0110477 -0.00348407  -0.00119037 -7.69061e-05  -0.00248728 0.0541406 -0.243873  -9.80619 13.6562
173.371 2.65057 171.285  0.191001 -0.416439  0.312502 -176.403 -2.58319  178.886  -0.106671  0.0312476 -0.0926689 0.0653808 -0.718462   0.20353    0.0320807   0.0110502 -0.00345031  -0.00118838 -6.87295e-05  -0.00251054 0.0541366 -0.243868  -9.80626 13.658
 149.176 0.349915  170.887  0.199248 -0.445838  0.336847 -176.192 -2.56948  178.887 -0.106808 0.0310514 -0.091466 0.0684423 -0.718583  0.342575    0.0322369   0.0106079 -0.00300172  -0.00117044 -0.000150908  -0.00251163 0.0542735 -0.243851  -9.80601 13.6971
 149.133 0.268618  170.853  0.200085 -0.443719  0.336823 -176.168 -2.56089  178.885  -0.106839  0.0309374 -0.0913457 0.0755482 -0.702158  0.340607    0.0322734   0.0105616 -0.00302353  -0.00116696 -0.000160612   -0.0025254 0.0542888 -0.243837  -9.80601 13.6994
  146.914 -0.609809   172.065 0.198968 -0.45502  0.32923 -176.154 -2.57773   178.87  -0.107381   0.029521 -0.0913246 0.0125159 -0.870772 0.0608454    0.0316627   0.0101338 -0.00307625  -0.00118967 -0.000159282  -0.00280118  0.054273 -0.243599  -9.80665 13.713
  151.607 0.0866863   172.794  0.198218 -0.469183  0.320139 -176.211 -2.57075   178.87  -0.107485  0.0292518 -0.0913378 0.00182409  -0.995311   -0.08137    0.0321456   0.0101514 -0.00283228  -0.00120594 -0.000133329  -0.00296381  0.054224 -0.243472  -9.80711 13.7299
  151.628 0.0691981   172.785  0.197928 -0.469315   0.31852 -176.219 -2.57239   178.87 -0.107509 0.0292055 -0.091335 -0.000163168    -0.996847   -0.0953458    0.0321432   0.0101422 -0.00284935  -0.00120835 -0.000129629  -0.00299255 0.0542196 -0.243449  -9.80719 13.7315
 165.944 0.168809  172.877  0.196774 -0.506444  0.324356 -175.928 -2.67601  178.853  -0.107576  0.0294862 -0.0932006 0.0545285 -0.768104  0.121603    0.0321107  0.00981931 -0.00345701  -0.00124096 -0.000231337  -0.00299558 0.0542534 -0.243425  -9.80689 13.7691
  163.216 0.0846235   171.929  0.196403 -0.501537  0.322989 -175.735  -2.7112   178.84  -0.107446  0.0300637 -0.0940175 0.0605342 -0.643104 0.0961042    0.0321243   0.0103304 -0.00427974  -0.00127977 -0.000285744  -0.00312292 0.0542283 -0.243321  -9.80699 13.7742
   159.651 -0.0026265    171.493  0.197542 -0.503074  0.326364  -175.66 -2.71754  178.823  -0.107334  0.0300659 -0.0941832 0.0677857 -0.616547  0.113302    0.0329161    0.010704 -0.00444866  -0.00128376 -0.000311019  -0.00311584 0.0542394 -0.243326  -9.80689 13.7781
  155.276 -0.129532   171.595  0.198473 -0.503332  0.325623 -175.591 -2.73692  178.824 -0.107251 0.0299699 -0.094118 0.0677439 -0.579923   0.10017    0.0328698   0.0104908 -0.00384223  -0.00127473 -0.000330977   -0.0031952 0.0543093 -0.243264  -9.80698 13.7793
  147.01 -0.17118  172.153  0.199484 -0.505458  0.324549 -175.516 -2.79569  178.824  -0.107201  0.0292578 -0.0937687 0.0368292 -0.597468 0.0858136    0.0326067    0.010231 -0.00179251  -0.00122097 -0.000353782   -0.0033239 0.0545414 -0.243157  -9.80714 13.7819
 143.838 -1.11791  171.812 0.191191 -0.53338 0.335353 -175.382 -2.86029   178.83  -0.107141  0.0295854 -0.0929331 -0.0779388  -0.945162   -0.15044    0.0301041   0.0105694 -0.00387292 -0.00130815 -0.00040669 -0.00315321 0.0543855  -0.24334  -9.80651 13.813
  151.704 -0.618957   171.719  0.193098 -0.547954  0.338205 -175.358 -2.84054  178.822  -0.107111  0.0295467 -0.0930093 -0.0598006   -1.07659  -0.155235   0.0297322  0.0105992 -0.0040523   -0.0012755 -0.000427001  -0.00305935 0.0544519 -0.243436  -9.80625 13.8279
  151.696 -0.655685   171.664 0.193712 -0.54748 0.339419 -175.349 -2.83778  178.819    -0.1071  0.0295331 -0.0930296 -0.0552641   -1.07325  -0.145516    0.0297358   0.0105923 -0.00412229  -0.00126842 -0.000432881  -0.00304117 0.0544688 -0.243455   -9.8062 13.8294
  168.285 0.0366646   171.943  0.193448 -0.577982  0.330392 -175.345 -2.82149  178.831  -0.107143  0.0307238 -0.0927109 -0.0114399   -1.13295 -0.0629568    0.0293321   0.0104657 -0.00407004  -0.00126812 -0.000409698  -0.00317224 0.0544715  -0.24337  -9.80653 13.8612
 171.372 0.118482  171.642 0.194026 -0.58679 0.334081 -175.297 -2.84647  178.828  -0.107032    0.02991 -0.0937716  0.0206194    -1.0645 0.00178853    0.0292182   0.0108233 -0.00437278  -0.00125842 -0.000442435  -0.00310306 0.0545003 -0.243415  -9.80629 13.8708
  162.915 -0.119795   168.534  0.194864 -0.621421  0.338944 -175.028 -2.92212  178.816  -0.105965  0.0294558 -0.0949352 0.0352768 -0.995741 0.0602439     0.028386   0.0105135 -0.00466333  -0.00129942 -0.000553046  -0.00316764 0.0544998 -0.243338  -9.80597 13.9057
  162.853 -0.165446   168.514  0.193884 -0.619443   0.34025 -175.001 -2.93884  178.814 -0.105882 0.0293548 -0.095058 0.0268002 -0.980874 0.0712417    0.0284338   0.0104843 -0.00471321  -0.00130985 -0.000564702  -0.00315635 0.0544874 -0.243351  -9.80589 13.9083
 162.827 -0.18263  168.506  0.193315 -0.617893   0.34124 -174.979 -2.94989  178.812  -0.105814  0.0292824 -0.0951552 0.0216822 -0.969121 0.0795763    0.0284504   0.0104743 -0.00473513  -0.00131637 -0.000573846   -0.0031483 0.0544808  -0.24336  -9.80583 13.9102
   146.43 -0.686196   168.932  0.193528 -0.659664  0.341361 -175.006  -2.9439  178.807  -0.105779  0.0290832 -0.0953499 -0.0479681    -1.2406  0.0465863   0.0283135  0.0105709 -0.0046059  -0.00130566 -0.000565744  -0.00318902 0.0545016 -0.243294  -9.80597 13.952
 139.712 -1.16381  169.435   0.19526 -0.670816  0.342082  -174.92 -2.90014  178.752 -0.105737 0.0282282 -0.094188 -0.0599061   -1.32207 -0.0522899    0.0291998   0.0111308 -0.00474447  -0.00128845 -0.000620459  -0.00328218 0.0545783 -0.243121  -9.80597 13.9633
  160.797 -0.899779    168.66  0.195932 -0.692092  0.362484 -174.278 -2.99378  178.684 -0.105441 0.0268978 -0.096631 -0.0024964   -1.33503 -0.0463242    0.0272583   0.0109338 -0.00528647  -0.00128014 -0.000877736  -0.00299321 0.0547438 -0.243523  -9.80428 13.9928
 172.143 0.453011  168.264  0.194489 -0.711283  0.365368 -174.174 -3.04189  178.679  -0.105382  0.0264027 -0.0976854 0.0436664  -1.27247 0.0144413    0.0269727   0.0111965 -0.00523541  -0.00130993 -0.000921365  -0.00296004 0.0547041 -0.243551  -9.80404 14.0123
 172.104 0.423711  168.295  0.193929 -0.708528  0.366677 -174.137 -3.05722  178.673  -0.105361   0.026233 -0.0980525 0.0379546  -1.24762 0.0301253    0.0269427   0.0111935 -0.00522553  -0.00131811 -0.000936817  -0.00294763  0.054695 -0.243561  -9.80395 14.0154
 172.104 0.414101  168.314  0.193532 -0.706451  0.367815 -174.109 -3.06874  178.669  -0.105348  0.0260833 -0.0983361 0.0338435  -1.22907 0.0433754    0.0269054   0.0111984 -0.00521909  -0.00132383 -0.000948348   -0.0029353 0.0546889 -0.243574  -9.80388 14.0178
 172.109 0.411505  168.326  0.193439 -0.704816  0.368729 -174.086 -3.07553  178.667  -0.105338  0.0259642 -0.0985668 0.0327154  -1.21443 0.0539802   0.0268735   0.011201 -0.0052117  -0.00132635 -0.000957473  -0.00292516 0.0546874 -0.243585  -9.80382 14.0196
 125.945 -6.51271  167.563 0.200253 -0.82159 0.391009 -174.072  -3.0454  178.659  -0.105403  0.0255514 -0.0982941 -0.00345426    -1.69946    0.218058    0.0267443    0.011171 -0.00506805  -0.00130065 -0.000971638  -0.00295988 0.0547525 -0.243531  -9.80386 14.1387
 122.352 -6.34402  169.643  0.205497 -0.835802  0.406153 -173.931  -3.0294  178.668  -0.105427  0.0259013 -0.0957368 0.0266845   -1.7033   0.08296    0.0240507   0.0114932 -0.00307005 -0.00122288   -0.001053 -0.00290152  0.055059 -0.243619   -9.8034 14.1601
  126.49 -5.80512  170.056  0.205415 -0.847974  0.399775 -173.927 -3.02772  178.663  -0.105659  0.0250284 -0.0955552 0.0303535  -1.71976 -0.153521    0.0230113   0.0115936 -0.00282652 -0.00123048 -0.00106371 -0.00301134 0.0550605 -0.243446  -9.80361 14.1739
 126.475 -5.80506  170.067   0.20527 -0.847471  0.399449 -173.926 -3.02868  178.662  -0.105676  0.0249754 -0.0955278  0.029061   -1.7151 -0.157069    0.0230173   0.0115845 -0.00281858 -0.00123182 -0.00106486 -0.00301828 0.0550597 -0.243434  -9.80362 14.1745
 150.517 -2.83434  169.466  0.206488 -0.907932  0.389681 -174.078 -2.98726   178.64  -0.105348  0.0236537 -0.0939191 0.0684005  -2.12741 -0.296341    0.0218538   0.0116795 -0.00255973 -0.00122142 -0.00101081 -0.00303553 0.0550358 -0.243389  -9.80382 14.2357
  177.224 -0.732075    168.01  0.209611 -0.981672  0.401428 -173.846 -3.15986  178.604 -0.105631 0.0231049 -0.100316 0.160034 -1.70103 0.281499    0.0220285   0.0106823 -0.00361388 -0.00122924 -0.00109023 -0.00288796 0.0551013 -0.243563  -9.80324 14.3105
  171.904 -0.626571   166.532  0.205072 -0.996929  0.392657 -173.742 -3.23293  178.641 -0.105011 0.0254661 -0.101182 0.119316 -1.49534  0.26522    0.0228508   0.0109527 -0.00405521   -0.001286 -0.00105636 -0.00306147 0.0550244 -0.243492  -9.80359 14.3287
  171.908 -0.617698   166.556  0.203975 -0.994613  0.393118 -173.721 -3.24899  178.645 -0.104954 0.0255766 -0.101505 0.108685 -1.47196 0.272001   0.0228782  0.0109442 -0.0040548 -0.00129358 -0.00105769 -0.00306357 0.0550183 -0.243503  -9.80357 14.3313
 153.937 -2.64099  164.637 0.206766 -1.01468 0.395321 -173.578 -3.26022  178.618 -0.104088 0.0260708 -0.101266 0.0677954  -1.44503  0.339655    0.0234232   0.0111761 -0.00426538 -0.00131709 -0.00104942 -0.00320472 0.0550426 -0.243457   -9.8037 14.3516
 145.267 -4.79107  165.257 0.211967 -1.02001 0.392641 -173.467 -3.23957  178.612 -0.103707 0.0255281 -0.100734 0.0655355  -1.47124  0.207249    0.024002  0.0106389 -0.0043052 -0.00131136 -0.00103955 -0.00336409 0.0551139 -0.243373  -9.80389 14.3596
 164.432 -2.82768   168.79 0.229676 -1.07234 0.409997 -173.156 -3.16912  178.573 -0.104139 0.0258313 -0.101889  0.231321  -1.66378 0.0703136    0.0245045   0.0104437 -0.00357474 -0.00129879 -0.00110193 -0.00329643 0.0552092 -0.243644  -9.80335 14.4175
 164.398 -2.79943  168.827 0.230896 -1.07017 0.413433 -173.129 -3.16493  178.569 -0.104178 0.0257673 -0.101983 0.241646 -1.64582 0.101004    0.0245516   0.0104436 -0.00353775  -0.0012968 -0.00111169 -0.00326797 0.0552228 -0.243688  -9.80324 14.4217
  164.37 -2.79207  168.842 0.231904 -1.06915 0.416073 -173.114 -3.16056  178.567 -0.104191 0.0256924 -0.102038 0.249912 -1.63786 0.124407    0.0245841   0.0104419 -0.00351835  -0.0012943 -0.00111896 -0.00324324 0.0552328 -0.243722  -9.80316 14.4247
-177.053 -0.33147  169.939 0.246462 -1.13315 0.419173 -173.125  -3.1389  178.574 -0.104057 0.0264188 -0.101797 0.403487 -1.43523 0.260429    0.0245353    0.010471 -0.00344031 -0.00129072 -0.00110303 -0.00330492 0.0552163 -0.243672  -9.80336 14.4904
-178.575 0.248042  169.133 0.249284 -1.13991 0.417106  -173.04 -3.16798  178.567  -0.10398 0.0269693 -0.102671 0.415759  -1.2168 0.256562    0.0227116   0.0115169 -0.00393178 -0.00132946 -0.00110449 -0.00340946 0.0551634 -0.243576   -9.8035 14.498
 162.318 -2.85568   168.43 0.264436 -1.18996 0.437155 -172.917 -3.21036  178.577 -0.104023 0.0271268 -0.102006 0.319974  -1.4793  0.28373    0.0225782   0.0113501 -0.00367604 -0.00134816 -0.00113685 -0.00339994 0.0552361 -0.243627  -9.80326 14.554
 162.321 -2.81573   168.47 0.262989 -1.18748 0.438805 -172.891 -3.22456  178.577 -0.104034 0.0271802 -0.101862 0.307631 -1.45581 0.299089    0.0225806   0.0113707 -0.00366475 -0.00135646 -0.00114306 -0.00339554 0.0552437 -0.243638   -9.8032 14.5573
 162.347 -2.77839  168.491 0.262041 -1.18581 0.439653 -172.876  -3.2336  178.577 -0.104044  0.027198 -0.101771 0.299519 -1.44017 0.306827    0.0225634   0.0113924 -0.00365827   -0.001362 -0.00114685 -0.00339572 0.0552479  -0.24364  -9.80317 14.5594
 174.999 -1.07137  170.563 0.273455 -1.24819 0.450922 -172.871 -3.23191  178.585 -0.104062 0.0271945 -0.101794 0.290789 -1.70998 0.300944    0.0226429   0.0117543 -0.00334289 -0.00137348 -0.00114736  -0.0034142 0.0552195 -0.243616  -9.80321 14.6238
-177.139 0.127613  171.262 0.277993 -1.26745 0.451073 -172.85 -3.2341 178.615 -0.104096 0.0273847 -0.102066 0.333836 -1.61209 0.348235    0.0226575   0.0123302 -0.00335584  -0.0013784 -0.00114988  -0.0034812 0.0552108 -0.243559  -9.80335 14.6436
 173.011 -1.83044  169.298 0.285227 -1.31263 0.471965  -172.72 -3.30597  178.602 -0.104156 0.0271426 -0.101882 0.322908 -1.34289 0.487616    0.022829  0.0120512 -0.0039625 -0.00143019 -0.00118377  -0.0034944 0.0552073  -0.24353  -9.80321 14.6939
 162.956 -3.09123   168.11 0.287412 -1.31281 0.489554 -172.477 -3.35437  178.567 -0.103737 0.0264222 -0.100336 0.248689 -1.23116 0.498659    0.0226733    0.012179 -0.00455846 -0.00148878 -0.00126641 -0.00355435 0.0552704 -0.243429  -9.80304 14.7116
 160.916 -2.81015  168.849 0.288754 -1.32786 0.488727 -172.505 -3.36663  178.555 -0.103734 0.0260634 -0.100361 0.208502 -1.35594 0.370018    0.0220795    0.012719 -0.00411839 -0.00148744 -0.00127407 -0.00362738 0.0552769  -0.24332  -9.80322 14.7268
 160.964 -2.83408  168.832 0.288585 -1.32827 0.486607 -172.516 -3.36613  178.555 -0.103735 0.0259576 -0.100399 0.207385 -1.36011 0.350758    0.0220438   0.0127114 -0.00413744 -0.00148784 -0.00127412 -0.00364917 0.0552703 -0.243291  -9.80328 14.7289
   169.5 -2.12899  169.729 0.295339 -1.36351 0.496631 -172.489 -3.36411  178.563 -0.103757 0.0258834 -0.100446 0.200113 -1.49742 0.260684    0.0218997   0.0130682 -0.00431744 -0.00147824 -0.00128243 -0.00362604 0.0553064 -0.243316  -9.80321 14.7662
-172.053 -1.33482  169.823 0.305271 -1.38642 0.514717 -172.279 -3.42781  178.526 -0.103699  0.025131 -0.102655 0.262969 -1.19896 0.413175    0.0215652   0.0128122 -0.00469062 -0.00148426 -0.00137317 -0.00357229 0.0553973 -0.243273  -9.80302 14.797
 -173.44 -1.36783  170.256 0.308082 -1.40781 0.524681 -172.215 -3.47402  178.513 -0.103754 0.0252451 -0.103065  0.299258 -0.954985   0.41195     0.022027   0.0127837 -0.00418948  -0.0015213 -0.00140435 -0.00360965 0.0553543 -0.243202  -9.80308 14.8208
 -177.244 -0.939127    169.85 0.308798 -1.41162 0.523351 -172.158 -3.49548  178.485 -0.103693 0.0255425 -0.103206 0.302138 -0.83661 0.369103    0.0217511   0.0135268 -0.00442843 -0.00154973 -0.00144176 -0.00370594 0.0553162 -0.243088  -9.80328 14.8249
   177.56 -0.568874   169.669 0.313697 -1.42164 0.526227 -172.159  -3.4917  178.447 -0.103644  0.025573 -0.103195  0.320846 -0.824809  0.381426   0.0212745  0.0145223 -0.0041289 -0.00153339 -0.00144734 -0.00372496 0.0553567 -0.243065  -9.80333 14.8364
  169.6 -1.6686 170.485 0.315706  -1.4225  0.52875 -172.094 -3.52897  178.468 -0.103728 0.0250013 -0.102353  0.287299 -0.772092  0.376988    0.0217034   0.0136962 -0.00340666  -0.0015275 -0.00149382 -0.00381174 0.0554476 -0.242965  -9.80347 14.8398
  160.38 -2.88383  171.543 0.325232   -1.444 0.550191 -171.937 -3.51883  178.449 -0.104045 0.0254619 -0.100527  0.224832 -0.951465  0.284248    0.0220469   0.0135864 -0.00364257 -0.00154809 -0.00156062 -0.00375436  0.055496 -0.242922  -9.80325 14.8716
 170.139 -1.74125  172.312 0.328008 -1.45253 0.562519 -171.806 -3.54415   178.45 -0.104417 0.0255538  -0.10007  0.220752 -0.927008  0.280713    0.0212487   0.0141198 -0.00360404   -0.001576 -0.00162361 -0.00369674  0.055512 -0.242864  -9.80307 14.8868
  175.785 -0.762745   172.777 0.330795 -1.46475 0.560133 -171.811 -3.53785  178.499 -0.104376 0.0256298 -0.100016  0.240375 -0.903801  0.262113    0.0216863   0.0153672 -0.00334136 -0.00158682 -0.00162243 -0.00380107 0.0554643 -0.242843  -9.80332 14.8996
   178.303 -0.0506432    172.826 0.334889 -1.47385  0.56109 -171.801 -3.53749  178.541 -0.104365 0.0256594 -0.100056  0.266172 -0.838761  0.265121   0.0216072  0.0171685 -0.0036841 -0.00157669 -0.00162706 -0.00384114 0.0554863 -0.242844  -9.80342 14.9096
  178.342 -0.247119   173.215 0.337571 -1.48408 0.565209 -171.802 -3.54331  178.542 -0.104377 0.0256406 -0.100058  0.274289 -0.801263  0.275773    0.0207119   0.0173699 -0.00318982 -0.00158316 -0.00162701 -0.00382889 0.0554754 -0.242844  -9.80339 14.921
   169.65 -0.197463   170.961 0.343206 -1.48475 0.582772 -171.484 -3.60819  178.474  -0.103865  0.0252615 -0.0990875  0.227452 -0.622401  0.308398    0.0207546   0.0181725 -0.00433357 -0.00167218 -0.00180755 -0.00381683 0.0554575 -0.242578  -9.80324 14.9394
 166.872 0.048297   170.41 0.347017 -1.48165 0.594381 -171.285 -3.64263  178.437  -0.103398  0.0249893 -0.0983342  0.182678 -0.541212   0.31417    0.0201963   0.0183864 -0.00457927 -0.00170942 -0.00192726 -0.00381762 0.0554905 -0.242403  -9.80316 14.952
  166.895 0.0654819   170.356 0.347026 -1.47982  0.59355  -171.27 -3.64477  178.434   -0.10333  0.0248997 -0.0982735  0.182284 -0.526156  0.305785    0.0201955   0.0183979 -0.00460347 -0.00171092  -0.0019389 -0.00383902 0.0554953 -0.242376   -9.8032 14.954
168.276  1.5137 171.214 0.351567 -1.49319 0.594803 -171.286 -3.64294  178.435  -0.103133  0.0247412 -0.0982739  0.170506 -0.592591  0.254103    0.0195092   0.0188659 -0.00410257 -0.00170377 -0.00193953 -0.00394687 0.0555019 -0.242329  -9.80346 14.9682
168.353 1.61993 171.237 0.351406 -1.49291 0.593428 -171.286 -3.64489  178.435 -0.103081  0.024701 -0.098272  0.168982 -0.590172  0.241856    0.0194777   0.0189149 -0.00408296 -0.00170468 -0.00194151 -0.00397274    0.0555 -0.242315  -9.80352 14.9696
169.209 1.30642 170.355  0.35573 -1.50148 0.603448  -171.09 -3.70305  178.405  -0.102807  0.0245217 -0.0983403  0.138472 -0.455281  0.250276    0.0202688   0.0185924 -0.00460764 -0.00174778 -0.00205067 -0.00406382 0.0554906  -0.24213  -9.80366 14.9835
167.818 0.29527 170.003 0.358323 -1.50745 0.606534 -171.008 -3.72537  178.393  -0.102748   0.024405 -0.0983043  0.111486 -0.399757  0.186671    0.0209247   0.0180376 -0.00494275 -0.00176456 -0.00209699  -0.0041672 0.0554849 -0.242022  -9.80386 14.9907
 167.345 0.731412  169.727 0.356994  -1.5088 0.600185 -170.988 -3.75076  178.387  -0.102716  0.0242781 -0.0982825 0.0838215 -0.385767  0.101152      0.02181   0.0190668 -0.00533455 -0.00178428 -0.00211288 -0.00432749 0.055453 -0.24192 -9.80422 14.9973
 167.365 0.755484  169.717 0.355975 -1.50804 0.596737 -170.987 -3.76021  178.387  -0.102715  0.0242359 -0.0982765 0.0757745 -0.377979 0.0695984   0.0217965  0.0191442 -0.0053525 -0.00179133 -0.00211558 -0.00438965 0.0554391 -0.241884  -9.80436 15.001
 168.299 0.853506  169.835  0.35672  -1.5174 0.597785 -170.987 -3.76705  178.387  -0.102719  0.0242333 -0.0982705 0.0491411 -0.424963 0.0583977    0.0217682   0.0192585 -0.00525192 -0.00179858  -0.0021154 -0.00440011 0.0554252 -0.241878  -9.80438 15.0104
 171.258 0.633736  170.211 0.359872 -1.51638 0.605353 -170.846 -3.76921  178.365  -0.102619  0.0239844 -0.0987581  0.053458 -0.363661  0.130502    0.0187685   0.0189078 -0.00467285 -0.00179659 -0.00218741 -0.00432016 0.0554658 -0.241841  -9.80415 15.0187
 171.959 -0.38323  171.232 0.360292  -1.5255 0.609963 -170.778 -3.78882  178.357  -0.102779  0.0240208 -0.0988905  0.042219 -0.349763  0.129579    0.0189406    0.018578 -0.00447463  -0.0018156 -0.00221614 -0.00435124  0.055444 -0.241798   -9.8042 15.0289
  171.927 -0.427667   171.283 0.359049 -1.52329 0.610748 -170.754 -3.80223  178.354  -0.102798  0.0239966 -0.0989228 0.0317625 -0.330142  0.136501    0.0189342   0.0185705 -0.00445525 -0.00182829 -0.00222702 -0.00434437 0.0554268 -0.241788  -9.80417 15.0316
 171.352 0.400395  171.774 0.361127 -1.53113 0.614639 -170.744 -3.79195  178.352  -0.102807  0.0239752 -0.0989509 0.0487089 -0.355858  0.132856    0.0192612   0.0190868 -0.00424704 -0.00181871 -0.00223369 -0.00433539 0.0554469 -0.241787  -9.80414 15.0406
 171.612 0.593682  171.899 0.362005 -1.53387 0.612873 -170.724  -3.7901   178.35  -0.102897  0.0240517 -0.0989857 0.0532895 -0.358532  0.098944    0.0188048   0.0193372 -0.00418402 -0.00181587 -0.00223952 -0.00440078 0.0554564 -0.241755  -9.80429 15.044
172.498  1.0415 171.398 0.361947 -1.53303 0.617871  -170.62 -3.81086  178.338  -0.102987   0.023932 -0.0992009 0.0357075 -0.315491  0.123042   0.0179693  0.0199883 -0.0049706 -0.00183314 -0.00228923 -0.00437423  0.055451 -0.241721  -9.80418 15.049
175.318 1.00805 170.959 0.362558 -1.53494 0.627026 -170.473 -3.83609  178.321  -0.102927  0.0237485 -0.0995622 0.0145294 -0.266732  0.163484    0.0175995   0.0199088 -0.00507674 -0.00185075  -0.0023595 -0.00434751 0.0554584  -0.24167  -9.80405 15.0584
175.375 1.03112 170.983 0.362821 -1.53077 0.627879 -170.424  -3.8404  178.315  -0.102909  0.0237014 -0.0996873 0.0170232  -0.22761  0.170815    0.0175161    0.019917 -0.00503654 -0.00185308 -0.00238234 -0.00434508 0.0554667 -0.241653  -9.80403 15.0627
175.621 1.22192 170.708 0.363288 -1.53598 0.630615 -170.413 -3.84048  178.314  -0.102896    0.02373 -0.0997076 0.00504095  -0.238476   0.136893    0.0178083    0.019924 -0.00515963  -0.0018517 -0.00238617 -0.00437233 0.0554733 -0.241639  -9.80409 15.0686
 175.31 1.23095 170.628 0.362143 -1.53877 0.628568 -170.415 -3.85116  178.317  -0.102892  0.0237912 -0.0996997 -0.0132073  -0.249653  0.0991218    0.0181848   0.0197696 -0.00523331 -0.00186076 -0.00238097 -0.00443508 0.0554578 -0.241615  -9.80423 15.0722
173.489 1.24606 170.631 0.361604  -1.5384 0.626687 -170.356 -3.86072  178.311  -0.102838  0.0237024 -0.0996638 -0.022291 -0.224435 0.0669687    0.0196047   0.0195162 -0.00521706 -0.00186613 -0.00240734 -0.00452196 0.0554715 -0.241553   -9.8044 15.0742
170.394 1.48636 171.327 0.359767 -1.54563 0.628698 -170.312 -3.86662  178.304 -0.102865 0.0236366 -0.099544 -0.0502725  -0.258456  0.0413735    0.0198824   0.0194247 -0.00498809  -0.0018709 -0.00242896 -0.00454593 0.0554792 -0.241521  -9.80444 15.0819
169.105 1.39027 171.364 0.357119 -1.54529 0.619726 -170.295 -3.88597  178.299  -0.102846  0.0232309 -0.0994422 -0.0762153  -0.247536 -0.0557799    0.0210119   0.0191221 -0.00534013 -0.00188731  -0.0024419 -0.00471634 0.0554687 -0.241418  -9.80481 15.0913
168.542 1.38057 171.573 0.356794 -1.54709 0.614692 -170.284 -3.88345  178.294  -0.102848  0.0230315 -0.0993864  -0.075279  -0.259882 -0.0983735    0.0195265   0.0189565 -0.00517838 -0.00187818   -0.002451  -0.0047934 0.0554992 -0.241372  -9.80498 15.0967
168.224 1.51116  171.64 0.356105 -1.54837 0.610819 -170.282 -3.88719  178.288  -0.102834  0.0229001 -0.0993749 -0.0800206  -0.268507  -0.129803    0.0183815   0.0197387 -0.00499493 -0.00187615 -0.00245607 -0.00485037 0.0555123 -0.241336  -9.80511 15.1008
167.536 1.84014 171.398 0.355139 -1.54937 0.610323 -170.236 -3.87993  178.267  -0.102858  0.0229064 -0.0992297 -0.0856584  -0.268447  -0.121533    0.0180036   0.0223039 -0.00674333 -0.00188003 -0.00248435 -0.00483737 0.0555156 -0.241303  -9.80506 15.1023
168.128 1.30275 170.811 0.349564 -1.55498 0.610655 -170.123 -3.89704  178.251  -0.102777  0.0228734 -0.0990975 -0.119986 -0.309976 -0.066646    0.0176738   0.0221081 -0.00697924 -0.00189963 -0.00254194 -0.00477119 0.0555101 -0.241269  -9.80487 15.1102
169.043 1.42908 171.029 0.347906 -1.55351 0.610696 -170.058 -3.90326  178.241  -0.102761  0.0228367 -0.0990857  -0.119662  -0.286281 -0.0557953     0.017029   0.0221436 -0.00665769 -0.00190605 -0.00257593 -0.00477583 0.0555172 -0.241231  -9.80485 15.1124
169.556 1.50124 171.146 0.346259 -1.55647 0.608221 -170.056 -3.90614  178.241  -0.102766  0.0228434 -0.0990886  -0.121709  -0.301706 -0.0676035   0.0165669  0.0221627 -0.0064441 -0.00190843 -0.00257745 -0.00481055 0.0555158 -0.241214  -9.80493 15.1166
169.587 1.50413 171.178 0.345952   -1.556  0.60729 -170.052 -3.90942  178.241   -0.10277  0.0228456 -0.0990893  -0.123923  -0.297067 -0.0759309    0.0165245   0.0221488 -0.00640953 -0.00191116  -0.0025794 -0.00482877 0.0555133 -0.241203  -9.80497 15.1177
 169.61 1.31913 170.696 0.342903 -1.55894 0.604813 -169.987 -3.91334  178.232 -0.102723 0.0228154 -0.099132   -0.13493  -0.294156 -0.0798015    0.0163992   0.0220107 -0.00658801 -0.00191277 -0.00261279 -0.00486072 0.0555314 -0.241155  -9.80502 15.1226
 169.862 0.947224  170.569 0.338857 -1.56057 0.609041 -169.821 -3.90671  178.206  -0.102575    0.02267 -0.0992902   -0.13654  -0.257961 -0.0203203    0.0162443   0.0217062 -0.00652864 -0.00190489 -0.00269534 -0.00476825 0.0555807 -0.241132  -9.80474 15.1287
 169.737 0.945715   170.48 0.340016 -1.55957 0.607071 -169.766 -3.88796  178.196  -0.102557  0.0226666 -0.0993599  -0.112864  -0.239304 -0.0316318    0.0166837   0.0216944 -0.00656888 -0.00188416  -0.0027242 -0.00481898 0.0556373 -0.241085  -9.80483 15.1312
 170.139 0.898813  170.527 0.338539 -1.56241 0.603824 -169.767 -3.88893  178.197  -0.102583  0.0226945 -0.0993619  -0.117529  -0.256835 -0.0554942    0.0152052   0.0216431 -0.00630164  -0.0018849 -0.00272327 -0.00487025 0.0556391 -0.241059  -9.80495 15.1357
170.462 1.00851 170.552 0.337102 -1.56538 0.602088 -169.764 -3.88965  178.199  -0.102588  0.0227027 -0.0993699  -0.123415  -0.270367 -0.0677009   0.0128421  0.0228848 -0.0059761  -0.0018853 -0.00272376 -0.00489172 0.0556398 -0.241049    -9.805 15.1395
  170.21 0.910846  170.712 0.337696 -1.56328  0.59869 -169.697 -3.87807  178.188  -0.102613  0.0226833 -0.0994645  -0.106864  -0.240857 -0.0851361    0.0152759   0.0223693 -0.00502011 -0.00187179 -0.00275757  -0.0049626 0.0556869 -0.240987  -9.80513 15.1435
 170.353 0.457436  171.083 0.335853 -1.56614 0.600811  -169.57 -3.85884  178.167  -0.102629  0.0225773 -0.0995914 -0.0984061  -0.231358 -0.0517891  0.0152107  0.022257 -0.004779 -0.00185395 -0.00282155 -0.00488921 0.0557435 -0.240977   -9.8049 15.1475
 170.54 0.32379 171.169 0.336277  -1.5644 0.599376 -169.504 -3.84735  178.156  -0.102684  0.0225452 -0.0996547  -0.092347  -0.212281 -0.0632088    0.0151313   0.0221406 -0.00467315 -0.00184211 -0.00285365 -0.00492568 0.0557834 -0.240935  -9.80495 15.1498
 170.735 0.543938  171.301 0.334901 -1.56644 0.598929   -169.5 -3.85056  178.156  -0.102687  0.0225403 -0.0996549  -0.101388  -0.225916 -0.0657353    0.0149041   0.0224402 -0.00447167  -0.0018454 -0.00285549 -0.00492202  0.055778 -0.240934  -9.80494 15.1523
 170.766 0.692192  171.403 0.333379 -1.56835  0.59746 -169.491 -3.85454  178.156  -0.102696  0.0225355 -0.0996592 -0.107736 -0.236348 -0.072904    0.0147406   0.0231809 -0.00402524 -0.00184876 -0.00285961 -0.00493966 0.0557756 -0.240921  -9.80498 15.1552
 170.432 0.659361  171.212 0.333023 -1.56699 0.594518 -169.434  -3.8497  178.146  -0.102719   0.022493 -0.0996934  -0.105497  -0.214136 -0.0962698      0.01741   0.0232889 -0.00525634 -0.00184183 -0.00288738 -0.00499936 0.0558084 -0.240868  -9.80509 15.1584
 170.686 0.239822  170.935 0.330453 -1.56674 0.595639 -169.284 -3.83607  178.121  -0.102684  0.0223908 -0.0997746  -0.109362  -0.185516 -0.0776355    0.0172443   0.0230451 -0.00524316 -0.00182996 -0.00296678  -0.0049345 0.0558657 -0.240833  -9.80487 15.1612
  171.249 0.0554488   171.117 0.330068 -1.56253 0.594823 -169.196 -3.83267  178.106  -0.102692  0.0223382 -0.0998362  -0.105471  -0.143582 -0.0883092    0.0167743   0.0228409 -0.00501051 -0.00182529 -0.00301237 -0.00495958 0.0558992  -0.24078  -9.80488 15.1655
  171.353 0.0453544   171.107  0.33065 -1.55875 0.594812  -169.15 -3.83209  178.098 -0.102697 0.0223125 -0.099871  -0.100707  -0.112185 -0.0901784     0.016632   0.0227964 -0.00495402 -0.00182412 -0.00303561 -0.00497775 0.0559143  -0.24075   -9.8049 15.1694
 171.073 0.293386  170.994 0.328765 -1.56157 0.593302 -169.145 -3.82703  178.097  -0.102697   0.022311 -0.0998762   -0.10235  -0.145086 -0.0881508    0.0170597   0.0231105 -0.00498823 -0.00181946 -0.00303866 -0.00496609 0.0559234 -0.240754  -9.80487 15.1731
 171.337 0.282253  171.019 0.328705 -1.56059 0.591997 -169.103 -3.81771  178.088  -0.102686  0.0222822 -0.0999021 -0.0949906  -0.138227 -0.0921193     0.01561  0.0229516 -0.0048238 -0.00180912 -0.00306207 -0.00498323  0.055955 -0.240725  -9.80489 15.1747
  171.232 0.0789039   170.938 0.326978 -1.55995 0.592893 -168.985 -3.79913  178.065  -0.102675   0.022224 -0.0999361 -0.0839752  -0.142661 -0.0490744    0.0157382   0.0227106 -0.00483582 -0.00179316    -0.00313 -0.00492546 0.0560145 -0.240687  -9.80471 15.1767
 171.09 0.32378 170.889 0.328174 -1.55748 0.593406 -168.922 -3.78116  178.052  -0.102664  0.0221951 -0.0999464 -0.0711024  -0.123166 -0.0499442     0.015865   0.0228206 -0.00481319  -0.0017755 -0.00316591 -0.00492158 0.0560645 -0.240656  -9.80468 15.1795
 171.111 0.472695  171.015 0.327502 -1.55896 0.592403  -168.92 -3.77912  178.052   -0.10266  0.0221931 -0.0999471 -0.0750126  -0.140805 -0.0550707    0.0158551   0.0229014 -0.00463284 -0.00177315 -0.00316696 -0.00492982 0.0560698 -0.240652   -9.8047 15.1814
 171.108 0.481902  171.061 0.327772 -1.55905 0.592088 -168.921 -3.77662  178.052 -0.102656 0.0221935 -0.099948 -0.0728619  -0.141505 -0.0576752    0.0158484   0.0229052 -0.00457994 -0.00177035 -0.00316638 -0.00493578 0.0560749 -0.240651  -9.80471 15.1819
 171.474 0.542798  171.043 0.325635 -1.56171 0.591184 -168.904 -3.77959  178.049  -0.102663  0.0221826 -0.0999523 -0.0852208  -0.166031  -0.056244     0.015644   0.0228897 -0.00455956  -0.0017737  -0.0031758 -0.00492978 0.0560732 -0.240643  -9.80469 15.1854
 171.698 0.574094   170.73 0.326194 -1.55998 0.593831 -168.765  -3.7437  178.021 -0.102652 0.0221357 -0.100019 -0.0717501  -0.127372 -0.0503111    0.0156379   0.0227911 -0.00464136 -0.00174193 -0.00325668 -0.00485285 0.0561673 -0.240602  -9.80447 15.1886
 171.717 0.518168  170.746 0.328369 -1.55812 0.593226 -168.708 -3.71612  178.007 -0.102637  0.022124 -0.100048  -0.053404  -0.112028 -0.0603125    0.0156927   0.0226698 -0.00459653 -0.00171385 -0.00329041 -0.00486553 0.0562354 -0.240569  -9.80448 15.1915
 171.866 0.485107  170.736 0.327703    -1.56 0.592758 -168.713 -3.71554  178.008 -0.102638 0.0221267 -0.100047   -0.06078   -0.13456 -0.0589493    0.0156161   0.0226145 -0.00458926 -0.00171368 -0.00328743 -0.00485883 0.0562337 -0.240575  -9.80446 15.1936
 171.878 0.460835  170.722 0.327691 -1.56023 0.592892 -168.716  -3.7158  178.009 -0.102639 0.0221278 -0.100047 -0.0609422  -0.136711 -0.0576102    0.0156051   0.0225956 -0.00460382 -0.00171367 -0.00328612 -0.00485518 0.0562329 -0.240578  -9.80446 15.1938
 171.737 0.530279  170.616 0.326692 -1.56252 0.590828 -168.695 -3.71133  178.004 -0.102629 0.0221182  -0.10005 -0.0681065  -0.160776  -0.060055    0.0157304   0.0226034 -0.00462392 -0.00170781 -0.00329799 -0.00487621 0.0562509 -0.240558   -9.8045 15.1971
171.923 0.20503 170.941 0.327547 -1.56333 0.591874 -168.597 -3.68258  177.983 -0.102651 0.0220867  -0.10009 -0.0449869  -0.163296 -0.0302139    0.0156036   0.0223417 -0.00445509 -0.00168169 -0.00335559 -0.00483836 0.0563251 -0.240519  -9.80438 15.1987
  172.826 0.0941236   170.873 0.329394 -1.56035 0.595675 -168.528 -3.66621  177.969 -0.102639   0.02204 -0.100163 -0.0269865  -0.137392 0.00157188    0.0150184   0.0222305 -0.00451672 -0.00166812 -0.00339673 -0.00477873 0.0563676 -0.240503  -9.80423 15.2038
173.021 0.12094 170.896 0.329585 -1.56282 0.596306 -168.534 -3.66063  177.969 -0.102633 0.0220417 -0.100163 -0.0268346  -0.160965 0.00279437    0.0149851    0.022263 -0.00446471 -0.00166345 -0.00339388 -0.00476485 0.0563737 -0.240513   -9.8042 15.2064
 173.282 0.268003  170.932 0.329117 -1.56407 0.596394 -168.526 -3.66256   177.97 -0.102635 0.0220332 -0.100169 -0.0312078  -0.170258 0.00209864    0.0149695   0.0230076 -0.00424284 -0.00166568 -0.00339778 -0.00476615 0.0563713 -0.240509   -9.8042 15.2077
 173.622 0.227337  170.914  0.32822  -1.5665 0.596051 -168.526 -3.66633   177.97 -0.102638 0.0220351 -0.100167  -0.0379036   -0.187165 -0.00138816    0.0148234   0.0227262 -0.00430009 -0.00166899 -0.00339772 -0.00477293 0.0563659 -0.240505  -9.80421 15.2103
  174.117 -0.155251   170.819 0.330082 -1.56497 0.599317 -168.414 -3.64912  177.948 -0.102622 0.0219516 -0.100263 -0.0145654  -0.152857  0.0139254    0.0148253   0.0224333 -0.00422369 -0.00165324 -0.00345924 -0.00474788  0.056425 -0.240458  -9.80413 15.2144
  174.298 -0.123124   170.853 0.331675 -1.56084 0.600928 -168.327  -3.6411  177.933 -0.102625 0.0218921 -0.100314 -0.00572952   -0.119316   0.0102524    0.0147729   0.0224536 -0.00407574 -0.00164607 -0.00350627 -0.00474913 0.0564621 -0.240413  -9.80411 15.2191
  174.345 -0.208065    170.88 0.331266 -1.56251 0.600085 -168.329 -3.64362  177.934 -0.102629 0.0218954 -0.100312 -0.0119023   -0.13772 -0.0021212    0.0149012   0.0220327 -0.00386521 -0.00164822 -0.00350487 -0.00476587 0.0564578 -0.240407  -9.80415 15.221
  174.442 -0.152526   170.789 0.331793 -1.56398 0.600022 -168.324 -3.63855  177.933 -0.102626 0.0218921 -0.100318  -0.0115785   -0.152713 -0.00856506    0.0151309   0.0228097 -0.00445522 -0.00164178 -0.00350743 -0.00476765 0.0564714 -0.240407  -9.80415 15.2226
  174.801 -0.180962   170.802 0.332469 -1.56646 0.598756 -168.326 -3.63069  177.934 -0.102623 0.0218988 -0.100329 -0.00797884   -0.175569  -0.0216384     0.014305   0.0231724 -0.00419666 -0.00163377 -0.00350713    -0.00479 0.0564849 -0.240401  -9.80421 15.2254
  175.903 -0.346241   171.061  0.33592 -1.56386 0.601111 -168.228 -3.60472  177.916 -0.102636 0.0218136 -0.100443 0.00557728  -0.155141 -0.0188976    0.0140785   0.0232538 -0.00376693 -0.00161129 -0.00356274 -0.00475557 0.0565508 -0.240363  -9.80412 15.2304
 177.653 -1.66851   171.28 0.337882 -1.56111 0.602772 -168.112 -3.59794  177.897 -0.102654 0.0217412 -0.100619 0.00721677  -0.136266 -0.0245534    0.0138796   0.0229893 -0.00359866 -0.00160556 -0.00362626 -0.00473239  0.056592 -0.240306  -9.80405 15.2341
 178.038 -2.11243  171.217 0.337878 -1.56298 0.600559 -168.111 -3.59833  177.896 -0.102706 0.0217747 -0.100618 0.00811127  -0.149822 -0.0528813     0.014028   0.0228597 -0.00365744 -0.00160471  -0.0036269 -0.00477268 0.0565929 -0.240292  -9.80414 15.237
  178.61 -2.27181  171.233 0.337399  -1.5654 0.597319 -168.117 -3.60283  177.902 -0.102768  0.021815 -0.100607 0.00302764  -0.168136 -0.0850814   0.0133132  0.0234855 -0.0036265 -0.00160801 -0.00362364 -0.00482782 0.0565831 -0.240278  -9.80426 15.2411
 179.075 -2.42013  171.257 0.337241 -1.56791  0.59624 -168.124 -3.60373  177.906 -0.102768 0.0218164 -0.100598 -0.00155026   -0.185592  -0.0927381    0.0126388   0.0238082 -0.00345951 -0.00160997 -0.00361958 -0.00482771 0.0565765 -0.240282  -9.80426 15.2438
-179.964 -2.69067  171.554  0.33824 -1.56731 0.595761 -168.064 -3.59929  177.896 -0.102777 0.0217616 -0.100694 0.00475119  -0.172332 -0.0801069    0.0124046   0.0238518 -0.00312427  -0.0016071 -0.00365508 -0.00481293  0.056598 -0.240246  -9.80423 15.2451
-178.087 -2.80545  171.283 0.338952 -1.56651 0.595461 -167.949 -3.60932  177.877 -0.102745   0.02167 -0.100824 0.00761178   -0.13938 -0.0183314    0.0128011    0.023998 -0.00327014 -0.00161492 -0.00371883 -0.00479591 0.0566183 -0.240177  -9.80419 15.2462
-178.105 -2.76834  171.299 0.339161 -1.56236 0.596553 -167.896 -3.61344  177.867  -0.10273 0.0216251 -0.100884 0.00882069  -0.106732 -0.0111785    0.0128421   0.0240039 -0.00327596 -0.00161923 -0.00374835 -0.00478278 0.0566262 -0.240146  -9.80417 15.2505
-177.595  -2.0754  170.765 0.340076 -1.56481 0.594548 -167.893 -3.60752  177.868 -0.102696 0.0216394 -0.100887  0.0124573 -0.0922214 0.00454064    0.0130456   0.0243125 -0.00340222 -0.00160972 -0.00375253 -0.00482819 0.0566422 -0.240134  -9.80427 15.2538
-177.692 -1.84922  170.406 0.338964   -1.566 0.593304 -167.897 -3.62148  177.869  -0.10268 0.0216319 -0.100888 -0.00357327   -0.104239  0.00172301   0.0132316  0.0244616 -0.0037002 -0.00161944 -0.00375188 -0.00485817 0.0566239 -0.240125  -9.80433 15.2559
-177.988 -1.78015   170.05 0.340672 -1.56379 0.593695 -167.835 -3.60915  177.858 -0.102579 0.0215986 -0.100856 0.00155399  -0.101492   0.011577    0.0134585   0.0242028 -0.00364524 -0.00160734 -0.00378456 -0.00485893 0.0566635 -0.240095  -9.80435 15.2587
-176.524 -1.98887  170.573 0.344683 -1.56186   0.5969 -167.715  -3.5688  177.833 -0.102562 0.0215462 -0.100864 0.00238048  -0.132692   0.044179    0.0128232   0.0241332 -0.00298876  -0.0015778 -0.00383994 -0.00481404 0.0567445 -0.240061   -9.8043 15.2642
-176.356 -3.36646  171.046  0.34311 -1.56286 0.595221 -167.706  -3.5847  177.826 -0.102591 0.0215452 -0.100845 -0.0188373  -0.150059  0.0175312    0.0131516   0.0235312 -0.00281026 -0.00158976 -0.00384733 -0.00486216 0.0567216 -0.240042  -9.80441 15.2667
-175.963 -3.97327  171.406 0.342314  -1.5651 0.593089 -167.713 -3.58962  177.825 -0.102621 0.0215502 -0.100841 0.0114462 -0.115566 -0.107509   0.0135878  0.0235164 -0.0025142 -0.00159376 -0.00385005 -0.00490303 0.0567083 -0.240027   -9.8045 15.2699
-176.798  -3.3818  171.348 0.342613 -1.56661 0.592001 -167.714 -3.59022  177.824 -0.102622 0.0215452 -0.100844  0.0248783  -0.138703 -0.0133973    0.0143202   0.0242163 -0.00214085 -0.00159278 -0.00385093 -0.00491146 0.0567098 -0.240025  -9.80451 15.2717
-177.329 -3.27705  171.372 0.342492 -1.56648 0.593154 -167.672 -3.59712  177.815 -0.102662 0.0215424 -0.100781 0.0131203 -0.171175 0.0243003    0.0145918   0.0242211 -0.00207391 -0.00160154 -0.00386761 -0.00489123 0.0567076 -0.240011  -9.80448 15.2729
-178.825 -3.32649  171.181 0.342343 -1.57386 0.594915  -167.65 -3.60126  177.811 -0.102677 0.0215555 -0.100739 -0.00729222   -0.214754   0.0256412    0.0149428    0.023937 -0.00232366 -0.00160789 -0.00387451 -0.00487433 0.0567036 -0.240005  -9.80445 15.2805
 179.173 -3.16422  170.969 0.341343 -1.57254 0.590366   -167.6 -3.61486  177.792 -0.102581 0.0212861 -0.100528 -0.0209421  -0.185403  -0.023734    0.0175418   0.0240461 -0.00254057 -0.00160959 -0.00392101 -0.00499392 0.0567083 -0.239939  -9.80474 15.2853
 178.396 -3.11678  170.804 0.341605 -1.57505 0.589174 -167.604  -3.6089   177.79 -0.102564 0.0212503 -0.100535 -0.0206029  -0.201234 -0.0323494    0.0174498   0.0243683 -0.00260593 -0.00160285 -0.00392349 -0.00501397 0.0567166 -0.239936  -9.80479 15.2881
 177.445 -3.13153  170.585 0.341961 -1.57726 0.587487 -167.596  -3.6021  177.786 -0.102529 0.0211775 -0.100497 -0.0179276  -0.220239 -0.0422963    0.0172886   0.0244691 -0.00278353 -0.00159597 -0.00393427 -0.00504413 0.0567272 -0.239921  -9.80487 15.2909
 176.608 -2.98564  170.215 0.341202 -1.57601 0.587903 -167.539 -3.60848  177.769 -0.102478  0.021157 -0.100282 -0.0265177  -0.210952   -0.04855    0.0175714   0.0246909 -0.00325026 -0.00160874 -0.00395989 -0.00503145 0.0567229 -0.239893  -9.80486 15.2924
 173.504 -2.02282  169.294  0.33604 -1.58046 0.589127 -167.418 -3.64855  177.738  -0.102434  0.0212659 -0.0999322 -0.0716176  -0.239466 -0.0634436    0.0176257   0.0245634 -0.00350725 -0.00166073 -0.00400068 -0.00493595  0.056681 -0.239846  -9.80468 15.2994
 172.561 -1.02595   168.98 0.335867 -1.58057 0.585552 -167.382 -3.64722   177.72  -0.102167  0.0210769 -0.0997766 -0.0729383   -0.23586  -0.101259    0.0179269   0.0253329 -0.00363627 -0.00165079 -0.00403658 -0.00500886  0.056709 -0.239794  -9.80486 15.3029
  172.505 -0.506822    168.86 0.334833 -1.58232 0.580007  -167.38 -3.65554  177.688 -0.101888 0.0208934 -0.099762 -0.0805576   -0.23967  -0.154954    0.0137043   0.0263518 -0.00354789 -0.00164202 -0.00406058 -0.00511618 0.0567232 -0.239744   -9.8051 15.3089
  172.107 -0.110627   168.784 0.332635 -1.58648 0.575294 -167.399 -3.67251  177.681  -0.101779  0.0208088 -0.0998286  -0.09617 -0.302757 -0.224647   0.00996932   0.0254313 -0.00297509 -0.00164463 -0.00405838 -0.00517765 0.0567108 -0.239736  -9.80523 15.3155
 173.224 0.849937  168.864  0.33217 -1.58775 0.577687 -167.346 -3.66618   177.67  -0.101859  0.0208403 -0.0997669  -0.11198 -0.364489  0.284303   0.00774373   0.0233342 -0.00176832 -0.00164008 -0.00407022 -0.00512758 0.0567393 -0.239743  -9.80514 15.3183
  173.618 0.0561298   168.633 0.331334 -1.59213 0.598715 -167.154 -3.63407  177.636  -0.101921   0.020843 -0.0999421 -0.0818568  -0.245705   0.296635   0.00763594   0.0229566 -0.00204319 -0.00162588 -0.00415547 -0.00500733 0.0568322 -0.239678  -9.80496 15.3398
   173.665 -0.0567824    168.673 0.333746 -1.58663 0.601278  -167.08 -3.61629  177.624 -0.101948 0.0208424 -0.100014 -0.0633511  -0.200759   0.314403   0.00768118   0.0228979 -0.00205134 -0.00161599 -0.00418826 -0.00495661 0.0568758 -0.239656  -9.80488 15.3463
  174.004 -0.201008    168.61 0.331625  -1.5902 0.604585 -167.061 -3.62293  177.622 -0.101981 0.0209454 -0.100056 -0.077255 -0.207905  0.282114   0.00745146   0.0227534 -0.00211034 -0.00161474 -0.00420841 -0.00505855 0.0568726 -0.239612  -9.80511 15.3516
  174.204 -0.346124   168.669 0.330666 -1.59228 0.604972 -167.058 -3.62389  177.622 -0.102023 0.0210169 -0.100073 -0.0804991  -0.215377   0.263165    0.0069952   0.0224426 -0.00201168 -0.00161171 -0.00421547  -0.0051215 0.0568717 -0.239592  -9.80525 15.3539
  173.988 -0.407489   168.721  0.33055 -1.58829 0.606007 -166.971 -3.62278  177.609 -0.102137 0.0210853 -0.100243 -0.0717854  -0.163133   0.253902   0.00752943   0.0221268 -0.00192919 -0.00160812 -0.00426633 -0.00518678  0.056898 -0.239523  -9.80541 15.358
  173.989 -0.711299   168.834 0.328133 -1.58869 0.620368 -166.866 -3.61851  177.591 -0.102224 0.0210277  -0.10045 -0.0767842  -0.120098   0.218318   0.00750606   0.0218668 -0.00184648  -0.0016077 -0.00431995 -0.00515013 0.0569398 -0.239474  -9.80534 15.3726
  173.532 -0.495559   168.807 0.328807 -1.58438 0.618458 -166.798 -3.60927  177.581  -0.10241 0.0210911 -0.100568 -0.0628206 -0.0749849   0.171894   0.00798224    0.022078 -0.00181715 -0.00159582 -0.00435963 -0.00525782 0.0569769  -0.23941  -9.80559 15.3774
  174.049 -0.480905   168.791 0.327661  -1.5852 0.614292 -166.798 -3.61278  177.583 -0.102526 0.0212181 -0.100574 -0.0655932 -0.0847882   0.124417   0.00615894   0.0222068 -0.00188043 -0.00159363 -0.00436059 -0.00537993 0.0569705 -0.239381  -9.80585 15.3818
   174.28 -0.360395   168.783 0.326866 -1.58557 0.612076  -166.79 -3.61416  177.584 -0.102589  0.021294 -0.100601 -0.0681935 -0.0874269  0.0892366     0.004478   0.0231065 -0.00189284 -0.00159133 -0.00436399 -0.00545423 0.0569722 -0.239361  -9.80602 15.3842
  173.877 -0.495036   168.946 0.325758 -1.58157 0.608881 -166.732 -3.62064  177.577 -0.102766 0.0213432 -0.100711 -0.0704796 -0.0503638  0.0408568   0.00747187   0.0220052 -0.00108664 -0.00159442 -0.00439476 -0.00555642 0.0569835 -0.239303  -9.80624 15.3894
 173.915 -0.77988   168.83 0.323401 -1.57862 0.614182 -166.662    -3.62  177.567 -0.102782  0.021292 -0.100822 -0.0720696 -0.0528788  0.0752186   0.00742486   0.0219187 -0.00112616 -0.00159587 -0.00443327 -0.00551851 0.0570135 -0.239272  -9.80615 15.3959
  173.921 -0.796567   168.839  0.32363 -1.57499 0.615807 -166.625 -3.62302  177.562  -0.10279 0.0212642 -0.100876 -0.0704064 -0.0245072  0.0869833   0.00741208    0.021933 -0.00112044 -0.00160023 -0.00445342 -0.00549783 0.0570231 -0.239254  -9.80609 15.3999
  174.447 -0.580907   168.631 0.321825 -1.57581 0.613368 -166.624 -3.62169  177.563 -0.102846 0.0213347 -0.100855 -0.0792613 -0.0367438  0.0152989   0.00701631   0.0220352 -0.00125716 -0.00159613 -0.00445072 -0.00557929 0.0570274 -0.239238  -9.80627 15.403
  174.677 -0.575355   168.616 0.320901 -1.57583 0.610206 -166.619 -3.62214  177.563 -0.102888 0.0213917  -0.10085 -0.0813576 -0.0377217 -0.0221053   0.00666708   0.0220262 -0.00129123 -0.00159414 -0.00445074 -0.00564498 0.0570308 -0.239222  -9.80642 15.4063
  174.677 -0.587497   168.603 0.320937 -1.57553 0.608031 -166.615 -3.62224  177.563 -0.102917 0.0214292 -0.100847 -0.0803475 -0.0333708 -0.0422951   0.00660515   0.0220128 -0.00132223 -0.00159267 -0.00445079 -0.00568815 0.0570333 -0.239212  -9.80651 15.4085
 174.353 -0.65098  168.923 0.317012 -1.57657 0.607361 -166.586 -3.61741  177.558 -0.102935 0.0214152 -0.100887 -0.0738818 -0.0656422 0.00106934   0.00667143   0.0219358 -0.00121924  -0.0015885 -0.00446732 -0.00568292  0.057054 -0.239199  -9.80649 15.4126
 174.314 -0.66647  168.958 0.317371 -1.57455 0.608225 -166.565 -3.61709  177.555 -0.102945 0.0214031 -0.100912 -0.0704915 -0.0467779  0.0080755   0.00667423   0.0219306 -0.00120337 -0.00158867 -0.00447894 -0.00567317 0.0570634 -0.239189  -9.80647 15.4148
 174.374 -0.61752  168.973 0.315576 -1.57555 0.605845 -166.559 -3.61585  177.554 -0.102968  0.021413 -0.100903 -0.0739386 -0.0601617 -0.0296225   0.00662561   0.0219382 -0.00119755 -0.00158567 -0.00448026 -0.00571853 0.0570706 -0.239178  -9.80657 15.418
  174.673 -0.456306    168.94 0.315076 -1.57669   0.6027 -166.561  -3.6125  177.554 -0.102973 0.0214348 -0.100892 -0.0720234 -0.0732138 -0.0582312    0.0063283   0.0220771 -0.00121259 -0.00158033 -0.00447673 -0.00576694 0.0570776 -0.239171  -9.80668 15.4214
  174.035 -0.593468   168.732 0.315753 -1.57549 0.597497 -166.536  -3.6029  177.549 -0.102985 0.0214069 -0.100889 -0.0536129 -0.0651548 -0.0859692    0.0069575   0.0219089 -0.00145255 -0.00156727 -0.00448732 -0.00585354 0.0571111 -0.239144  -9.80686 15.4268
  174.343 -0.686535   168.895 0.316153 -1.57355 0.595117 -166.484 -3.58692  177.537 -0.102982 0.0213663 -0.100927 -0.0414657 -0.0469648  -0.111239   0.00670445   0.0217709 -0.00129936 -0.00155459 -0.00451669  -0.0058383 0.0571565 -0.239128  -9.80682 15.4299
  174.318 -0.752293   168.923 0.316373 -1.56764 0.593756 -166.425 -3.58708  177.527  -0.10299 0.0213137 -0.100946  -0.0380072 0.000571339   -0.122685   0.00671879   0.0216731 -0.00127247 -0.00155518 -0.00454694 -0.00584565 0.0571823   -0.2391  -9.80683 15.4359
    174.2 -0.687953   168.967  0.31703 -1.56744 0.590449 -166.421  -3.5793  177.525 -0.102988 0.0213089 -0.100956  -0.0309752 -0.00979826   -0.141235   0.00691987   0.0217726 -0.00117518 -0.00154671 -0.00454873 -0.00587172 0.0571978 -0.239095  -9.80688 15.4393
  174.309 -0.647716   168.972 0.316921 -1.56803 0.587133 -166.425  -3.5777  177.525 -0.102986 0.0213113 -0.100961  -0.030732 -0.0245257  -0.154119   0.00628166    0.021986 -0.00114118 -0.00154349 -0.00454602 -0.00589818 0.0572011 -0.239092  -9.80694 15.4427
 174.138 -0.68877  168.886 0.318123 -1.56773 0.585011 -166.415 -3.56643  177.522 -0.102978 0.0213062  -0.10097 -0.0175087 -0.0381936  -0.137761  0.00651246  0.0218702 -0.0012703 -0.00153334 -0.00455248 -0.00589922 0.0572228  -0.23909  -9.80695 15.4451
  174.474 -0.766632   168.896 0.318121 -1.56524 0.582714 -166.364 -3.56637  177.513 -0.102971 0.0212606 -0.100983 -0.0141942 -0.0569189 -0.0825825   0.00621858   0.0217179 -0.00126224 -0.00153568 -0.00458049 -0.00587264 0.0572427 -0.239072  -9.80688 15.4485
  174.406 -0.881244   168.852  0.32065 -1.56393 0.581102 -166.335 -3.54721  177.505 -0.102955 0.0212442 -0.101006  0.0037269  -0.055926 -0.0850375     0.006691   0.0211112 -0.00165019 -0.00151879 -0.00459718 -0.00588498 0.0572832 -0.239061  -9.80691 15.4518
  174.299 -0.926778   168.894 0.321163 -1.56524 0.580007 -166.339 -3.54248  177.504 -0.102952 0.0212503 -0.101009  0.0041659 -0.0724197 -0.0892725   0.00740684   0.0207034 -0.00128735 -0.00151528 -0.00459574 -0.00588096 0.0572871 -0.239065   -9.8069 15.4536
  174.316 -0.873842   168.892 0.321866 -1.56663 0.578282 -166.342 -3.53691  177.504 -0.102948 0.0212552 -0.101017 0.00945101 -0.0901688 -0.0842602   0.00717338   0.0209937 -0.00125095 -0.00150934 -0.00459419 -0.00589388 0.0572948 -0.239066  -9.80693 15.4559
   174.31 -0.820699   168.932   0.3222 -1.56824 0.577736 -166.346 -3.53443  177.504 -0.102947 0.0212598 -0.101016  0.0106812  -0.108465 -0.0710032    0.00710356    0.0210969 -0.000941359 -0.00150799 -0.00459277 -0.00588338 0.0572954  -0.23907  -9.80691 15.4576
  174.402 -0.895068     168.9 0.323965 -1.56705  0.57746 -166.273 -3.52729  177.493 -0.102942 0.0212245 -0.101027 0.00853263 -0.0914531 -0.0974783    0.00711888    0.0210543 -0.000907628 -0.00150548 -0.00462884 -0.00584478 0.0573307 -0.239055  -9.80682 15.4598
  174.487 -0.800971   168.901 0.326114 -1.56583 0.576963 -166.222 -3.51215  177.483 -0.102939 0.0212078 -0.101045  0.0192273 -0.0876176 -0.0871827    0.00711048    0.0211046 -0.000846239  -0.0014952 -0.00465522 -0.00582279 0.0573688 -0.239045  -9.80677 15.4623
  174.285 -0.860308   168.839 0.326415 -1.56792 0.576478 -166.232 -3.51067  177.484 -0.102943 0.0212142 -0.101047  0.0199924  -0.111946 -0.0638429    0.00722148    0.0210333 -0.000904064 -0.00149473 -0.00465082 -0.00580328 0.0573658 -0.239054  -9.80672 15.4645
  174.419 -0.704399   168.861 0.326907 -1.56962 0.575894 -166.236 -3.50721  177.484 -0.102944 0.0212174 -0.101048  0.0220234  -0.126709 -0.0541949      0.007066     0.021167 -0.000858255 -0.00149205 -0.00464923  -0.0057989 0.0573685 -0.239057  -9.80672 15.4663
  174.301 -0.711056   168.923 0.327364 -1.57125 0.574784 -166.235 -3.50511  177.484 -0.102941 0.0212171 -0.101049  0.0199144  -0.135478 -0.0652663    0.00717295    0.0211489 -0.000800176 -0.00148983  -0.0046498 -0.00580886 0.0573723 -0.239055  -9.80674 15.4683
  174.418 -0.826223   168.882 0.328175  -1.5714 0.573845  -166.18 -3.50615  177.476  -0.10294 0.0211917 -0.101055  0.0112071   -0.12485 -0.0896152    0.00712592      0.02102 -0.000835142 -0.00149253  -0.0046766 -0.00579708 0.0573909 -0.239036  -9.80671 15.4696
  174.898 -0.740746   168.791 0.328641 -1.56998 0.572435 -166.094 -3.51354  177.465 -0.102933 0.0211411  -0.10109 0.00550944  -0.102685 -0.0882662     0.0066853    0.0210481 -0.000915218 -0.00150149 -0.00471899 -0.00577615 0.0574126 -0.239003  -9.80665 15.4716
  174.687 -0.858873   168.858 0.328951 -1.57117 0.572716 -166.089 -3.51089  177.463 -0.102933 0.0211368 -0.101091  0.0053689  -0.116704 -0.0708963    0.00756175    0.0205203 -0.000528512 -0.00150176 -0.00472283  -0.0057393 0.0574156 -0.239009  -9.80657 15.4729
  174.651 -0.870727   168.885 0.329225 -1.57083 0.573819 -166.083 -3.50816  177.462 -0.102932 0.0211336 -0.101093 0.00747421  -0.114441 -0.0615369    0.00772684    0.0204516 -0.000379017 -0.00150098 -0.00472618  -0.0057132 0.0574199 -0.239014  -9.80651 15.4741
  174.412 -0.731879    168.84 0.329999 -1.57431 0.573629 -166.087 -3.50079  177.462 -0.102935 0.0211412 -0.101097  0.0144736  -0.152857 -0.0143081    0.00787893     0.020539 -0.000379948 -0.00149594 -0.00472565 -0.00569163 0.0574273 -0.239022  -9.80647 15.4777
  174.808 -0.750969   168.735 0.330776  -1.5748 0.575602 -166.042 -3.50041  177.455 -0.102931  0.021118 -0.101111 0.0179737 -0.159262 0.0303886   0.00768378   0.0205182 -0.00043931 -0.00149846 -0.00474853 -0.00565606  0.057443 -0.239011  -9.80639 15.4798
  174.951 -0.626274   168.836 0.330684 -1.57654 0.578334 -165.968 -3.51651  177.448 -0.102939 0.0210852 -0.101128 0.0035053    -0.154 0.0387596     0.0076364    0.0205567 -0.000398118 -0.00151391 -0.00478168 -0.00563889 0.0574479 -0.238985  -9.80634 15.4831
  174.727 -0.778826   168.828 0.330776 -1.57761 0.579221 -165.952 -3.51772  177.446 -0.102941 0.0210784 -0.101129 0.00146676  -0.157648   0.040516    0.00844305    0.0200217 -0.000476532 -0.00151552 -0.00478933 -0.00563578 0.0574521  -0.23898  -9.80633 15.4845
  174.818 -0.727746   168.826 0.330641    -1.58 0.578477 -165.958 -3.51888  177.447 -0.102938 0.0210817 -0.101128 -0.00165778   -0.172455   0.0303928    0.00776038    0.0203699 -0.000469419 -0.00151478 -0.00478568 -0.00566343 0.0574496 -0.238976  -9.80639 15.487
  174.769 -0.681754   168.846  0.33107 -1.58273 0.580025 -165.965 -3.51254  177.447  -0.10294 0.0210878  -0.10113 0.00195343  -0.194638  0.0553031    0.00809971    0.0204883 -0.000254081 -0.00151116 -0.00478358 -0.00563521 0.0574534 -0.238986  -9.80633 15.4901
  174.957 -0.702121   168.846 0.331014 -1.58138 0.582882   -165.9 -3.52086  177.439 -0.102951 0.0210488 -0.101145 -0.000862361    -0.172039    0.0741542    0.00763527    0.0202997 -0.000349397 -0.00152071  -0.0048124 -0.00560735 0.0574642  -0.23897  -9.80626 15.4933
  175.047 -0.725941   168.799 0.330955 -1.58605 0.589275 -165.837 -3.52835  177.432 -0.102952 0.0210249  -0.10116 -0.00149408   -0.193342    0.129475    0.00765805    0.0202453 -0.000382889 -0.00152949 -0.00483993 -0.00557286 0.0574757 -0.238958  -9.80618 15.5012
  175.081 -0.756316   168.814 0.330856 -1.58333 0.590528   -165.8 -3.53408  177.428 -0.102953 0.0210099 -0.101169 -0.00219756   -0.171379    0.138393    0.00768805    0.0202218 -0.000387938 -0.00153577 -0.00485595 -0.00555298 0.0574806  -0.23895  -9.80614 15.5042
  175.099 -0.770759   168.829 0.330599 -1.58139 0.591425 -165.774  -3.5403  177.426 -0.102955 0.0209982 -0.101175 -0.00414805   -0.155814    0.144833   0.00771073   0.0202076 -0.00039077  -0.0015419 -0.00486694 -0.00553861 0.0574813 -0.238945   -9.8061 15.5064
  174.924 -0.612687   168.967 0.329938  -1.5862 0.593502 -165.751 -3.54945  177.424 -0.102951 0.0209949 -0.101135 -0.00446437   -0.184069    0.162726    0.00778858     0.020198 -0.000347436 -0.00154502 -0.00487471 -0.00564824 0.0574815 -0.238912  -9.80633 15.5117
  174.876 -0.678298   168.859 0.329738 -1.58388 0.596304 -165.676 -3.55884  177.417 -0.102958 0.0209881 -0.101123 -0.00726312   -0.142603     0.15996     0.0078817    0.0201177 -0.000422008 -0.00155341 -0.00490284 -0.00566224 0.0574946 -0.238894  -9.80636 15.5153
  175.195 -0.915331   168.726 0.329306 -1.58422 0.606289 -165.596 -3.56712  177.409  -0.10294 0.0209755 -0.101146 -0.014751 -0.110117  0.170167      0.007796    0.0199936 -0.000470295 -0.00156241  -0.0049323 -0.00561228 0.0575109 -0.238893  -9.80625 15.5253
 175.201 -0.93371  168.754 0.329129 -1.58055 0.608482 -165.553 -3.57437  177.406  -0.10293  0.020967 -0.101159 -0.0160634 -0.0757384   0.189281    0.00780894      0.01998 -0.000457874 -0.00156948 -0.00494767 -0.00557843 0.0575163 -0.238894  -9.80617 15.5296
  175.722 -0.666196   168.714 0.329159 -1.58218 0.610151 -165.548 -3.57029  177.405 -0.102926  0.020983 -0.101153 -0.0142041 -0.0903879    0.15872    0.00753457    0.0200923 -0.000458303 -0.00156473 -0.00494933 -0.00563666 0.0575228 -0.238882  -9.80629 15.5319
  175.549 -0.667752   168.758 0.328731 -1.58001 0.605265 -165.518 -3.57709  177.402 -0.102922 0.0209824 -0.101143 -0.0164685 -0.0659048  0.0930419    0.00763555    0.0200818 -0.000430121 -0.00156535 -0.00495859 -0.00576068 0.0575275  -0.23885  -9.80656 15.5373
  175.506 -0.638474   168.781 0.328809 -1.57834  0.60156 -165.503 -3.57864  177.401 -0.102917 0.0209805 -0.101138 -0.0146073  -0.048021  0.0570567    0.00764575    0.0201052 -0.000412451 -0.00156416 -0.00496344  -0.0058279  0.057532 -0.238833   -9.8067 15.5413
  175.308 -0.576308   168.731 0.327987 -1.57613 0.607331 -165.445 -3.58491  177.394 -0.102923 0.0209441 -0.101139 -0.0214409  -0.038566  0.0731432    0.00772478    0.0200512 -0.000426749 -0.00156971 -0.00498511  -0.0058236 0.0575443 -0.238825  -9.80669 15.5476
  175.118 -0.652803   168.847  0.32852 -1.57136 0.605428 -165.402 -3.58507  177.389 -0.102937 0.0209002 -0.101134  -0.0184888 0.000896792   0.0369442    0.00786524    0.0199593 -0.000331669 -0.00156852 -0.00500155 -0.00587478 0.0575594 -0.238807   -9.8068 15.5527
  175.518 -0.566721   168.857 0.328014 -1.57164  0.60161 -165.405 -3.58767  177.389 -0.102934 0.0208992 -0.101138   -0.024341 -0.00868036 -0.00345849     0.0073459    0.0200844 -0.000309738 -0.00156762 -0.00499945 -0.00593393 0.0575576 -0.238796  -9.80693 15.5566
  175.572 -0.508915   168.882  0.32741 -1.57121 0.599767 -165.401 -3.59106  177.389 -0.102932 0.0208951 -0.101143  -0.0274843  -0.0150629 -0.00991383   0.00703811   0.0202217 -0.00024038 -0.00156878 -0.00500057 -0.00596176 0.0575564  -0.23879  -9.80698 15.5586
  175.349 -0.607266   168.795 0.327206 -1.56867 0.598432 -165.377 -3.59303  177.386 -0.102935 0.0208694 -0.101149  -0.0258224 -0.00225389  -0.0112069    0.00752172    0.0199785 -0.000458848 -0.00156933  -0.0050099 -0.00598671 0.0575634 -0.238779  -9.80704 15.5615
  175.208 -0.647599   168.738 0.325705 -1.56767 0.600146 -165.358  -3.5978  177.384 -0.102936 0.0208553 -0.101144 -0.0260259 -0.0350144  0.0452293    0.00759695    0.0199035 -0.000491375 -0.00157346 -0.00501783 -0.00597855 0.0575649 -0.238776  -9.80702 15.5639
   175.09 -0.597028   168.704 0.326075 -1.56485  0.60009 -165.326 -3.59617  177.379 -0.102933 0.0208246 -0.101143 -0.0216672 -0.0206135  0.0414997     0.0080155    0.0200762 -0.000627034  -0.0015716 -0.00503084 -0.00600091 0.0575787 -0.238765  -9.80707 15.5668
  175.345 -0.558753   168.742 0.325676 -1.56552 0.596988 -165.328  -3.5974   177.38 -0.102932 0.0208214 -0.101154 -0.0245883 -0.0315223  0.0110517    0.00628694      0.02038 -0.000363133 -0.00156975 -0.00502891 -0.00605941 0.0575782 -0.238756  -9.80719 15.57
  175.392 -0.532389   168.685 0.325557 -1.56703 0.595415 -165.337 -3.59543   177.38 -0.102929 0.0208296 -0.101158 -0.0230704 -0.0536465   0.011407    0.00587781    0.0205859 -0.000703823 -0.00156661 -0.00502516 -0.00608619  0.057579 -0.238753  -9.80725 15.5722
  175.404 -0.533284   168.654 0.325695 -1.56796 0.594155 -165.345 -3.59362  177.381 -0.102927 0.0208375 -0.101161 -0.0219423 -0.0603242 0.00181249    0.00576229    0.0206707 -0.000901682 -0.00156411 -0.00502188 -0.00610468 0.0575794 -0.238752  -9.80729 15.5737
  175.298 -0.378832   168.696 0.325383 -1.57037 0.597407 -165.311 -3.58681  177.376 -0.102929 0.0208234 -0.101169 -0.0180891 -0.0975217   0.052141    0.00582165    0.0206764 -0.000887024 -0.00156121 -0.00503608 -0.00607545 0.0575961 -0.238753  -9.80723 15.5778
  175.125 -0.677834   168.727  0.32639 -1.56736 0.596678  -165.26 -3.58242  177.369  -0.10294 0.0207944 -0.101169 -0.00745525  -0.0768268   0.0533957    0.00616702    0.0204054 -0.000899476  -0.0015573 -0.00505522 -0.00612521  0.057617 -0.238738  -9.80733 15.5811
  175.163 -0.705635   168.742  0.32761  -1.5645 0.596055 -165.228 -3.57568  177.364 -0.102947 0.0207782 -0.101175 0.00193458 -0.0534387  0.0458249    0.0062637   0.0203825 -0.00089186 -0.00155254 -0.00506799 -0.00614942 0.0576337  -0.23873  -9.80739 15.5842
   175.63 -0.518643   168.814 0.327632 -1.56674 0.594669 -165.233  -3.5748  177.365 -0.102945 0.0207918 -0.101168 -0.00202931  -0.0824879    0.029837    0.00614786    0.0204356 -0.000849743 -0.00155026  -0.0050655 -0.00619891 0.0576334 -0.238722  -9.80749 15.5869
  175.264 -0.570201   168.765 0.328157 -1.56583  0.59307 -165.206  -3.5721  177.361 -0.102948 0.0207821 -0.101169  -0.0026754  -0.0687793 -0.00568643    0.00652748     0.020365 -0.000896974 -0.00154739 -0.00507488 -0.00624569 0.0576445 -0.238711  -9.80759 15.5888
  175.214 -0.583159   168.741 0.327383  -1.5674 0.592886 -165.184 -3.57705   177.36  -0.10295 0.0207718 -0.101169 -0.0196678 -0.0744503 -0.0427807    0.00656487    0.0202926 -0.000926172 -0.00155207 -0.00508317 -0.00622322  0.057646 -0.238711  -9.80754 15.5905
 175.514 -0.72994   168.75 0.327652 -1.56339 0.592427 -165.126 -3.57853  177.352 -0.102954 0.0207417 -0.101191 -0.0162378 -0.0404661  -0.045499   0.00592743   0.0198872 -0.00101866 -0.00155386 -0.00510662 -0.00623518 0.0576628 -0.238697  -9.80757 15.5946
  175.575 -0.722067    168.78 0.328139 -1.56466 0.590153 -165.132 -3.57119  177.352 -0.102954 0.0207518 -0.101196 -0.0124964 -0.0548024 -0.0616379    0.00551762    0.0198864 -0.000780559  -0.0015473  -0.0051041 -0.00626653 0.0576688 -0.238695  -9.80764 15.5972
  175.593 -0.566885   168.668 0.328747 -1.56626 0.588086 -165.138 -3.56302  177.351 -0.102949 0.0207609   -0.1012 -0.00662596  -0.0765236  -0.0616652   0.00553635   0.0200896 -0.00087781  -0.0015401 -0.00510221 -0.00628866  0.057677 -0.238694  -9.80769 15.5999
  175.594 -0.557954   168.627 0.329312  -1.5666  0.58726  -165.14 -3.55751  177.351 -0.102945 0.0207667 -0.101204 -0.00195373   -0.078794  -0.0684593    0.00556844    0.0201114 -0.000918944 -0.00153522 -0.00510148 -0.00630377 0.0576829 -0.238693  -9.80772 15.601
  175.797 -0.571445   168.706 0.328425 -1.56873  0.58314 -165.106 -3.56452  177.347 -0.102946 0.0207504 -0.101212 -0.0176985 -0.0938214 -0.0870888    0.00551523    0.0200743 -0.000903764 -0.00154154 -0.00511693 -0.00629586 0.0576862 -0.238681   -9.8077 15.6057
  175.778 -0.651258   168.712 0.328219 -1.56725 0.580716 -165.075 -3.56772  177.343 -0.102948 0.0207374 -0.101217 -0.0216905 -0.0779817  -0.110991    0.00564239    0.0199509 -0.000929206 -0.00154334 -0.00513154 -0.00632112 0.0576948 -0.238664  -9.80775 15.6085
  175.707 -0.666213   168.719 0.328151 -1.56863 0.580297 -165.079 -3.56512  177.344 -0.102947 0.0207403 -0.101218 -0.0225019 -0.0900909  -0.106719    0.00600186    0.0197689 -0.000865724 -0.00154231  -0.0051301 -0.00630264 0.0576953 -0.238669  -9.80772 15.61
  175.651 -0.618324   168.745 0.328137 -1.57004 0.579092 -165.081 -3.56237  177.344 -0.102946 0.0207424  -0.10122 -0.0232578  -0.102256  -0.108219    0.00633048    0.0200211 -0.000651983 -0.00154021 -0.00512904  -0.0063007 0.0576975 -0.238671  -9.80771 15.6119
  175.752 -0.719737   168.825 0.327458  -1.5697 0.578279 -165.064  -3.5676  177.342 -0.102952 0.0207312 -0.101219 -0.0275022 -0.0980593  -0.105036    0.00588311    0.0194091 -0.000360162  -0.0015456 -0.00513743 -0.00629329 0.0576958 -0.238664  -9.80769 15.613
  175.912 -0.772999   168.835 0.326142 -1.56973 0.573839 -165.012 -3.57052  177.335  -0.10296 0.0207085 -0.101229 -0.0443261 -0.0785264  -0.160184    0.00586633    0.0193814 -0.000374553  -0.0015505 -0.00516543  -0.0062738 0.0577094 -0.238639  -9.80765 15.6176
  175.936 -0.773883   168.842  0.32607 -1.56701 0.574585 -164.984 -3.57472  177.331 -0.102965 0.0206954 -0.101233 -0.0446895 -0.0574338  -0.156049    0.00589876    0.0193803 -0.000378682  -0.0015552 -0.00518061 -0.00626799 0.0577136 -0.238624  -9.80764 15.6204
  175.716 -0.610559   168.912 0.325758 -1.56938 0.571467 -164.988 -3.56238   177.33 -0.102966 0.0207029  -0.10124 -0.0458421 -0.0759176  -0.171445    0.00600708    0.0194819 -0.000322998  -0.0015472 -0.00518023 -0.00622498 0.0577259 -0.238635  -9.80755 15.6243
  175.602 -0.379965    168.83 0.326171 -1.57141 0.570594 -164.998 -3.55123   177.33 -0.102973 0.0207143 -0.101245 -0.0393824 -0.0996106  -0.151443    0.00606732    0.0196562 -0.000361909 -0.00153891 -0.00517585 -0.00619877 0.0577358 -0.238648   -9.8075 15.6266
  175.643 -0.535883   169.061 0.325378 -1.57191 0.569802 -164.987 -3.55373  177.328  -0.10298 0.0207133 -0.101244 -0.0444318  -0.104993  -0.138784    0.00604315    0.0195507 -0.000234236 -0.00154364 -0.00518309 -0.00617063 0.0577335 -0.238643  -9.80744 15.6278
  175.769 -0.682602   168.791 0.324733 -1.57132 0.566739 -164.925 -3.54749  177.317  -0.10297 0.0206964 -0.101252 -0.0412019 -0.0894971   -0.12846    0.00598155    0.0194028 -0.000402083 -0.00154327 -0.00522307 -0.00612033 0.0577627 -0.238607  -9.80733 15.631
  175.956 -0.804963    168.79 0.325967 -1.56819  0.56652 -164.876 -3.53611  177.306 -0.102957 0.0206781  -0.10127 -0.0286471 -0.0646408  -0.117647    0.00522044    0.0187885 -0.000535367 -0.00153641 -0.00525498 -0.00609481 0.0577955 -0.238578  -9.80728 15.6344
   175.81 -0.793558   168.769 0.326782 -1.57052 0.568998 -164.89 -3.5226 177.307 -0.102947 0.0206925 -0.101272 -0.0240665 -0.0847361 -0.0948818    0.00611875    0.0186241 -0.000597204 -0.00152967 -0.00525016 -0.00601282 0.0578036   -0.2386  -9.80711 15.6379
  175.769 -0.805755    168.76 0.327714  -1.5714 0.571134 -164.897 -3.51263  177.306 -0.102941 0.0207035 -0.101276 -0.0176451 -0.0926682  -0.077859    0.00634419    0.0184805 -0.000630573 -0.00152368 -0.00524765  -0.0059686 0.0578117 -0.238612  -9.80702 15.6404
  175.746 -0.812228   168.751 0.328395 -1.57204 0.572397 -164.903 -3.50546  177.306 -0.102936 0.0207119 -0.101279 -0.0128991 -0.0982861 -0.0677532    0.00647051    0.0184065 -0.000664539 -0.00151896  -0.0052457 -0.00594216 0.0578179  -0.23862  -9.80697 15.6419
  175.941 -0.775126   168.776 0.326849 -1.57589 0.569517 -164.859 -3.51226  177.301 -0.102931 0.0207111 -0.101291 -0.0264468  -0.114291  -0.060364    0.00640266    0.0183749 -0.000682615 -0.00152848 -0.00527144 -0.00590345 0.0578213 -0.238596  -9.80689 15.647
  176.168 -0.818423    168.73  0.32566 -1.57195 0.570388 -164.793 -3.52642  177.294 -0.102917 0.0207016 -0.101311 -0.0313705 -0.0726859 -0.0391364    0.00624459    0.0182954 -0.000767334 -0.00154379 -0.00530837 -0.00588323 0.0578232 -0.238555  -9.80684 15.6512
  175.901 -0.801122   168.703  0.32626 -1.57295 0.572339 -164.793 -3.51648  177.292 -0.102919 0.0207051 -0.101324 -0.0257495 -0.0819233 -0.0215055     0.0066858    0.0182876 -0.000798387 -0.00153845 -0.00531107 -0.00583205 0.0578338 -0.238562  -9.80674 15.6535
  175.884 -0.789127   168.716 0.326409 -1.57445 0.571974 -164.798 -3.51145  177.292 -0.102919 0.0207083 -0.101327 -0.0269698 -0.0915956 -0.0367595    0.00667034    0.0183263 -0.000756058 -0.00153408 -0.00530873 -0.00583122 0.0578388 -0.238566  -9.80674 15.655
  175.751 -0.843329   168.682 0.326122 -1.57543 0.573594 -164.795 -3.51009  177.291 -0.102918 0.0207136 -0.101331 -0.0328487 -0.0975051 -0.0332916    0.00678347    0.0182427 -0.000808757 -0.00153588 -0.00531229 -0.00578599 0.0578392 -0.238569  -9.80664 15.6569
  176.029 -0.731405   168.698 0.324883 -1.57386 0.575535 -164.732 -3.51691  177.283  -0.10292 0.0206883 -0.101343 -0.0305252 -0.0842219  0.0246117    0.00664454    0.0182483 -0.000794615 -0.00154535 -0.00534586 -0.00575231 0.0578489  -0.23854  -9.80657 15.6597
  176.053 -0.734715   168.716 0.324635 -1.57022 0.576564 -164.697 -3.52358  177.279 -0.102923 0.0206736  -0.10135 -0.0324584 -0.0518595  0.0313407    0.00665163    0.0182334 -0.000790002 -0.00155251 -0.00536408 -0.00574225  0.057851 -0.238522  -9.80655 15.6635
  175.911 -0.708581   168.796 0.323826 -1.57221 0.577593 -164.696    -3.52  177.278 -0.102925 0.0206749 -0.101352 -0.0378159 -0.0720476  0.0102109    0.00668158     0.018233 -0.000767432  -0.0015502 -0.00536535  -0.0057361 0.0578552 -0.238523  -9.80654 15.6659
  175.903 -0.709572   168.856 0.324531 -1.57244 0.578178 -164.697 -3.51372  177.277 -0.102926 0.0206767 -0.101357 -0.0321515 -0.0741755  0.0150222    0.00668163    0.0182328 -0.000749637 -0.00154597 -0.00536565 -0.00572592 0.0578616 -0.238525  -9.80652 15.6668
  175.929 -0.680914   168.817 0.323676  -1.5749  0.57798 -164.701 -3.51314  177.278 -0.102925  0.020677 -0.101356  -0.0381818  -0.0947706 -0.00300432    0.00666147    0.0182462 -0.000773497 -0.00154508 -0.00536373 -0.00573175 0.0578614 -0.238526  -9.80653 15.6695
 176.088 -0.77569  168.774 0.324028 -1.57199 0.580069  -164.63 -3.50498  177.267 -0.102932 0.0206642 -0.101381 -0.0253708 -0.0527193 0.00535815    0.00658934    0.0181447 -0.000769162 -0.00154222 -0.00539804 -0.00570819 0.0578903 -0.238505  -9.80648 15.6731
  176.079 -0.819599   168.752 0.325193 -1.56981 0.581489 -164.598 -3.49536  177.262 -0.102932 0.0206595 -0.101396 -0.0124018 -0.0346299  0.0145178   0.00662579   0.0180193 -0.00083438 -0.00153701 -0.00541433 -0.00569369 0.0579092 -0.238497  -9.80646 15.6759
  176.017 -0.769199   168.724 0.325363 -1.57039 0.582574 -164.598 -3.49225  177.262 -0.102931 0.0206609 -0.101395 -0.0118925 -0.0458547  0.0195955   0.00701176   0.0182336 -0.00100127  -0.0015353 -0.00541512 -0.00567879 0.0579127   -0.2385  -9.80643 15.6772
  176.142 -0.663265   168.734 0.325149 -1.57141 0.582184 -164.602 -3.49259  177.262 -0.102929 0.0206635 -0.101397 -0.0147173 -0.0573923  0.0122763     0.0060287    0.0189875 -0.000839773 -0.00153474 -0.00541281 -0.00568874 0.0579115   -0.2385  -9.80645 15.6783
  176.022 -0.672236   168.745  0.32514 -1.57177 0.581275 -164.598 -3.49175  177.262 -0.102926 0.0206598 -0.101402 -0.0164315  -0.056311 -0.0124566    0.00696547    0.0188237 -0.000735164 -0.00153318 -0.00541472 -0.00570671 0.0579147 -0.238497  -9.80649 15.6792
  176.112 -0.689149   168.727 0.324957 -1.57081 0.581279 -164.572 -3.49184  177.258 -0.102927 0.0206405 -0.101408 -0.0221869 -0.0487924 -0.0294833    0.00688697    0.0187758 -0.000724613 -0.00153409 -0.00542691 -0.00570303 0.0579222 -0.238488  -9.80648 15.6802
  176.356 -0.710559   168.724 0.324126 -1.56753 0.581928 -164.522 -3.49799  177.252 -0.102931 0.0205979  -0.10143 -0.0272532 -0.0327188 -0.0149328    0.00667143    0.0186992 -0.000657437 -0.00154084 -0.00545121 -0.00568768 0.0579301  -0.23847  -9.80645 15.6837
  176.159 -0.783309   168.625 0.324599 -1.56814 0.581779 -164.521  -3.4906   177.25 -0.102927 0.0206012 -0.101434 -0.0227563 -0.0416491 -0.0200744    0.00727096    0.0184876 -0.000976288 -0.00153515 -0.00545233 -0.00568623 0.0579391 -0.238471  -9.80645 15.6844
  176.227 -0.680526   168.646 0.324782 -1.56912 0.581172 -164.525 -3.48633  177.251 -0.102923 0.0206057 -0.101437 -0.0214232 -0.0531206 -0.0266468    0.00679875    0.0191173 -0.000806802 -0.00153137 -0.00545075   -0.005692 0.0579431 -0.238473  -9.80646 15.6856
  176.238 -0.721613   168.614 0.324785 -1.56956  0.58134 -164.522 -3.48391   177.25 -0.102921 0.0206046 -0.101436  -0.023541 -0.0548642 -0.0386682   0.00670998   0.0187806 -0.00101735 -0.00153023 -0.00545242  -0.0056819 0.0579461 -0.238473  -9.80644 15.6861
  176.246 -0.735402   168.593 0.325017 -1.56922  0.58175 -164.519 -3.48223  177.249 -0.102919  0.020602 -0.101436 -0.0216435 -0.0520594 -0.0353638   0.00666539   0.0186985 -0.00115549 -0.00152939 -0.00545452 -0.00567521  0.057949 -0.238473  -9.80643 15.6867
 176.398 -0.68197  168.648 0.324346 -1.56982 0.579193 -164.483 -3.47567  177.243 -0.102922 0.0206072  -0.10145 -0.0265937 -0.0531791 -0.0730145  0.00665311  0.0187067 -0.0010915 -0.00152649 -0.00547345 -0.00565324 0.0579667 -0.238461  -9.80638 15.6894
  176.422 -0.712265   168.653 0.325233 -1.56811 0.580034 -164.465 -3.47009   177.24 -0.102923 0.0206106 -0.101459 -0.0196526 -0.0394374 -0.0673278  0.00666412  0.0187073 -0.0010621 -0.00152331 -0.00548336   -0.005643 0.0579782 -0.238456  -9.80636 15.6915
 176.263 -0.62854   168.66 0.324426 -1.57016 0.577775 -164.474 -3.47105  177.242 -0.102922 0.0206101 -0.101459 -0.0272959  -0.058005 -0.0850372   0.00672629   0.0187238 -0.00106392 -0.00152359 -0.00547823 -0.00564633 0.0579742  -0.23846  -9.80637 15.6946
  176.238 -0.643754   168.661 0.324279 -1.57106 0.577315 -164.483 -3.47129  177.243 -0.102921 0.0206098 -0.101459 -0.0287126 -0.0664844 -0.0886009   0.00673192   0.0187135 -0.00107246 -0.00152317 -0.00547325 -0.00565229 0.0579712 -0.238463  -9.80638 15.6957
  176.223 -0.654278   168.659 0.324178 -1.57184 0.576856 -164.491 -3.47133  177.244  -0.10292 0.0206096 -0.101458 -0.0296927 -0.0737243 -0.0922682   0.00673448    0.018705 -0.00108098 -0.00152257 -0.00546902 -0.00565865  0.057969 -0.238466   -9.8064 15.6966
  176.377 -0.886095   168.735 0.323241  -1.5708 0.569721 -164.436 -3.45985  177.234 -0.102922 0.0206248 -0.101487 -0.0419085 -0.0270293  -0.176237    0.0067138   0.0186628 -0.00103582 -0.00151805  -0.0055036 -0.00560222 0.0579998  -0.23844  -9.80628 15.7038
  176.289 -0.910771   168.721 0.323944 -1.57056 0.567804 -164.429 -3.45154  177.232 -0.102925 0.0206289 -0.101495 -0.0330298  -0.032656  -0.174603   0.00675475   0.0186568 -0.00103734 -0.00151182 -0.00550843 -0.00559501 0.0580124 -0.238438  -9.80627 15.7059
  176.241 -0.835601   168.691 0.323712 -1.57228 0.568034 -164.439 -3.44878  177.233 -0.102922   0.02063 -0.101511 -0.0339347 -0.0550831  -0.155217   0.00680838    0.018759 -0.00108548 -0.00151126   -0.005504 -0.00555914 0.0580109 -0.238448   -9.8062 15.7076
 176.222 -0.78971  168.669  0.32455   -1.574 0.567794 -164.446 -3.43894  177.232 -0.102926 0.0206354 -0.101525 -0.0235056 -0.0744572  -0.136542  0.00683533  0.0188006 -0.0011243 -0.00150434 -0.00550188 -0.00553413 0.0580201 -0.238456  -9.80615 15.7096
  176.229 -0.820551   168.747 0.324457 -1.57277 0.567122 -164.426 -3.43903  177.229  -0.10293 0.0206391 -0.101526 -0.0228763 -0.0615224  -0.124775    0.00684467    0.0185538 -0.000841074 -0.00150645 -0.00551351  -0.0055156 0.0580248 -0.238446  -9.80611 15.711
176.477 -1.0087 168.653 0.324224 -1.57038 0.563569 -164.389 -3.43687  177.222 -0.102918 0.0206175  -0.10154 -0.0255695 -0.0180292  -0.145809   0.00671165   0.0184083 -0.00090356 -0.00150829 -0.00554188 -0.00548162 0.0580404 -0.238414  -9.80604 15.7153
   176.6 -1.08736  168.691 0.324184 -1.56876 0.563154 -164.376 -3.43617  177.219 -0.102912 0.0206065 -0.101545  -0.0244315 -0.00482647   -0.136618    0.00657212    0.0182865 -0.000874307 -0.00150971 -0.00555173 -0.00546215 0.0580445 -0.238403    -9.806 15.7169
 176.257 -0.98239  168.585 0.325309 -1.56947 0.564821 -164.379 -3.42618  177.218 -0.102907 0.0206213  -0.10154 -0.00867553  -0.0252413  -0.0854947   0.00712825   0.0183805 -0.00102497 -0.00150398 -0.00555242 -0.00541992 0.0580544  -0.23841  -9.80592 15.7191
  176.159 -0.915147   168.543 0.325565  -1.5701 0.565216  -164.38 -3.42334  177.218 -0.102911 0.0206304 -0.101537 -0.00296851  -0.0442567  -0.0508319   0.00731805   0.0184539 -0.00110129 -0.00150291 -0.00555228 -0.00540289 0.0580561 -0.238412  -9.80588 15.7199
 176.582 -1.07274  168.518 0.325611 -1.56841 0.566773 -164.364 -3.42425  177.215 -0.102899 0.0206085 -0.101538 -0.00332821  -0.0322816  -0.0255797   0.00684864    0.018242 -0.00116806 -0.00150686 -0.00556521 -0.00537562 0.0580583 -0.238398  -9.80583 15.7222
  176.498 -0.882832   168.679 0.325236   -1.566 0.568005 -164.334 -3.42869   177.21 -0.102915 0.0205725 -0.101533 -0.00789262  -0.0231346 -0.00760962    0.00700025    0.0184109 -0.000873814 -0.00151455 -0.00558633 -0.00535094 0.0580598 -0.238373  -9.80578 15.7249
  176.532 -0.903709   168.689 0.326117 -1.56437  0.56918  -164.32 -3.42374  177.206 -0.102917 0.0205568 -0.101532 -0.00421431  -0.0107071  -0.0149639    0.00691963    0.0183071 -0.000888667   -0.001512 -0.00559706 -0.00533568 0.0580705 -0.238363  -9.80575 15.7271
  176.364 -0.892616   168.664 0.326881 -1.56497  0.57115 -164.323  -3.4171  177.206 -0.102918 0.0205665 -0.101518 -0.00144964   -0.025008 -0.00446099    0.00747878     0.018295 -0.000974532 -0.00150883 -0.00559716 -0.00530437 0.0580759 -0.238367  -9.80569 15.7293
 176.292 -0.82883  168.661 0.327279 -1.56591 0.572113 -164.326  -3.4133  177.206  -0.10292 0.0205761 -0.101512  -0.00125033   -0.0410991 -0.000500809    0.00769811    0.0184366 -0.000942312 -0.00150675 -0.00559555 -0.00528834 0.0580782 -0.238372  -9.80565 15.7307
  176.491 -0.896425   168.631 0.327556 -1.56487 0.573805 -164.314 -3.41207  177.204 -0.102923 0.0205625 -0.101505 -0.00249328  -0.0337659 0.000810047    0.00750636    0.0183294 -0.000996995  -0.0015082 -0.00560445 -0.00526472  0.058082 -0.238364  -9.80561 15.7327
  176.409 -0.888403   168.675 0.327155 -1.56358 0.575097 -164.284 -3.41561  177.199 -0.102933 0.0205385 -0.101496  -0.0112992  -0.0347304 -0.00717293    0.00762634    0.0182632 -0.000957929  -0.0015148  -0.0056237 -0.00523394 0.0580853 -0.238345  -9.80555 15.7346
  176.447 -0.959874   168.658 0.327937 -1.56337 0.573709 -164.273 -3.40875  177.196 -0.102928 0.0205322 -0.101507 -0.00755715  -0.0343913  -0.0296125   0.00750375   0.0180179 -0.00110082 -0.00150733  -0.0056297 -0.00526131 0.0580993 -0.238338   -9.8056 15.7362
  176.286 -0.840962   168.643 0.328151 -1.56437 0.574611  -164.28 -3.40457  177.197 -0.102931 0.0205428 -0.101502 -0.0110616 -0.0422808 -0.0396195   0.00774541   0.0181925 -0.00110421 -0.00150584 -0.00562711 -0.00523171 0.0581005 -0.238345  -9.80554 15.7375
   176.33 -0.683134   168.626 0.328705 -1.56594 0.574888 -164.291 -3.39646  177.197 -0.102935  0.020556 -0.101498 -0.0102758 -0.0531569 -0.0475343  0.00765889  0.0184819 -0.0010995 -0.00150031 -0.00562204 -0.00521114 0.0581057 -0.238354   -9.8055 15.7392
  176.289 -0.888717   168.702 0.328803 -1.56554 0.574366 -164.277 -3.39549  177.195 -0.102938 0.0205459 -0.101497  -0.010243 -0.0528514 -0.0491161   0.00773372   0.0181712 -0.00101701 -0.00150006 -0.00563024 -0.00521267 0.0581111 -0.238346  -9.80551 15.7399
  176.361 -0.874513    168.72 0.327208 -1.56628 0.573943 -164.247 -3.40849  177.192  -0.10295  0.020524 -0.101486 -0.0246199 -0.0693372 -0.0482816   0.00768553   0.0180825 -0.00100746 -0.00151536 -0.00564785 -0.00516081 0.0581018 -0.238329   -9.8054 15.7417
 176.506 -0.96249  168.689 0.327334 -1.56501 0.574241 -164.215 -3.40634  177.187  -0.10295 0.0205042 -0.101492 -0.0230374 -0.0636492  -0.043715   0.00715023   0.0175904 -0.00130341 -0.00151597 -0.00566643 -0.00514503 0.0581131 -0.238313  -9.80537 15.743
 176.547 -1.00739  168.686 0.327529 -1.56335 0.574794 -164.192 -3.40664  177.183  -0.10295 0.0204893 -0.101498 -0.0214745 -0.0519189 -0.0405263   0.00705566   0.0173775 -0.00139627 -0.00151762 -0.00567925 -0.00513818  0.058119 -0.238301  -9.80536 15.7448
  176.383 -0.906689    168.58 0.327534 -1.56572 0.574661 -164.205 -3.39784  177.184 -0.102951 0.0204996 -0.101499 -0.0209299 -0.0775231 -0.0340249   0.00714389   0.0174431 -0.00144057 -0.00151211 -0.00567355 -0.00510977 0.0581238 -0.238311   -9.8053 15.7471
  176.479 -0.919452   168.627 0.327213 -1.56589 0.574125 -164.189 -3.39992  177.182  -0.10295 0.0204929 -0.101501  -0.022308 -0.0814948 -0.0314059  0.00705026  0.0174142 -0.0013931 -0.00151377 -0.00568182 -0.00511775 0.0581265 -0.238302  -9.80532 15.7478
  176.463 -0.746196    168.61 0.326127 -1.56908 0.576368 -164.161 -3.40649  177.179 -0.102956 0.0204833 -0.101507 -0.0175746  -0.117854   0.048358   0.00711744   0.0174337 -0.00140425 -0.00152259 -0.00569634 -0.00506265 0.0581257 -0.238295  -9.80521 15.7518
 176.564 -0.92821  168.626 0.325725 -1.56706 0.577653 -164.098 -3.41584  177.173 -0.102955 0.0204614 -0.101514 -0.0202032 -0.0960382  0.0469509   0.00680067   0.0164573 -0.00155734 -0.00153173 -0.00572535 -0.00506071 0.0581325 -0.238271  -9.80521 15.7542
  176.527 -0.823987   168.589 0.326079  -1.5686  0.57892 -164.103 -3.40661  177.172 -0.102955 0.0204654 -0.101517 -0.0149353  -0.110088  0.0621373    0.0070092   0.0170942 -0.00172874 -0.00152588 -0.00572425 -0.00503963 0.0581404 -0.238277  -9.80517 15.7563
  176.516 -0.777897    168.58 0.326355 -1.56892 0.579401 -164.108 -3.40194  177.172 -0.102956 0.0204681 -0.101519 -0.0131364  -0.112928   0.065844   0.00706553   0.0173919 -0.00175378 -0.00152315 -0.00572261 -0.00502418 0.0581434 -0.238281  -9.80514 15.7569
  176.682 -0.813839   168.569 0.326579 -1.57067   0.5818  -164.08 -3.39616  177.168 -0.102954  0.020462  -0.10153 -0.0100958  -0.116573  0.0707444   0.00704615   0.0173519 -0.00178793 -0.00152061 -0.00573528 -0.00501307 0.0581554 -0.238275  -9.80512 15.7599
 176.88 -0.7483 168.542 0.326112 -1.57268 0.586944 -164.015 -3.40316  177.162 -0.102953 0.0204399 -0.101551 -0.0183518  -0.109328  0.0643628   0.00704904   0.0173298 -0.00182702 -0.00152825 -0.00576103 -0.00497803 0.0581651 -0.238267  -9.80505 15.7654
  176.783 -0.768765   168.571 0.325965 -1.57179 0.587507 -163.972 -3.40637  177.158 -0.102954 0.0204269 -0.101557  -0.017909 -0.0970012  0.0612803    0.0077453   0.0172897 -0.00168567 -0.00153051 -0.00577741 -0.00500024 0.0581728 -0.238257   -9.8051 15.7665
 176.749 -0.71246  168.548 0.325521 -1.57308 0.586722 -163.973 -3.40977  177.159 -0.102952 0.0204276 -0.101554 -0.0178601  -0.108576  0.0625724   0.00778684   0.0173485 -0.00170584 -0.00153068 -0.00577598 -0.00504234 0.0581703 -0.238253  -9.80518 15.7681
  176.865 -0.687798   168.502 0.325912 -1.57439 0.586839 -163.972 -3.40192  177.158 -0.102949 0.0204318 -0.101557 -0.0131602   -0.12019  0.0647186   0.00768249   0.0173862 -0.00173585 -0.00152502 -0.00577689 -0.00505938 0.0581771 -0.238252  -9.80522 15.7694
  176.772 -0.840471   168.574 0.325552 -1.57402 0.586464  -163.94 -3.40826  177.155 -0.102959 0.0204195 -0.101556 -0.0147722  -0.109824  0.0525669   0.00786606   0.0171412 -0.00165224  -0.0015282 -0.00578833 -0.00510004 0.0581796 -0.238242   -9.8053 15.7701
  176.852 -0.684326   168.551 0.327446 -1.57397  0.59216 -163.853 -3.38587  177.143 -0.102962 0.0203842 -0.101575 0.000353941  -0.0967823   0.0788496   0.00785868   0.0174181 -0.00164441 -0.00151927 -0.00582346 -0.00504488 0.0582162  -0.23824  -9.80521 15.7761
  176.745 -0.835061   168.595 0.328883 -1.57236 0.591333 -163.805 -3.37389  177.136 -0.102973 0.0203578 -0.101588  0.0103967 -0.0843867  0.0677632   0.00876155   0.0167312 -0.00144328 -0.00151103 -0.00584226 -0.00510863  0.058236 -0.238228  -9.80534 15.7784
 176.776 -0.80985  168.576 0.328954   -1.574 0.590251 -163.812 -3.37398  177.137 -0.102975 0.0203593 -0.101591 0.00932558 -0.0943532  0.0543882   0.00851807   0.0168153 -0.00153377 -0.00150872 -0.00583916 -0.00515704 0.0582348 -0.238224  -9.80544 15.7804
  177.008 -0.661491   168.643 0.328735 -1.57504 0.589572 -163.812 -3.37846  177.137 -0.102972 0.0203626 -0.101594 0.00560939 -0.0976711  0.0425386   0.00790667   0.0171653 -0.00125541 -0.00151006 -0.00583858 -0.00519085 0.0582314  -0.23822   -9.8055 15.7816
  176.64 -0.73564  168.639 0.329443 -1.57558 0.589143 -163.796 -3.37249  177.135 -0.102974 0.0203481 -0.101595 0.0122807 -0.102127 0.0539436   0.00828724    0.017081 -0.00124554 -0.00150531 -0.00584475 -0.00522701   0.05824 -0.238215  -9.80558 15.7826
  176.926 -0.767093   168.624 0.329904 -1.57733 0.592772 -163.748  -3.3769  177.131 -0.102979 0.0203335 -0.101604 0.00409914 -0.0974239  0.0373467   0.00821262   0.0170524 -0.00123227 -0.00151076  -0.0058624 -0.00518757 0.0582476 -0.238214   -9.8055 15.7867
  176.953 -0.806882   168.635 0.329919 -1.57548 0.593877  -163.72 -3.38013  177.128 -0.102981 0.0203241  -0.10161 0.00425198 -0.0850697  0.0441628   0.00822598   0.0170389 -0.00121256 -0.00151448 -0.00587248 -0.00516229 0.0582512 -0.238213  -9.80546 15.7888
  176.969 -0.830668   168.645 0.329864 -1.57414 0.594673   -163.7 -3.38338  177.127 -0.102982 0.0203168 -0.101614 0.00392937 -0.0760979  0.0490791   0.00823649   0.0170302 -0.00119797 -0.00151772 -0.00587966 -0.00514409 0.0582531 -0.238213  -9.80542 15.7904
  177.319 -0.483722   168.776 0.329491   -1.578 0.595994   -163.7 -3.39159  177.128 -0.102973 0.0203222 -0.101603 0.00104333   -0.10838  0.0581886   0.00815326   0.0170833 -0.00116939 -0.00152137 -0.00587833 -0.00517715 0.0582469 -0.238209  -9.80549 15.7945
   177.05 -0.619997   168.598 0.329384 -1.57733 0.595273 -163.661 -3.39734  177.126 -0.102968 0.0203263  -0.10159 0.00208226  -0.100017  0.0587889   0.00841526     0.01694 -0.00130128 -0.00152351 -0.00589196 -0.00523558 0.0582521 -0.238198  -9.80561 15.7955
  177.197 -0.728045   168.631  0.32876 -1.57709 0.598013  -163.59 -3.41251  177.122 -0.102967 0.0203291 -0.101595 -0.0135592 -0.0620249  0.0194447   0.00836416   0.0168724 -0.00126648 -0.00153423 -0.00591689 -0.00523324 0.0582572 -0.238188  -9.80561 15.7983
  177.215 -0.746268   168.643  0.32807 -1.57426   0.5981 -163.552 -3.42595   177.12 -0.102967  0.020329 -0.101594 -0.0188246 -0.0348346  0.0185311   0.00835834   0.0168604 -0.00125179 -0.00154309 -0.00592969 -0.00523727 0.0582557 -0.238182  -9.80562 15.8012
 177.167 -0.67694  168.744  0.32676 -1.57516   0.5953 -163.552 -3.43285  177.121 -0.102967 0.0203265 -0.101576 -0.0345763 -0.0331229 -0.0528106   0.00836591   0.0168641 -0.00121208 -0.00154502 -0.00592847 -0.00529729 0.0582507 -0.238176  -9.80574 15.8044
  177.137 -0.657991   168.785 0.326238 -1.57533 0.593804 -163.555 -3.43859  177.122 -0.102965 0.0203239 -0.101565 -0.0393612 -0.0342885 -0.0666486   0.00837287   0.0168641 -0.00120035 -0.00154714 -0.00592629 -0.00533059 0.0582456 -0.238173   -9.8058 15.806
  177.063 -0.598951    168.87 0.325169 -1.57357 0.591811 -163.524 -3.44331  177.119 -0.102976 0.0203218 -0.101558 -0.0414692   -0.01889 -0.0680751   0.00838882   0.0168722 -0.00115769 -0.00155057 -0.00593887 -0.00534313 0.0582492 -0.238163  -9.80583 15.8089
  177.275 -0.630844   168.721 0.323661 -1.57027 0.592777 -163.482 -3.44711  177.115 -0.102975 0.0203119 -0.101567  -0.0341601 -0.00784593  0.00424748   0.00825751    0.016806 -0.00124259 -0.00155631 -0.00595911 -0.00529876 0.0582562 -0.238152  -9.80575 15.8126
  177.013 -0.730718   168.649 0.324652 -1.56821 0.590816 -163.461 -3.43711  177.111 -0.102972 0.0203032 -0.101568 -0.0222021 0.00472838 -0.0165486   0.00843984   0.0167239 -0.00130057  -0.0015484 -0.00596893 -0.00533344 0.0582715 -0.238145  -9.80582 15.8157
  177.195 -0.728521    168.63 0.324897 -1.56815 0.589765  -163.46 -3.43315   177.11 -0.102971 0.0203041 -0.101571  -0.0192589 -0.00126165  -0.0250908   0.00805976   0.0167239 -0.00133176 -0.00154514  -0.0059694 -0.00534658 0.0582755 -0.238144  -9.80585 15.8167
  177.217 -0.743116   168.628 0.325419 -1.56797 0.589153 -163.458 -3.42938  177.109 -0.102971 0.0203049 -0.101574  -0.0145744 0.000776417  -0.0307325   0.00802226   0.0167034 -0.00133736 -0.00154221 -0.00597045 -0.00535624 0.0582795 -0.238144  -9.80587 15.8176
  177.067 -0.678175   168.737 0.325913 -1.56734 0.586582 -163.449 -3.42406  177.107  -0.10297 0.0202987 -0.101572 -0.00716133 -0.00882469  -0.0354843   0.00809588   0.0167069 -0.00129565  -0.0015375 -0.00597369 -0.00538815 0.0582864 -0.238141  -9.80593 15.8202
  177.187 -0.526792    168.66 0.326752 -1.56416 0.587925 -163.418 -3.41896  177.103 -0.102972 0.0202907 -0.101577  0.00267422 -0.00234111  0.00956646   0.00801603   0.0167154 -0.00132702 -0.00153689 -0.00598768 -0.00535002 0.0582968 -0.238137  -9.80586 15.8238
  177.145 -0.698046   168.634 0.327385 -1.56112 0.588377 -163.393  -3.4182    177.1 -0.102967 0.0202811 -0.101579 0.00980391     0.0107  0.0309459   0.00803627   0.0165962 -0.00134995 -0.00153689 -0.00599748 -0.00535316 0.0583027 -0.238133  -9.80587 15.8269
  177.139 -0.742951   168.662 0.328371 -1.56211 0.588957   -163.4 -3.41113    177.1 -0.102966 0.0202869 -0.101583  0.0188466 -0.0117108  0.0544689   0.00803014   0.0165417 -0.00132586 -0.00153266  -0.0059954 -0.00535112 0.0583061 -0.238135  -9.80587 15.8284
  177.136 -0.770226   168.667 0.329097 -1.56307 0.588854 -163.407 -3.40499    177.1 -0.102964  0.020292 -0.101586  0.0245724 -0.0197612  0.0539946   0.00803003     0.01652 -0.00131825 -0.00152889 -0.00599334 -0.00535134  0.058309 -0.238136  -9.80587 15.8297
   177.06 -0.768124   168.647 0.329422 -1.56456 0.589474 -163.413  -3.4064    177.1 -0.102966 0.0202923 -0.101585  0.0192008 -0.0419545  0.0476631   0.00805255   0.0165154 -0.00132659 -0.00152911 -0.00599097 -0.00536237  0.058307 -0.238135  -9.80589 15.8313
  177.273 -0.698904   168.604 0.329858 -1.56534 0.593223 -163.402 -3.40946    177.1 -0.102967 0.0202836 -0.101585 0.00913526 -0.0515548   0.044548   0.00792147   0.0165344 -0.00135387 -0.00153198 -0.00599481 -0.00533111 0.0583077 -0.238137  -9.80583 15.8352
    177.3 -0.755653   168.587 0.330617 -1.56194 0.594325 -163.364  -3.4095  177.096 -0.102963 0.0202639 -0.101596  0.0120088 -0.0224342  0.0393221  0.00782395  0.0162122 -0.0016725 -0.00153273 -0.00600717 -0.00533547 0.0583145 -0.238137  -9.80584 15.8388
  177.202 -0.788559   168.719 0.330598 -1.56194 0.593063 -163.361 -3.41084  177.096 -0.102966  0.020262 -0.101599  0.0106482 -0.0293931  0.0290332   0.00793359   0.0161413 -0.00155992 -0.00153276 -0.00600785 -0.00536388 0.0583138 -0.238135   -9.8059 15.8401
   177.41 -0.694916   168.763 0.331341 -1.56275 0.591501 -163.362 -3.40579  177.095  -0.10296 0.0202693 -0.101606  0.0184306 -0.0438034   0.032024   0.00778997   0.0161781 -0.00151496 -0.00152881 -0.00600731 -0.00539569 0.0583163 -0.238133  -9.80596 15.842
 177.427 -0.65948  168.791 0.331935 -1.56308 0.590417 -163.364  -3.4012  177.095 -0.102955 0.0202739 -0.101609  0.0233889 -0.0458048  0.0229017   0.00778824    0.016194 -0.00148912 -0.00152542 -0.00600695 -0.00541256 0.0583189 -0.238132    -9.806 15.8433
  177.382 -0.594391   168.572 0.331824 -1.56478 0.593185 -163.347 -3.41653  177.096 -0.102954 0.0202628 -0.101607 0.0147342 -0.067829 0.0674559   0.00779465   0.0161902 -0.00157806 -0.00153362 -0.00601137 -0.00541577 0.0583137 -0.238131    -9.806 15.8465
  177.325 -0.615175   168.614 0.332088 -1.56424  0.59298 -163.329 -3.41867  177.094 -0.102951 0.0202528 -0.101608  0.0128043 -0.0604066  0.0529414   0.00811173   0.0160976 -0.00136676 -0.00153426 -0.00601688 -0.00544262 0.0583154 -0.238128  -9.80606 15.8471
  177.327 -0.647092   168.598 0.332198  -1.5635  0.59227 -163.322 -3.41873  177.094 -0.102949 0.0202489 -0.101609  0.0139111 -0.0538838  0.0467319   0.00812002   0.0159889 -0.00149746 -0.00153402 -0.00601928 -0.00545619 0.0583166 -0.238127  -9.80609 15.8482
  177.524 -0.402046   168.531 0.332569 -1.56567 0.593094 -163.327 -3.41785  177.094 -0.102947 0.0202519 -0.101607  0.0131162 -0.0713728  0.0541494    0.0080396   0.0160659 -0.00151404 -0.00153317 -0.00601756 -0.00546469 0.0583161 -0.238126   -9.8061 15.8505
  177.276 -0.518948   168.531 0.332609 -1.56632 0.590188 -163.323 -3.41904  177.094  -0.10294 0.0202418 -0.101603  0.0113202 -0.0748182  0.0272598   0.00815031   0.0159496 -0.00149368 -0.00153164 -0.00601863 -0.00552771 0.0583162 -0.238121  -9.80623 15.8535
   177.27 -0.463194    168.63 0.333388  -1.5645 0.592687 -163.268 -3.42197  177.089  -0.10295 0.0202338 -0.101601  0.0134346 -0.0503612  0.0454331   0.00812178   0.0159444 -0.00143041   -0.001535 -0.00603605 -0.00551777 0.0583237 -0.238122  -9.80622 15.8567
  177.241 -0.739654   168.635 0.333826 -1.56376  0.59311 -163.249 -3.42242  177.088 -0.102959 0.0202289 -0.101597  0.0149196 -0.0472292  0.0461652   0.00811365   0.0157733 -0.00142686 -0.00153537 -0.00604222 -0.00553144 0.0583264  -0.23812  -9.80625 15.8576
  177.333 -0.654034    168.61 0.334294 -1.56449 0.591468 -163.248 -3.41963  177.087 -0.102965 0.0202298 -0.101595  0.0189457 -0.0565601  0.0366285   0.00799107   0.0158623 -0.00143548 -0.00153264 -0.00604239 -0.00557239 0.0583277 -0.238118  -9.80633 15.8595
  177.598 -0.499887   168.748 0.334531 -1.56519 0.591127 -163.248 -3.41935  177.087 -0.102964 0.0202338 -0.101595  0.0192298 -0.0602807  0.0308573   0.00768363   0.0160048 -0.00126757 -0.00153213 -0.00604223 -0.00558631 0.0583274 -0.238117  -9.80635 15.8603
  177.258 -0.578349   168.834 0.334025 -1.56435 0.589635  -163.23 -3.42809  177.087  -0.10298 0.0202215  -0.10159   0.0100327  -0.0468258 0.000104927   0.00793095   0.0159269 -0.00120981 -0.00153597 -0.00604694   -0.005624 0.0583252 -0.238113  -9.80643 15.8621
  177.275 -0.598441   168.704 0.332407 -1.56539 0.590835  -163.22 -3.44691  177.088 -0.102984 0.0202138 -0.101583 -0.00948365  -0.0590319   0.0199641   0.00791454   0.0159029 -0.00128005 -0.00154655  -0.0060491 -0.00561048 0.0583167 -0.238113   -9.8064 15.8644
  177.378 -0.634523   168.623 0.331875 -1.56186 0.592383 -163.175 -3.45529  177.085  -0.10298 0.0201876 -0.101588 -0.0125856 -0.0285186  0.0314501   0.00752777   0.0156365 -0.00176096 -0.00155255 -0.00606426 -0.00559805 0.0583203 -0.238111  -9.80638 15.8683
  177.393 -0.565312   168.695 0.331516 -1.56187 0.590806  -163.17 -3.45759  177.085 -0.102981 0.0201853 -0.101591 -0.0145665 -0.0324513  0.0180235   0.00751319   0.0156741 -0.00170256 -0.00155252 -0.00606522 -0.00563412 0.0583198 -0.238108  -9.80645 15.8699
  177.394 -0.572772   168.703 0.331453 -1.56184  0.58968  -163.17 -3.45821  177.085 -0.102981 0.0201851 -0.101592 -0.0148301 -0.0314962 0.00817754   0.00751597   0.0156641 -0.00169765 -0.00155215 -0.00606517 -0.00565391 0.0583196 -0.238107  -9.80649 15.871
   177.41 -0.591861    168.67 0.331096 -1.56263 0.589576 -163.168 -3.45729  177.084  -0.10298 0.0201851 -0.101593 -0.0205222 -0.0388853 -0.0111461   0.00751044   0.0156479 -0.00170872 -0.00155161  -0.0060659 -0.00565568 0.0583205 -0.238107   -9.8065 15.8719
  177.473 -0.574733   168.593 0.329584 -1.56307 0.588772 -163.159 -3.46337  177.084  -0.10298 0.0201792 -0.101593 -0.0314746 -0.0356514 -0.0367417    0.0074639   0.0156223 -0.00174904 -0.00155555 -0.00606943 -0.00565052 0.0583184 -0.238105  -9.80649 15.8737
  177.488 -0.635474   168.564 0.329248 -1.56206  0.58804 -163.139 -3.46207  177.081 -0.102976 0.0201703 -0.101597  -0.029167 -0.0319971 -0.0321085   0.00738871    0.015208 -0.00201024 -0.00155512 -0.00607795 -0.00565179 0.0583238   -0.2381  -9.80649 15.8749
  177.496 -0.643627    168.56 0.329468 -1.56108 0.588049 -163.129 -3.46145   177.08 -0.102974 0.0201659 -0.101599 -0.0273184 -0.0237168 -0.0326871    0.0073733   0.0151838 -0.00206976 -0.00155487 -0.00608211 -0.00565369 0.0583264 -0.238098   -9.8065 15.876
  177.716 -0.477585   168.578 0.329379 -1.56236 0.587992 -163.135 -3.45617   177.08 -0.102975 0.0201686 -0.101596 -0.0205905 -0.0395632 -0.0103735   0.00723071   0.0152623 -0.00204477 -0.00155196 -0.00608011 -0.00564483 0.0583288   -0.2381  -9.80648 15.8772
  177.417 -0.588694   168.591 0.329052 -1.56314 0.587544 -163.137 -3.45591   177.08 -0.102974 0.0201696 -0.101597  -0.024296 -0.0434688 -0.0241151   0.00741261   0.0151808 -0.00204031 -0.00155157 -0.00607927 -0.00564798 0.0583287 -0.238101  -9.80649 15.8782
  177.651 -0.416013   168.624 0.329383 -1.56172 0.586907 -163.098 -3.44627  177.074 -0.102976 0.0201566 -0.101608 -0.0207777 -0.0354573 -0.0292658   0.00725324   0.0153113 -0.00199326 -0.00154663 -0.00609849 -0.00564318 0.0583452  -0.23809  -9.80648 15.8798
 177.472 -0.65789  168.682  0.32974 -1.56088 0.586155 -163.078 -3.44064   177.07 -0.102979 0.0201491 -0.101611 -0.0164096 -0.0312338 -0.0311676  0.00806599  0.0143225 -0.0017862 -0.00154356 -0.00610777 -0.00565143 0.0583534 -0.238084   -9.8065 15.881
  177.464 -0.723954   168.705 0.329968 -1.55995   0.5864 -163.068 -3.43959  177.069  -0.10298 0.0201448 -0.101611   -0.01441 -0.0239715 -0.0296784   0.00813417   0.0140623 -0.00170869 -0.00154342 -0.00611264  -0.0056485 0.0583561 -0.238081   -9.8065 15.882
  177.461 -0.749863   168.719 0.330151 -1.55938  0.58662 -163.062 -3.43896  177.068 -0.102981 0.0201422 -0.101612 -0.0129148  -0.019542 -0.0282529  0.00816527  0.0139608 -0.0016588 -0.00154309 -0.00611568 -0.00564541 0.0583583 -0.238079  -9.80649 15.8826
  177.477 -0.727688   168.773 0.329136 -1.55981 0.584253 -163.055 -3.44398  177.068 -0.102987 0.0201404 -0.101606 -0.0204623 -0.0300923 -0.0415473   0.00814431   0.0139413 -0.00163496 -0.00154536 -0.00611804  -0.0056702 0.0583563 -0.238076  -9.80654 15.8852
  177.526 -0.679072   168.733  0.32877 -1.56145 0.584192 -163.052 -3.44078  177.067 -0.102987 0.0201412 -0.101608 -0.0107642 -0.0602895  0.0172312   0.00810054   0.0139386 -0.00165051 -0.00154392 -0.00611997 -0.00566032 0.0583592 -0.238075  -9.80652 15.8869
  177.596 -0.642852   168.686 0.328765 -1.56136 0.584686 -163.031 -3.43941  177.065 -0.102986   0.02014 -0.101613 -0.0120667 -0.0555542  0.0134087   0.00800255    0.013935 -0.00172963 -0.00154366 -0.00612936 -0.00566041 0.0583646  -0.23807  -9.80653 15.8874
  177.561 -0.665945   168.698 0.328629 -1.56213 0.584957 -163.032 -3.43873  177.065 -0.102986 0.0201403 -0.101613   -0.017428  -0.0557764 -0.00606096   0.00809726   0.0138789 -0.00168295 -0.00154351 -0.00612912 -0.00565505 0.0583647  -0.23807  -9.80652 15.8882
  177.55 -0.67417  168.702 0.328632 -1.56216 0.585133 -163.032 -3.43873  177.065 -0.102986 0.0201404 -0.101614 -0.0174721 -0.0561509 -0.0045574   0.00812415   0.0138589 -0.00167372 -0.00154367 -0.00612901 -0.00565109 0.0583645  -0.23807  -9.80651 15.8884
  177.544 -0.677996   168.703 0.328623  -1.5622 0.585248 -163.032 -3.43879  177.065 -0.102986 0.0201405 -0.101614  -0.0175942  -0.0565676 -0.00356523   0.00813672   0.0138493 -0.00167037 -0.00154381 -0.00612882 -0.00564846 0.0583643 -0.238071   -9.8065 15.8885
  177.665 -0.630389    168.62 0.327442 -1.56456 0.584035 -163.018 -3.43709  177.063 -0.102986 0.0201431 -0.101622 -0.0252974 -0.0517202 -0.0441351  0.00810346  0.0138516 -0.0016854 -0.00154402 -0.00613532 -0.00562794 0.0583681 -0.238068  -9.80647 15.8914
  177.752 -0.651304   168.581 0.326773  -1.5625 0.583722 -162.981 -3.44103   177.06 -0.102977 0.0201433 -0.101633 -0.0317668 -0.0244549 -0.0595875  0.00807322  0.0138394 -0.0016993 -0.00154823 -0.00615224 -0.00560951 0.0583729 -0.238058  -9.80644 15.8936
  177.649 -0.806321   168.599 0.325985 -1.56282 0.583237 -162.981 -3.44484   177.06 -0.102976  0.020142 -0.101632 -0.0362197 -0.0344061 -0.0516126   0.00813595   0.0137166 -0.00169421 -0.00155086 -0.00615202 -0.00560499 0.0583697 -0.238058  -9.80643 15.8946
  177.625 -0.814303   168.607 0.325756 -1.56311 0.583543 -162.984 -3.44667  177.061 -0.102975 0.0201414 -0.101632 -0.0386007 -0.0375201 -0.0484277   0.00815139   0.0137108 -0.00168986 -0.00155224 -0.00615054 -0.00559877 0.0583675 -0.238058  -9.80642 15.8951
  177.523 -0.643699   168.536 0.325175 -1.56529 0.583712 -162.994 -3.44108  177.061 -0.102986 0.0201499 -0.101638 -0.0358809 -0.0624915 -0.0297441   0.00819404   0.0137752 -0.00172467 -0.00154988 -0.00614704 -0.00557231 0.0583688 -0.238062  -9.80636 15.8973
  177.958 -0.432606   168.514  0.32512 -1.56451 0.583972 -162.971 -3.43704  177.058 -0.102981 0.0201454 -0.101655 -0.0287288 -0.0469075 -0.0188761   0.00795767   0.0138661 -0.00172851 -0.00154838  -0.0061589 -0.00555917 0.0583772 -0.238055  -9.80634 15.8982
   177.73 -0.757062   168.531 0.325356  -1.5655 0.582182 -162.961 -3.42669  177.055  -0.10298  0.020146 -0.101661  -0.023602 -0.0408774 -0.0568058    0.0080679   0.0136793 -0.00172188 -0.00154114 -0.00616396 -0.00556989 0.0583883 -0.238053  -9.80637 15.9002
  177.695 -0.858058   168.603 0.325294 -1.56669 0.581854 -162.966 -3.42375  177.055 -0.102976 0.0201488 -0.101662 -0.0241159 -0.0529157 -0.0588082   0.00809446   0.0135855 -0.00166837 -0.00153959 -0.00616208 -0.00556094 0.0583894 -0.238055  -9.80635 15.9015
 177.712 -0.63902  168.535 0.325399 -1.56841 0.581225 -162.974 -3.41931  177.056 -0.102978 0.0201537 -0.101662 -0.0229176 -0.0687209 -0.0622157   0.00806201   0.0138592 -0.00173941 -0.00153645 -0.00615824 -0.00555803 0.0583913 -0.238059  -9.80634 15.9033
  177.646 -0.690285   168.488 0.325352 -1.57011 0.580045 -162.981 -3.41627  177.056 -0.102978 0.0201579 -0.101664 -0.0251632 -0.0752132 -0.0835004   0.00810669   0.0138261 -0.00177117   -0.001534 -0.00615508 -0.00556094 0.0583926 -0.238062  -9.80635 15.9054
   177.68 -0.685661   168.612 0.326017 -1.56749 0.579008 -162.931 -3.40983  177.048 -0.102988  0.020136 -0.101663 -0.0156081 -0.0483866 -0.0688684   0.00807598   0.0137951 -0.00170153 -0.00153258 -0.00618266 -0.00553933 0.0584091  -0.23804  -9.80631 15.9083
  177.651 -0.687966   168.584 0.325658 -1.56573 0.579795 -162.908  -3.4122  177.045 -0.102994 0.0201252 -0.101656 -0.0173707 -0.0382865 -0.0478061  0.00808161   0.013771 -0.0017314 -0.00153729 -0.00619611 -0.00550495  0.058411 -0.238029  -9.80625 15.9102
  177.634 -0.675902   168.587  0.32569 -1.56411 0.581228 -162.895 -3.41326  177.043 -0.102997 0.0201201 -0.101652 -0.0171832  -0.026086 -0.0370284   0.00809565   0.0137765 -0.00173136 -0.00153989  -0.0062033 -0.00548389 0.0584119 -0.238023  -9.80621 15.9124
   177.71 -0.514114   168.543 0.325831 -1.56596 0.581086 -162.902   -3.408  177.043 -0.102997 0.0201246  -0.10165 -0.00762032  -0.0582811   0.0121645   0.00804636   0.0138336 -0.00174207 -0.00153641  -0.0062002 -0.00547893 0.0584147 -0.238026   -9.8062 15.9142
  177.645 -0.687191   168.444 0.326362 -1.56718 0.581967 -162.905 -3.40219  177.043 -0.102995 0.0201301 -0.101651 -0.0013981 -0.0732965  0.0339073   0.00811355   0.0136522 -0.00182607 -0.00153305 -0.00619957 -0.00546761 0.0584187 -0.238028  -9.80618 15.9158
  177.866 -0.643804   168.616  0.32718 -1.56917 0.584608 -162.889 -3.39584   177.04 -0.102996 0.0201215 -0.101656  0.0034978 -0.0810785  0.0480831   0.00773377   0.0136452 -0.00154729 -0.00153037   -0.006207 -0.00545684 0.0584255 -0.238025  -9.80616 15.9192
  178.049 -0.781019   168.584 0.327473 -1.56638  0.58689 -162.838 -3.39916  177.035 -0.103001 0.0200942 -0.101678 0.00468491 -0.0606911  0.0634755   0.00761132   0.0135534 -0.00155795 -0.00153441 -0.00622823 -0.00544367 0.0584325 -0.238016  -9.80615 15.9229
  178.078 -0.803805   168.596   0.3274  -1.5635 0.587345 -162.807 -3.40327  177.032 -0.103007 0.0200782 -0.101692 0.00470934 -0.0384007  0.0657669   0.00759409   0.0135372 -0.00154155 -0.00153801 -0.00624069 -0.00544084 0.0584349  -0.23801  -9.80615 15.9258
 178.098 -0.81171  168.606 0.327338 -1.56155 0.587601 -162.786 -3.40614   177.03 -0.103012 0.0200676 -0.101702 0.00464087  -0.023338  0.0669361   0.00758228   0.0135316 -0.00152868 -0.00154051 -0.00624905 -0.00543992 0.0584364 -0.238006  -9.80615 15.9278
  177.806 -0.741658   168.514 0.327974 -1.56275 0.590122 -162.784 -3.40034  177.029 -0.103012 0.0200692 -0.101703 0.00628269  -0.038792  0.0676921    0.0076621    0.013543 -0.00155178 -0.00153726 -0.00625004 -0.00544426   0.05844 -0.238006  -9.80616 15.9306
  177.944 -0.604719    168.55 0.329655 -1.56318 0.593095 -162.768 -3.38345  177.026 -0.103014 0.0200729 -0.101705  0.0158722 -0.0373549  0.0668154   0.00757969   0.0135822 -0.00152474 -0.00152946 -0.00625706 -0.00543054 0.0584515 -0.238007  -9.80614 15.9341
  177.925 -0.583187   168.533 0.330209 -1.56259 0.595066 -162.745 -3.38407  177.024 -0.103014 0.0200667 -0.101705  0.0149015 -0.0345716  0.0702866   0.00762687   0.0136033 -0.00157128 -0.00153041 -0.00626505 -0.00542967  0.058455 -0.238005  -9.80614 15.9362
  177.929 -0.585091   168.548 0.330335 -1.56138 0.595017  -162.73 -3.38435  177.022 -0.103014 0.0200625 -0.101705  0.0162857 -0.0238878  0.0694888   0.00764109   0.0136015 -0.00154693 -0.00153085 -0.00627058 -0.00543251 0.0584574 -0.238004  -9.80615 15.9374
   177.93 -0.588536   168.561 0.330424 -1.56049 0.594879 -162.719 -3.38461  177.021 -0.103014 0.0200593 -0.101705  0.0172986 -0.0160632  0.0680819   0.00765632   0.0135971 -0.00152609 -0.00153105  -0.0062746 -0.00543673 0.0584593 -0.238003  -9.80616 15.9383
  177.758 -0.572516   168.709 0.330628 -1.56123  0.59687 -162.717 -3.38909  177.022 -0.103013 0.0200571 -0.101702 0.00901638 -0.0289789  0.0622696   0.00769406   0.0135959 -0.00149098 -0.00153292 -0.00627468 -0.00545015 0.0584572 -0.238002  -9.80618 15.9404
  178.011 -0.487292    168.65 0.330252 -1.55995 0.598674 -162.692 -3.39845  177.021 -0.103016 0.0200572 -0.101706 -0.00126806  -0.0130359   0.0435505   0.00751543   0.0136296 -0.00152852 -0.00153886 -0.00628319 -0.00544148 0.0584562 -0.237999  -9.80617 15.9427
  177.803 -0.615692   168.613  0.33026 -1.56068 0.599026 -162.692 -3.39762   177.02 -0.103017 0.0200551 -0.101707 0.000183228  -0.0281137   0.0479213   0.00769644    0.013443 -0.00156079 -0.00153716  -0.0062831 -0.00546887 0.0584571 -0.237998  -9.80622 15.9435
  177.842 -0.855905   168.479 0.331583  -1.5618 0.596338 -162.697 -3.38261  177.019 -0.103035 0.0200603 -0.101718 0.0160277 -0.042025 0.0400314   0.00765445    0.013207 -0.00167131 -0.00152591 -0.00628135 -0.00553605  0.058465 -0.237998  -9.80635 15.9467
  178.177 -0.636724   168.427 0.332169 -1.56242 0.595358 -162.697 -3.37861  177.018 -0.103031  0.020071 -0.101723  0.0230186 -0.0503749  0.0474397   0.00730583   0.0133969 -0.00171647 -0.00152229 -0.00628112 -0.00556661 0.0584676 -0.237998  -9.80641 15.948
  177.989 -0.678655   168.549 0.332081 -1.56224 0.593665 -162.687 -3.38437  177.018 -0.103032 0.0200676 -0.101726  0.0214329 -0.0487888  0.0387987   0.00748894   0.0133221 -0.00159232 -0.00152348 -0.00628354 -0.00561527 0.0584663 -0.237996   -9.8065 15.9497
  177.912 -0.816797   168.637 0.331289 -1.56284 0.593738 -162.679 -3.39894  177.019 -0.103042 0.0200603 -0.101723 0.00914407 -0.0519297  0.0291174   0.00798704   0.0123135 -0.00105739 -0.00153111 -0.00628497 -0.00563573 0.0584585 -0.237994  -9.80654 15.9507
  178.013 -0.722244   168.591 0.331084 -1.56151 0.594676 -162.643 -3.40682  177.017 -0.103045 0.0200431 -0.101727 -0.00691943  -0.0320946  -0.0140981   0.00792662   0.0123711 -0.00107388 -0.00153615 -0.00629683 -0.00563082 0.0584602 -0.237992  -9.80653 15.9523
  177.892 -0.738658   168.666 0.330158 -1.56156 0.592512 -162.64 -3.4157 177.017 -0.103049 0.0200364 -0.101728 -0.0188225 -0.0291988 -0.0505604    0.00809581    0.0123647 -0.000952421 -0.00153924 -0.00629697  -0.0056697 0.0584562 -0.237991  -9.80661 15.9547
   178.16 -0.590227   168.649 0.330346 -1.56225 0.590729 -162.641 -3.41102  177.017 -0.103043 0.0200426  -0.10173 -0.0191076 -0.0356942 -0.0695785   0.00787577   0.0124872 -0.00095238 -0.00153572 -0.00629614  -0.0056936 0.0584584 -0.237991  -9.80665 15.9566
  177.951 -0.633296   168.619 0.329882 -1.56298 0.588809 -162.643 -3.41307  177.017 -0.103041 0.0200417 -0.101731 -0.0220934 -0.0445116 -0.0772318    0.00801976     0.012461 -0.000975037 -0.00153574 -0.00629507 -0.00571477 0.0584574 -0.237991  -9.80669 15.9587
  178.141 -0.632237   168.541 0.329552 -1.56294 0.587311 -162.628 -3.41208  177.015 -0.103038  0.020035 -0.101736 -0.0233115 -0.0427647 -0.0836225   0.00777851   0.0124472 -0.00106632 -0.00153588  -0.0063013 -0.00570608 0.0584607 -0.237989  -9.80668 15.9603
  178.135 -0.664362   168.541 0.328886 -1.56341 0.584084  -162.61 -3.41086  177.013 -0.103037 0.0200275  -0.10174  -0.030142 -0.0404768  -0.111521   0.00778067   0.0123435 -0.00106591 -0.00153544 -0.00630898 -0.00570841 0.0584649 -0.237985  -9.80668 15.9636
  178.004 -0.780024   168.445 0.329201 -1.56418  0.58376 -162.612 -3.40199  177.012 -0.103032 0.0200333 -0.101741 -0.0270356 -0.0479424  -0.105556   0.00785663   0.0122651 -0.00112555 -0.00153169 -0.00630912 -0.00567901 0.0584697 -0.237987  -9.80663 15.9645
  178.071 -0.694289   168.508 0.328966 -1.56529  0.58204 -162.618 -3.40068  177.013 -0.103032 0.0200359 -0.101742 -0.0242935 -0.0589335 -0.0951238   0.00780252   0.0122996 -0.00107712    -0.00153 -0.00630616 -0.00569343 0.0584697 -0.237989  -9.80666 15.9665
 178.081 -0.67461  168.537 0.328941 -1.56568 0.581635 -162.623 -3.40036  177.013 -0.103032 0.0200377 -0.101742 -0.0244541 -0.0615759 -0.0978447     0.007795   0.0123116 -0.00105684 -0.00152928 -0.00630394 -0.00570234 0.0584691  -0.23799  -9.80667 15.9671
  178.225 -0.777422   168.633 0.328652 -1.56511 0.578831 -162.582 -3.39644  177.007 -0.103038 0.0200286 -0.101751 -0.0254486 -0.0490029   -0.10988    0.00769894    0.0122246 -0.000985805  -0.0015291 -0.00632352 -0.00568247 0.0584793 -0.237978  -9.80664 15.97
   178.17 -0.701015   168.619 0.328102 -1.56701 0.575596 -162.578 -3.39127  177.006 -0.103037 0.0200277 -0.101752 -0.0227255 -0.0676988 -0.0883036   0.00785379   0.0123274 -0.00103506 -0.00152695 -0.00632624 -0.00565957 0.0584837 -0.237978   -9.8066 15.9738
   178.12 -0.674368   168.634 0.327074 -1.56822 0.574977 -162.583  -3.3992  177.008 -0.103039 0.0200281  -0.10175 -0.0286612 -0.0747147 -0.0824039    0.00801955    0.0123095 -0.000932179  -0.0015328 -0.00632341 -0.00564254 0.0584761 -0.237979  -9.80657 15.9755
  178.068 -0.615889   168.604 0.326827 -1.57005 0.575192 -162.597 -3.39592   177.01 -0.103042 0.0200345 -0.101751 -0.0314593 -0.0847368 -0.0833159   0.00821087   0.0125261 -0.00103276 -0.00153219 -0.00631773 -0.00560697  0.058475 -0.237983   -9.8065 15.9773
  178.028 -0.665236   168.613 0.326407 -1.57137 0.574636   -162.6 -3.39534   177.01 -0.103042 0.0200378 -0.101751 -0.0327409 -0.0944311 -0.0780262   0.00832297   0.0122646 -0.00100356 -0.00153279  -0.0063169 -0.00559171 0.0584742 -0.237984  -9.80647 15.9788
  178.163 -0.644186   168.595 0.325845 -1.57083 0.574563  -162.55 -3.39742  177.004 -0.103045 0.0200214 -0.101754  -0.030069 -0.0839398 -0.0498384   0.00817268   0.0122555 -0.00103193 -0.00153744 -0.00634027 -0.00555659 0.0584814 -0.237969  -9.80641 15.9796
  178.233 -0.812585   168.606 0.325214 -1.57086 0.574017 -162.503 -3.39783  176.998 -0.103045 0.0200079  -0.10176 -0.0270774 -0.0788358 -0.0283199   0.00811317   0.0120583 -0.00102268 -0.00154009 -0.00636203 -0.00553871 0.0584895 -0.237956  -9.80639 15.9804
  178.119 -0.800363   168.661 0.324576 -1.57191 0.574697 -162.501 -3.40167  176.999 -0.103042 0.0200071 -0.101758 -0.0254942 -0.0892199  0.0014891    0.00819599    0.0120463 -0.000980157   -0.001544 -0.00636319 -0.00550995 0.0584866 -0.237955  -9.80633 15.9818
  178.097 -0.794394   168.666  0.32439 -1.57176 0.575472   -162.5 -3.40416  176.999  -0.10304 0.0200071 -0.101756 -0.0270041 -0.0885709 0.00730834    0.00820853    0.0120521 -0.000978656 -0.00154695 -0.00636376 -0.00548601 0.0584844 -0.237955  -9.80629 15.9827
  178.089 -0.658136   168.688 0.323888  -1.5749 0.576521 -162.514 -3.40021      177 -0.103042 0.0200118 -0.101759 -0.0246008   -0.10697  0.0229449    0.00820075    0.0121076 -0.000964145 -0.00154565 -0.00635832 -0.00545819 0.0584838 -0.237958  -9.80623 15.986
  178.352 -0.709125    168.64 0.324039 -1.57625  0.57841 -162.488 -3.39103  176.996 -0.103042 0.0200047 -0.101769 -0.0213465  -0.103617  0.0289922   0.00799518   0.0120447 -0.00100031 -0.00154294 -0.00637017 -0.00542035 0.0584935 -0.237955  -9.80617 15.9883
  178.434 -0.763246   168.685 0.323458  -1.5747  0.58098 -162.396 -3.39916  176.988 -0.103048 0.0199827 -0.101793 -0.0204787 -0.0661795  0.0324808    0.00792518    0.0119528 -0.000968512 -0.00155152 -0.00640588 -0.00538902 0.0585025 -0.237942  -9.80613 15.9914
  178.493 -0.754555   168.704 0.323348 -1.57126  0.58176 -162.339 -3.40783  176.983 -0.103055 0.0199688 -0.101811 -0.0209345 -0.0384858  0.0366905  0.00787745  0.0119584 -0.0009541 -0.00155887 -0.00642743 -0.00537427 0.0585052 -0.237934  -9.80611 15.9949
   178.46 -0.695492   168.533 0.323017 -1.57232 0.581827  -162.34 -3.40355  176.983 -0.103055 0.0199726 -0.101811  -0.0253578  -0.0375503 0.000814355   0.00789181   0.0119916 -0.00103529 -0.00155588   -0.006427 -0.00538827 0.0585076 -0.237934  -9.80614 15.996
  178.255 -0.639035   168.514 0.323271  -1.5727 0.582111 -162.337 -3.39438  176.982 -0.103055 0.0199773 -0.101813 -0.0252625 -0.0362274 -0.0158191   0.00807825   0.0120412 -0.00105392 -0.00155154 -0.00642901 -0.00537631 0.0585132 -0.237935  -9.80612 15.9966
 178.436 -0.70115  168.496 0.323417 -1.57039 0.582342 -162.282  -3.3867  176.975 -0.103041 0.0199699 -0.101822 -0.0237346 -0.0132879 -0.0313866   0.00788765   0.0119682 -0.00106488 -0.00155015 -0.00645302 -0.00534701 0.0585268 -0.237925  -9.80607 15.9989
  178.619 -0.752302   168.526 0.324027 -1.57016  0.58162 -162.266 -3.36726   176.97 -0.103038 0.0199727 -0.101832 -0.0186598 -0.0162073 -0.0431802   0.00773622   0.0119128 -0.00103286 -0.00153988 -0.00646164 -0.00533252 0.0585422 -0.237922  -9.80605 15.9999
  178.354 -0.732183   168.597 0.323785 -1.57045 0.581829 -162.267 -3.36718   176.97 -0.103037 0.0199741 -0.101833 -0.0187688 -0.0257897 -0.0293241    0.00795686    0.0119371 -0.000973847 -0.00154086 -0.00646159 -0.00531254 0.0585417 -0.237922  -9.80601 16.0003
  178.446 -0.734833   168.638 0.323936 -1.57131 0.580999 -162.273 -3.36104   176.97 -0.103036 0.0199761 -0.101834 -0.0186535 -0.0336937 -0.0410442    0.00785041    0.0119325 -0.000926226  -0.0015364 -0.00645875 -0.00532445 0.0585448 -0.237925  -9.80603 16.0015
  178.335 -0.701705   168.507 0.324066 -1.57223  0.58028 -162.278 -3.35477   176.97 -0.103036 0.0199793 -0.101836 -0.0176236 -0.0415694 -0.0459553  0.00794222   0.011956 -0.0010339 -0.00153226 -0.00645695  -0.0053269 0.0585484 -0.237927  -9.80604 16.0027
  178.443 -0.808275   168.483 0.324892 -1.56945 0.581172 -162.221 -3.34607  176.962 -0.103026 0.0199708 -0.101839 -0.00869586  -0.0232344  -0.0271007    0.0078119   0.0118296 -0.00105965 -0.00153084 -0.00648474 -0.00528479 0.0585645  -0.23791  -9.80597 16.0057
  178.501 -0.837184   168.547 0.326845 -1.56777 0.581837 -162.179 -3.32159  176.953 -0.103021  0.019963 -0.101848  0.00793837  -0.0184101 -0.00762338    0.00746547    0.0115504 -0.000663089  -0.0015195 -0.00650658 -0.00524586 0.0585881   -0.2379  -9.80591 16.0084
 178.518 -0.85996  168.545 0.328059 -1.56614 0.582759 -162.155 -3.30891  176.949 -0.103018 0.0199581 -0.101854     0.01675 -0.00633785   -0.001769  0.00747053  0.0114375 -0.0007107 -0.00151379 -0.00651907 -0.00522404 0.0586008 -0.237893  -9.80588 16.0106
 178.527 -0.87047  168.544 0.328821   -1.565 0.583516 -162.139 -3.30107  176.946 -0.103015 0.0199543 -0.101857  0.0222528 0.00203306 0.00318934    0.00748073    0.0113833 -0.000735594 -0.00151066 -0.00652767 -0.00520553 0.0586087 -0.237889  -9.80585 16.0122
  178.556 -0.696258   168.666 0.330175 -1.56528 0.585229 -162.134 -3.29809  176.945 -0.103018 0.0199555 -0.101858  0.0363807 -0.0283504  0.0816537   0.00745742   0.0114141 -0.00069582 -0.00150912 -0.00652993 -0.00520432 0.0586114 -0.237888  -9.80584 16.0144
  178.496 -0.717263   168.601 0.331036 -1.56464 0.586806 -162.112 -3.30172  176.943  -0.10302 0.0199556 -0.101854 0.0343365 -0.022167 0.0711639    0.00748596    0.0113746 -0.000729059 -0.00151096  -0.0065386 -0.00522347  0.058613 -0.237883  -9.80588 16.0163
  178.616 -0.730945   168.563 0.331859 -1.56188  0.59035 -162.061 -3.31386   176.94  -0.10302 0.0199549 -0.101859   0.0389423 -0.00482752    0.112972    0.00741274    0.0113108 -0.000738461  -0.0015192  -0.0065572 -0.00521573  0.058614 -0.237876  -9.80588 16.0208
  178.644 -0.730404   168.581 0.331307  -1.5596 0.590698 -162.031 -3.32458  176.939 -0.103022 0.0199536 -0.101862 0.0349959 0.0151604   0.11519    0.00740321    0.0113044 -0.000722631 -0.00152611 -0.00656794 -0.00520872 0.0586126 -0.237872  -9.80587 16.0232
  178.814 -0.507329   168.636 0.332609 -1.55969 0.593811 -162.035 -3.31922  176.939 -0.103021 0.0199544  -0.10186  0.0382831 0.00101256   0.124898    0.00732915    0.0113797 -0.000697909  -0.0015233 -0.00656689 -0.00521117 0.0586145 -0.237873  -9.80588 16.0266
  178.626 -0.618106   168.703 0.332078 -1.55849 0.594167 -162.021 -3.33371  176.939 -0.103022 0.0199515 -0.101855 0.0274257 0.0125661  0.103383     0.0074962     0.011259 -0.000639126 -0.00152966 -0.00657028 -0.00524106 0.0586094 -0.237872  -9.80593 16.0279
  178.621 -0.730403   168.577 0.332531 -1.55821 0.595824 -162.021 -3.33566  176.939 -0.103023 0.0199498 -0.101852  0.0188984 0.00813617   0.071553     0.0074937    0.0112128 -0.000687314 -0.00152999 -0.00657001 -0.00525731 0.0586084 -0.237871  -9.80596 16.0297
   178.56 -0.731077   168.531 0.332161 -1.55696 0.597108  -162.01 -3.34678   176.94 -0.103021 0.0199436 -0.101844 0.00496912 0.00792033  0.0436902    0.00751315    0.0112124 -0.000705417 -0.00153484 -0.00657265 -0.00527613  0.058605 -0.237871    -9.806 16.0315
  178.563 -0.737884   168.531 0.331704 -1.55605 0.596623 -162.001  -3.3527   176.94  -0.10302 0.0199403 -0.101839 0.00124452  0.0164027  0.0391003    0.00750699    0.0112114 -0.000704858 -0.00153752 -0.00657512 -0.00528667 0.0586035 -0.237871  -9.80602 16.0326
  178.872 -0.464168   168.663 0.332112 -1.55666 0.597513 -162.008 -3.34847   176.94 -0.103017 0.0199415 -0.101834 0.00854106  -0.011138  0.0698821    0.00739675    0.0112953 -0.000657281 -0.00153502 -0.00657286 -0.00529558 0.0586043 -0.237871  -9.80603 16.0338
